,WALCL,DFF,WTREGEN,RRPONTSYD
1954-07-01,,0.8,,
1954-08-01,,1.22,,
1954-09-01,,1.07,,
1954-10-01,,0.85,,
1954-11-01,,0.83,,
1954-12-01,,1.28,,
1955-01-01,,1.39,,
1955-02-01,,1.29,,
1955-03-01,,1.35,,
1955-04-01,,1.43,,
1955-05-01,,1.43,,
1955-06-01,,1.64,,
1955-07-01,,1.68,,
1955-08-01,,1.96,,
1955-09-01,,2.18,,
1955-10-01,,2.24,,
1955-11-01,,2.35,,
1955-12-01,,2.48,,
1956-01-01,,2.45,,
1956-02-01,,2.5,,
1956-03-01,,2.5,,
1956-04-01,,2.62,,
1956-05-01,,2.75,,
1956-06-01,,2.71,,
1956-07-01,,2.75,,
1956-08-01,,2.73,,
1956-09-01,,2.95,,
1956-10-01,,2.96,,
1956-11-01,,2.88,,
1956-12-01,,2.94,,
1957-01-01,,2.84,,
1957-02-01,,3.0,,
1957-03-01,,2.96,,
1957-04-01,,3.0,,
1957-05-01,,3.0,,
1957-06-01,,3.0,,
1957-07-01,,2.99,,
1957-08-01,,3.24,,
1957-09-01,,3.47,,
1957-10-01,,3.5,,
1957-11-01,,3.28,,
1957-12-01,,2.98,,
1958-01-01,,2.72,,
1958-02-01,,1.67,,
1958-03-01,,1.2,,
1958-04-01,,1.26,,
1958-05-01,,0.63,,
1958-06-01,,0.93,,
1958-07-01,,0.68,,
1958-08-01,,1.53,,
1958-09-01,,1.76,,
1958-10-01,,1.8,,
1958-11-01,,2.27,,
1958-12-01,,2.42,,
1959-01-01,,2.48,,
1959-02-01,,2.43,,
1959-03-01,,2.8,,
1959-04-01,,2.96,,
1959-05-01,,2.9,,
1959-06-01,,3.39,,
1959-07-01,,3.47,,
1959-08-01,,3.5,,
1959-09-01,,3.76,,
1959-10-01,,3.98,,
1959-11-01,,4.0,,
1959-12-01,,3.99,,
1960-01-01,,3.99,,
1960-02-01,,3.97,,
1960-03-01,,3.84,,
1960-04-01,,3.92,,
1960-05-01,,3.85,,
1960-06-01,,3.32,,
1960-07-01,,3.23,,
1960-08-01,,2.98,,
1960-09-01,,2.6,,
1960-10-01,,2.47,,
1960-11-01,,2.44,,
1960-12-01,,1.98,,
1961-01-01,,1.45,,
1961-02-01,,2.54,,
1961-03-01,,2.02,,
1961-04-01,,1.49,,
1961-05-01,,1.98,,
1961-06-01,,1.73,,
1961-07-01,,1.17,,
1961-08-01,,2.0,,
1961-09-01,,1.88,,
1961-10-01,,2.26,,
1961-11-01,,2.61,,
1961-12-01,,2.33,,
1962-01-01,,2.15,,
1962-02-01,,2.37,,
1962-03-01,,2.85,,
1962-04-01,,2.78,,
1962-05-01,,2.36,,
1962-06-01,,2.68,,
1962-07-01,,2.71,,
1962-08-01,,2.93,,
1962-09-01,,2.9,,
1962-10-01,,2.9,,
1962-11-01,,2.94,,
1962-12-01,,2.93,,
1963-01-01,,2.92,,
1963-02-01,,3.0,,
1963-03-01,,2.98,,
1963-04-01,,2.9,,
1963-05-01,,3.0,,
1963-06-01,,2.99,,
1963-07-01,,3.02,,
1963-08-01,,3.49,,
1963-09-01,,3.48,,
1963-10-01,,3.5,,
1963-11-01,,3.48,,
1963-12-01,,3.38,,
1964-01-01,,3.48,,
1964-02-01,,3.48,,
1964-03-01,,3.43,,
1964-04-01,,3.47,,
1964-05-01,,3.5,,
1964-06-01,,3.5,,
1964-07-01,,3.42,,
1964-08-01,,3.5,,
1964-09-01,,3.45,,
1964-10-01,,3.36,,
1964-11-01,,3.52,,
1964-12-01,,3.85,,
1965-01-01,,3.9,,
1965-02-01,,3.98,,
1965-03-01,,4.05,,
1965-04-01,,4.09,,
1965-05-01,,4.1,,
1965-06-01,,4.05,,
1965-07-01,,4.09,,
1965-08-01,,4.12,,
1965-09-01,,4.02,,
1965-10-01,,4.08,,
1965-11-01,,4.1,,
1965-12-01,,4.32,,
1966-01-01,,4.42,,
1966-02-01,,4.6,,
1966-03-01,,4.66,,
1966-04-01,,4.67,,
1966-05-01,,4.9,,
1966-06-01,,5.17,,
1966-07-01,,5.3,,
1966-08-01,,5.53,,
1966-09-01,,5.4,,
1966-10-01,,5.53,,
1966-11-01,,5.76,,
1966-12-01,,5.4,,
1967-01-01,,4.94,,
1967-02-01,,5.0,,
1967-03-01,,4.53,,
1967-04-01,,4.05,,
1967-05-01,,3.94,,
1967-06-01,,3.98,,
1967-07-01,,3.79,,
1967-08-01,,3.9,,
1967-09-01,,3.99,,
1967-10-01,,3.88,,
1967-11-01,,4.13,,
1967-12-01,,4.51,,
1968-01-01,,4.61,,
1968-02-01,,4.71,,
1968-03-01,,5.05,,
1968-04-01,,5.76,,
1968-05-01,,6.12,,
1968-06-01,,6.07,,
1968-07-01,,6.03,,
1968-08-01,,6.03,,
1968-09-01,,5.78,,
1968-10-01,,5.91,,
1968-11-01,,5.82,,
1968-12-01,,6.02,,
1969-01-01,,6.3,,
1969-02-01,,6.61,,
1969-03-01,,6.79,,
1969-04-01,,7.41,,
1969-05-01,,8.67,,
1969-06-01,,8.9,,
1969-07-01,,8.61,,
1969-08-01,,9.19,,
1969-09-01,,9.15,,
1969-10-01,,9.0,,
1969-11-01,,8.85,,
1969-12-01,,8.97,,
1970-01-01,,8.98,,
1970-02-01,,8.98,,
1970-03-01,,7.76,,
1970-04-01,,8.1,,
1970-05-01,,7.95,,
1970-06-01,,7.61,,
1970-07-01,,7.21,,
1970-08-01,,6.62,,
1970-09-01,,6.29,,
1970-10-01,,6.2,,
1970-11-01,,5.6,,
1970-12-01,,4.9,,
1971-01-01,,4.14,,
1971-02-01,,3.72,,
1971-03-01,,3.71,,
1971-04-01,,4.16,,
1971-05-01,,4.63,,
1971-06-01,,4.91,,
1971-07-01,,5.31,,
1971-08-01,,5.57,,
1971-09-01,,5.55,,
1971-10-01,,5.2,,
1971-11-01,,4.91,,
1971-12-01,,4.14,,
1972-01-01,,3.51,,
1972-02-01,,3.3,,
1972-03-01,,3.83,,
1972-04-01,,4.17,,
1972-05-01,,4.27,,
1972-06-01,,4.46,,
1972-07-01,,4.55,,
1972-08-01,,4.81,,
1972-09-01,,4.87,,
1972-10-01,,5.05,,
1972-11-01,,5.06,,
1972-12-01,,5.33,,
1973-01-01,,5.94,,
1973-02-01,,6.58,,
1973-03-01,,7.09,,
1973-04-01,,7.12,,
1973-05-01,,7.84,,
1973-06-01,,8.49,,
1973-07-01,,10.4,,
1973-08-01,,10.5,,
1973-09-01,,10.78,,
1973-10-01,,10.01,,
1973-11-01,,10.03,,
1973-12-01,,9.95,,
1974-01-01,,9.65,,
1974-02-01,,8.97,,
1974-03-01,,9.35,,
1974-04-01,,10.51,,
1974-05-01,,11.31,,
1974-06-01,,11.93,,
1974-07-01,,12.92,,
1974-08-01,,12.01,,
1974-09-01,,11.34,,
1974-10-01,,10.06,,
1974-11-01,,9.45,,
1974-12-01,,8.53,,
1975-01-01,,7.13,,
1975-02-01,,6.24,,
1975-03-01,,5.54,,
1975-04-01,,5.49,,
1975-05-01,,5.22,,
1975-06-01,,5.55,,
1975-07-01,,6.1,,
1975-08-01,,6.14,,
1975-09-01,,6.24,,
1975-10-01,,5.82,,
1975-11-01,,5.22,,
1975-12-01,,5.2,,
1976-01-01,,4.87,,
1976-02-01,,4.77,,
1976-03-01,,4.84,,
1976-04-01,,4.82,,
1976-05-01,,5.29,,
1976-06-01,,5.48,,
1976-07-01,,5.31,,
1976-08-01,,5.29,,
1976-09-01,,5.25,,
1976-10-01,,5.02,,
1976-11-01,,4.95,,
1976-12-01,,4.65,,
1977-01-01,,4.61,,
1977-02-01,,4.68,,
1977-03-01,,4.69,,
1977-04-01,,4.73,,
1977-05-01,,5.35,,
1977-06-01,,5.39,,
1977-07-01,,5.42,,
1977-08-01,,5.9,,
1977-09-01,,6.14,,
1977-10-01,,6.47,,
1977-11-01,,6.51,,
1977-12-01,,6.56,,
1978-01-01,,6.7,,
1978-02-01,,6.78,,
1978-03-01,,6.79,,
1978-04-01,,6.89,,
1978-05-01,,7.36,,
1978-06-01,,7.6,,
1978-07-01,,7.81,,
1978-08-01,,8.04,,
1978-09-01,,8.45,,
1978-10-01,,8.96,,
1978-11-01,,9.76,,
1978-12-01,,10.03,,
1979-01-01,,10.07,,
1979-02-01,,10.06,,
1979-03-01,,10.09,,
1979-04-01,,10.01,,
1979-05-01,,10.24,,
1979-06-01,,10.29,,
1979-07-01,,10.47,,
1979-08-01,,10.94,,
1979-09-01,,11.43,,
1979-10-01,,13.77,,
1979-11-01,,13.18,,
1979-12-01,,13.78,,
1980-01-01,,13.82,,
1980-02-01,,14.13,,
1980-03-01,,17.19,,
1980-04-01,,17.61,,
1980-05-01,,10.98,,
1980-06-01,,9.47,,
1980-07-01,,9.03,,
1980-08-01,,9.61,,
1980-09-01,,10.87,,
1980-10-01,,12.81,,
1980-11-01,,15.85,,
1980-12-01,,18.9,,
1981-01-01,,19.08,,
1981-02-01,,15.93,,
1981-03-01,,14.7,,
1981-04-01,,15.72,,
1981-05-01,,18.52,,
1981-06-01,,19.1,,
1981-07-01,,19.04,,
1981-08-01,,17.82,,
1981-09-01,,15.87,,
1981-10-01,,15.08,,
1981-11-01,,13.31,,
1981-12-01,,12.37,,
1982-01-01,,13.22,,
1982-02-01,,14.78,,
1982-03-01,,14.68,,
1982-04-01,,14.94,,
1982-05-01,,14.45,,
1982-06-01,,14.15,,
1982-07-01,,12.59,,
1982-08-01,,10.12,,
1982-09-01,,10.31,,
1982-10-01,,9.71,,
1982-11-01,,9.2,,
1982-12-01,,8.95,,
1983-01-01,,8.68,,
1983-02-01,,8.51,,
1983-03-01,,8.77,,
1983-04-01,,8.8,,
1983-05-01,,8.63,,
1983-06-01,,8.98,,
1983-07-01,,9.37,,
1983-08-01,,9.56,,
1983-09-01,,9.45,,
1983-10-01,,9.48,,
1983-11-01,,9.34,,
1983-12-01,,9.47,,
1984-01-01,,9.56,,
1984-02-01,,9.59,,
1984-03-01,,9.91,,
1984-04-01,,10.29,,
1984-05-01,,10.32,,
1984-06-01,,11.06,,
1984-07-01,,11.23,,
1984-08-01,,11.64,,
1984-09-01,,11.3,,
1984-10-01,,9.99,,
1984-11-01,,9.43,,
1984-12-01,,8.38,,
1985-01-01,,8.35,,
1985-02-01,,8.5,,
1985-03-01,,8.58,,
1985-04-01,,8.27,,
1985-05-01,,7.97,,
1985-06-01,,7.53,,
1985-07-01,,7.88,,
1985-08-01,,7.9,,
1985-09-01,,7.92,,
1985-10-01,,7.99,,
1985-11-01,,8.05,,
1985-12-01,,8.27,,
1986-01-01,,8.14,,
1986-01-08,,,,
1986-01-15,,,,
1986-01-22,,,,
1986-01-29,,,,
1986-02-01,,7.86,,
1986-02-05,,,,
1986-02-12,,,,
1986-02-19,,,,
1986-02-26,,,,
1986-03-01,,7.48,,
1986-03-05,,,,
1986-03-12,,,,
1986-03-19,,,,
1986-03-26,,,,
1986-04-01,,6.99,,
1986-04-02,,,,
1986-04-09,,,,
1986-04-16,,,,
1986-04-23,,,,
1986-04-30,,,,
1986-05-01,,6.85,,
1986-05-07,,,,
1986-05-14,,,,
1986-05-21,,,,
1986-05-28,,,,
1986-06-01,,6.92,,
1986-06-04,,,,
1986-06-11,,,,
1986-06-18,,,,
1986-06-25,,,,
1986-07-01,,6.56,,
1986-07-02,,,,
1986-07-09,,,,
1986-07-16,,,,
1986-07-23,,,,
1986-07-30,,,,
1986-08-01,,6.17,,
1986-08-06,,,,
1986-08-13,,,,
1986-08-20,,,,
1986-08-27,,,,
1986-09-01,,5.89,,
1986-09-03,,,,
1986-09-10,,,,
1986-09-17,,,,
1986-09-24,,,,
1986-10-01,,5.85,,
1986-10-08,,,,
1986-10-15,,,,
1986-10-22,,,,
1986-10-29,,,,
1986-11-01,,6.04,,
1986-11-05,,,,
1986-11-12,,,,
1986-11-19,,,,
1986-11-26,,,,
1986-12-01,,6.91,,
1986-12-03,,,,
1986-12-10,,,,
1986-12-17,,,,
1986-12-24,,,,
1986-12-31,,,,
1987-01-01,,6.43,,
1987-01-07,,,,
1987-01-14,,,,
1987-01-21,,,,
1987-01-28,,,,
1987-02-01,,6.1,,
1987-02-04,,,,
1987-02-11,,,,
1987-02-18,,,,
1987-02-25,,,,
1987-03-01,,6.13,,
1987-03-04,,,,
1987-03-11,,,,
1987-03-18,,,,
1987-03-25,,,,
1987-04-01,,6.37,,
1987-04-08,,,,
1987-04-15,,,,
1987-04-22,,,,
1987-04-29,,,,
1987-05-01,,6.85,,
1987-05-06,,,,
1987-05-13,,,,
1987-05-20,,,,
1987-05-27,,,,
1987-06-01,,6.73,,
1987-06-03,,,,
1987-06-10,,,,
1987-06-17,,,,
1987-06-24,,,,
1987-07-01,,6.58,,
1987-07-08,,,,
1987-07-15,,,,
1987-07-22,,,,
1987-07-29,,,,
1987-08-01,,6.73,,
1987-08-05,,,,
1987-08-12,,,,
1987-08-19,,,,
1987-08-26,,,,
1987-09-01,,7.22,,
1987-09-02,,,,
1987-09-09,,,,
1987-09-16,,,,
1987-09-23,,,,
1987-09-30,,,,
1987-10-01,,7.29,,
1987-10-07,,,,
1987-10-14,,,,
1987-10-21,,,,
1987-10-28,,,,
1987-11-01,,6.69,,
1987-11-04,,,,
1987-11-11,,,,
1987-11-18,,,,
1987-11-25,,,,
1987-12-01,,6.77,,
1987-12-02,,,,
1987-12-09,,,,
1987-12-16,,,,
1987-12-23,,,,
1987-12-30,,,,
1988-01-01,,6.83,,
1988-01-06,,,,
1988-01-13,,,,
1988-01-20,,,,
1988-01-27,,,,
1988-02-01,,6.58,,
1988-02-03,,,,
1988-02-10,,,,
1988-02-17,,,,
1988-02-24,,,,
1988-03-01,,6.58,,
1988-03-02,,,,
1988-03-09,,,,
1988-03-16,,,,
1988-03-23,,,,
1988-03-30,,,,
1988-04-01,,6.87,,
1988-04-06,,,,
1988-04-13,,,,
1988-04-20,,,,
1988-04-27,,,,
1988-05-01,,7.09,,
1988-05-04,,,,
1988-05-11,,,,
1988-05-18,,,,
1988-05-25,,,,
1988-06-01,,7.51,,
1988-06-08,,,,
1988-06-15,,,,
1988-06-22,,,,
1988-06-29,,,,
1988-07-01,,7.75,,
1988-07-06,,,,
1988-07-13,,,,
1988-07-20,,,,
1988-07-27,,,,
1988-08-01,,8.01,,
1988-08-03,,,,
1988-08-10,,,,
1988-08-17,,,,
1988-08-24,,,,
1988-08-31,,,,
1988-09-01,,8.19,,
1988-09-07,,,,
1988-09-14,,,,
1988-09-21,,,,
1988-09-28,,,,
1988-10-01,,8.3,,
1988-10-05,,,,
1988-10-12,,,,
1988-10-19,,,,
1988-10-26,,,,
1988-11-01,,8.35,,
1988-11-02,,,,
1988-11-09,,,,
1988-11-16,,,,
1988-11-23,,,,
1988-11-30,,,,
1988-12-01,,8.76,,
1988-12-07,,,,
1988-12-14,,,,
1988-12-21,,,,
1988-12-28,,,,
1989-01-01,,9.12,,
1989-01-04,,,,
1989-01-11,,,,
1989-01-18,,,,
1989-01-25,,,,
1989-02-01,,9.36,,
1989-02-08,,,,
1989-02-15,,,,
1989-02-22,,,,
1989-03-01,,9.85,,
1989-03-08,,,,
1989-03-15,,,,
1989-03-22,,,,
1989-03-29,,,,
1989-04-01,,9.84,,
1989-04-05,,,,
1989-04-12,,,,
1989-04-19,,,,
1989-04-26,,,,
1989-05-01,,9.81,,
1989-05-03,,,,
1989-05-10,,,,
1989-05-17,,,,
1989-05-24,,,,
1989-05-31,,,,
1989-06-01,,9.53,,
1989-06-07,,,,
1989-06-14,,,,
1989-06-21,,,,
1989-06-28,,,,
1989-07-01,,9.24,,
1989-07-05,,,,
1989-07-12,,,,
1989-07-19,,,,
1989-07-26,,,,
1989-08-01,,8.99,,
1989-08-02,,,,
1989-08-09,,,,
1989-08-16,,,,
1989-08-23,,,,
1989-08-30,,,,
1989-09-01,,9.02,,
1989-09-06,,,,
1989-09-13,,,,
1989-09-20,,,,
1989-09-27,,,,
1989-10-01,,8.84,,
1989-10-04,,,,
1989-10-11,,,,
1989-10-18,,,,
1989-10-25,,,,
1989-11-01,,8.55,,
1989-11-08,,,,
1989-11-15,,,,
1989-11-22,,,,
1989-11-29,,,,
1989-12-01,,8.45,,
1989-12-06,,,,
1989-12-13,,,,
1989-12-20,,,,
1989-12-27,,,,
1990-01-01,,8.23,,
1990-01-03,,,,
1990-01-10,,,,
1990-01-17,,,,
1990-01-24,,,,
1990-01-31,,,,
1990-02-01,,8.24,,
1990-02-07,,,,
1990-02-14,,,,
1990-02-21,,,,
1990-02-28,,,,
1990-03-01,,8.28,,
1990-03-07,,,,
1990-03-14,,,,
1990-03-21,,,,
1990-03-28,,,,
1990-04-01,,8.26,,
1990-04-04,,,,
1990-04-11,,,,
1990-04-18,,,,
1990-04-25,,,,
1990-05-01,,8.18,,
1990-05-02,,,,
1990-05-09,,,,
1990-05-16,,,,
1990-05-23,,,,
1990-05-30,,,,
1990-06-01,,8.29,,
1990-06-06,,,,
1990-06-13,,,,
1990-06-20,,,,
1990-06-27,,,,
1990-07-01,,8.15,,
1990-07-04,,,,
1990-07-11,,,,
1990-07-18,,,,
1990-07-25,,,,
1990-08-01,,8.13,,
1990-08-08,,,,
1990-08-15,,,,
1990-08-22,,,,
1990-08-29,,,,
1990-09-01,,8.2,,
1990-09-05,,,,
1990-09-12,,,,
1990-09-19,,,,
1990-09-26,,,,
1990-10-01,,8.11,,
1990-10-03,,,,
1990-10-10,,,,
1990-10-17,,,,
1990-10-24,,,,
1990-10-31,,,,
1990-11-01,,7.81,,
1990-11-07,,,,
1990-11-14,,,,
1990-11-21,,,,
1990-11-28,,,,
1990-12-01,,7.31,,
1990-12-05,,,,
1990-12-12,,,,
1990-12-19,,,,
1990-12-26,,,,
1991-01-01,,6.91,,
1991-01-02,,,,
1991-01-09,,,,
1991-01-16,,,,
1991-01-23,,,,
1991-01-30,,,,
1991-02-01,,6.25,,
1991-02-06,,,,
1991-02-13,,,,
1991-02-20,,,,
1991-02-27,,,,
1991-03-01,,6.12,,
1991-03-06,,,,
1991-03-13,,,,
1991-03-20,,,,
1991-03-27,,,,
1991-04-01,,5.91,,
1991-04-03,,,,
1991-04-10,,,,
1991-04-17,,,,
1991-04-24,,,,
1991-05-01,,5.78,,
1991-05-08,,,,
1991-05-15,,,,
1991-05-22,,,,
1991-05-29,,,,
1991-06-01,,5.9,,
1991-06-05,,,,
1991-06-12,,,,
1991-06-19,,,,
1991-06-26,,,,
1991-07-01,,5.82,,
1991-07-03,,,,
1991-07-10,,,,
1991-07-17,,,,
1991-07-24,,,,
1991-07-31,,,,
1991-08-01,,5.66,,
1991-08-07,,,,
1991-08-14,,,,
1991-08-21,,,,
1991-08-28,,,,
1991-09-01,,5.45,,
1991-09-04,,,,
1991-09-11,,,,
1991-09-18,,,,
1991-09-25,,,,
1991-10-01,,5.21,,
1991-10-02,,,,
1991-10-09,,,,
1991-10-16,,,,
1991-10-23,,,,
1991-10-30,,,,
1991-11-01,,4.81,,
1991-11-06,,,,
1991-11-13,,,,
1991-11-20,,,,
1991-11-27,,,,
1991-12-01,,4.43,,
1991-12-04,,,,
1991-12-11,,,,
1991-12-18,,,,
1991-12-25,,,,
1992-01-01,,4.03,,
1992-01-08,,,,
1992-01-15,,,,
1992-01-22,,,,
1992-01-29,,,,
1992-02-01,,4.06,,
1992-02-05,,,,
1992-02-12,,,,
1992-02-19,,,,
1992-02-26,,,,
1992-03-01,,3.98,,
1992-03-04,,,,
1992-03-11,,,,
1992-03-18,,,,
1992-03-25,,,,
1992-04-01,,3.73,,
1992-04-08,,,,
1992-04-15,,,,
1992-04-22,,,,
1992-04-29,,,,
1992-05-01,,3.82,,
1992-05-06,,,,
1992-05-13,,,,
1992-05-20,,,,
1992-05-27,,,,
1992-06-01,,3.76,,
1992-06-03,,,,
1992-06-10,,,,
1992-06-17,,,,
1992-06-24,,,,
1992-07-01,,3.25,,
1992-07-08,,,,
1992-07-15,,,,
1992-07-22,,,,
1992-07-29,,,,
1992-08-01,,3.3,,
1992-08-05,,,,
1992-08-12,,,,
1992-08-19,,,,
1992-08-26,,,,
1992-09-01,,3.22,,
1992-09-02,,,,
1992-09-09,,,,
1992-09-16,,,,
1992-09-23,,,,
1992-09-30,,,,
1992-10-01,,3.1,,
1992-10-07,,,,
1992-10-14,,,,
1992-10-21,,,,
1992-10-28,,,,
1992-11-01,,3.09,,
1992-11-04,,,,
1992-11-11,,,,
1992-11-18,,,,
1992-11-25,,,,
1992-12-01,,2.92,,
1992-12-02,,,,
1992-12-09,,,,
1992-12-16,,,,
1992-12-23,,,,
1992-12-30,,,,
1993-01-01,,3.02,,
1993-01-06,,,,
1993-01-13,,,,
1993-01-20,,,,
1993-01-27,,,,
1993-02-01,,3.03,,
1993-02-03,,,,
1993-02-10,,,,
1993-02-17,,,,
1993-02-24,,,,
1993-03-01,,3.07,,
1993-03-03,,,,
1993-03-10,,,,
1993-03-17,,,,
1993-03-24,,,,
1993-03-31,,,,
1993-04-01,,2.96,,
1993-04-07,,,,
1993-04-14,,,,
1993-04-21,,,,
1993-04-28,,,,
1993-05-01,,3.0,,
1993-05-05,,,,
1993-05-12,,,,
1993-05-19,,,,
1993-05-26,,,,
1993-06-01,,3.04,,
1993-06-02,,,,
1993-06-09,,,,
1993-06-16,,,,
1993-06-23,,,,
1993-06-30,,,,
1993-07-01,,3.06,,
1993-07-07,,,,
1993-07-14,,,,
1993-07-21,,,,
1993-07-28,,,,
1993-08-01,,3.03,,
1993-08-04,,,,
1993-08-11,,,,
1993-08-18,,,,
1993-08-25,,,,
1993-09-01,,3.09,,
1993-09-08,,,,
1993-09-15,,,,
1993-09-22,,,,
1993-09-29,,,,
1993-10-01,,2.99,,
1993-10-06,,,,
1993-10-13,,,,
1993-10-20,,,,
1993-10-27,,,,
1993-11-01,,3.02,,
1993-11-03,,,,
1993-11-10,,,,
1993-11-17,,,,
1993-11-24,,,,
1993-12-01,,2.96,,
1993-12-08,,,,
1993-12-15,,,,
1993-12-22,,,,
1993-12-29,,,,
1994-01-01,,3.05,,
1994-01-05,,,,
1994-01-12,,,,
1994-01-19,,,,
1994-01-26,,,,
1994-02-01,,3.25,,
1994-02-02,,,,
1994-02-09,,,,
1994-02-16,,,,
1994-02-23,,,,
1994-03-01,,3.34,,
1994-03-02,,,,
1994-03-09,,,,
1994-03-16,,,,
1994-03-23,,,,
1994-03-30,,,,
1994-04-01,,3.56,,
1994-04-06,,,,
1994-04-13,,,,
1994-04-20,,,,
1994-04-27,,,,
1994-05-01,,4.01,,
1994-05-04,,,,
1994-05-11,,,,
1994-05-18,,,,
1994-05-25,,,,
1994-06-01,,4.25,,
1994-06-08,,,,
1994-06-15,,,,
1994-06-22,,,,
1994-06-29,,,,
1994-07-01,,4.26,,
1994-07-06,,,,
1994-07-13,,,,
1994-07-20,,,,
1994-07-27,,,,
1994-08-01,,4.47,,
1994-08-03,,,,
1994-08-10,,,,
1994-08-17,,,,
1994-08-24,,,,
1994-08-31,,,,
1994-09-01,,4.73,,
1994-09-07,,,,
1994-09-14,,,,
1994-09-21,,,,
1994-09-28,,,,
1994-10-01,,4.76,,
1994-10-05,,,,
1994-10-12,,,,
1994-10-19,,,,
1994-10-26,,,,
1994-11-01,,5.29,,
1994-11-02,,,,
1994-11-09,,,,
1994-11-16,,,,
1994-11-23,,,,
1994-11-30,,,,
1994-12-01,,5.45,,
1994-12-07,,,,
1994-12-14,,,,
1994-12-21,,,,
1994-12-28,,,,
1995-01-01,,5.53,,
1995-01-04,,,,
1995-01-11,,,,
1995-01-18,,,,
1995-01-25,,,,
1995-02-01,,5.92,,
1995-02-08,,,,
1995-02-15,,,,
1995-02-22,,,,
1995-03-01,,5.98,,
1995-03-08,,,,
1995-03-15,,,,
1995-03-22,,,,
1995-03-29,,,,
1995-04-01,,6.05,,
1995-04-05,,,,
1995-04-12,,,,
1995-04-19,,,,
1995-04-26,,,,
1995-05-01,,6.01,,
1995-05-03,,,,
1995-05-10,,,,
1995-05-17,,,,
1995-05-24,,,,
1995-05-31,,,,
1995-06-01,,6.0,,
1995-06-07,,,,
1995-06-14,,,,
1995-06-21,,,,
1995-06-28,,,,
1995-07-01,,5.85,,
1995-07-05,,,,
1995-07-12,,,,
1995-07-19,,,,
1995-07-26,,,,
1995-08-01,,5.74,,
1995-08-02,,,,
1995-08-09,,,,
1995-08-16,,,,
1995-08-23,,,,
1995-08-30,,,,
1995-09-01,,5.8,,
1995-09-06,,,,
1995-09-13,,,,
1995-09-20,,,,
1995-09-27,,,,
1995-10-01,,5.76,,
1995-10-04,,,,
1995-10-11,,,,
1995-10-18,,,,
1995-10-25,,,,
1995-11-01,,5.8,,
1995-11-08,,,,
1995-11-15,,,,
1995-11-22,,,,
1995-11-29,,,,
1995-12-01,,5.6,,
1995-12-06,,,,
1995-12-13,,,,
1995-12-20,,,,
1995-12-27,,,,
1996-01-01,,5.56,,
1996-01-03,,,,
1996-01-10,,,,
1996-01-17,,,,
1996-01-24,,,,
1996-01-31,,,,
1996-02-01,,5.22,,
1996-02-07,,,,
1996-02-14,,,,
1996-02-21,,,,
1996-02-28,,,,
1996-03-01,,5.31,,
1996-03-06,,,,
1996-03-13,,,,
1996-03-20,,,,
1996-03-27,,,,
1996-04-01,,5.22,,
1996-04-03,,,,
1996-04-10,,,,
1996-04-17,,,,
1996-04-24,,,,
1996-05-01,,5.24,,
1996-05-08,,,,
1996-05-15,,,,
1996-05-22,,,,
1996-05-29,,,,
1996-06-01,,5.27,,
1996-06-05,,,,
1996-06-12,,,,
1996-06-19,,,,
1996-06-26,,,,
1996-07-01,,5.4,,
1996-07-03,,,,
1996-07-10,,,,
1996-07-17,,,,
1996-07-24,,,,
1996-07-31,,,,
1996-08-01,,5.22,,
1996-08-07,,,,
1996-08-14,,,,
1996-08-21,,,,
1996-08-28,,,,
1996-09-01,,5.3,,
1996-09-04,,,,
1996-09-11,,,,
1996-09-18,,,,
1996-09-25,,,,
1996-10-01,,5.24,,
1996-10-02,,,,
1996-10-09,,,,
1996-10-16,,,,
1996-10-23,,,,
1996-10-30,,,,
1996-11-01,,5.31,,
1996-11-06,,,,
1996-11-13,,,,
1996-11-20,,,,
1996-11-27,,,,
1996-12-01,,5.29,,
1996-12-04,,,,
1996-12-11,,,,
1996-12-18,,,,
1996-12-25,,,,
1997-01-01,,5.25,,
1997-01-08,,,,
1997-01-15,,,,
1997-01-22,,,,
1997-01-29,,,,
1997-02-01,,5.19,,
1997-02-05,,,,
1997-02-12,,,,
1997-02-19,,,,
1997-02-26,,,,
1997-03-01,,5.39,,
1997-03-05,,,,
1997-03-12,,,,
1997-03-19,,,,
1997-03-26,,,,
1997-04-01,,5.51,,
1997-04-02,,,,
1997-04-09,,,,
1997-04-16,,,,
1997-04-23,,,,
1997-04-30,,,,
1997-05-01,,5.5,,
1997-05-07,,,,
1997-05-14,,,,
1997-05-21,,,,
1997-05-28,,,,
1997-06-01,,5.56,,
1997-06-04,,,,
1997-06-11,,,,
1997-06-18,,,,
1997-06-25,,,,
1997-07-01,,5.52,,
1997-07-02,,,,
1997-07-09,,,,
1997-07-16,,,,
1997-07-23,,,,
1997-07-30,,,,
1997-08-01,,5.54,,
1997-08-06,,,,
1997-08-13,,,,
1997-08-20,,,,
1997-08-27,,,,
1997-09-01,,5.54,,
1997-09-03,,,,
1997-09-10,,,,
1997-09-17,,,,
1997-09-24,,,,
1997-10-01,,5.5,,
1997-10-08,,,,
1997-10-15,,,,
1997-10-22,,,,
1997-10-29,,,,
1997-11-01,,5.52,,
1997-11-05,,,,
1997-11-12,,,,
1997-11-19,,,,
1997-11-26,,,,
1997-12-01,,5.5,,
1997-12-03,,,,
1997-12-10,,,,
1997-12-17,,,,
1997-12-24,,,,
1997-12-31,,,,
1998-01-01,,5.56,,
1998-01-07,,,,
1998-01-14,,,,
1998-01-21,,,,
1998-01-28,,,,
1998-02-01,,5.51,,
1998-02-04,,,,
1998-02-11,,,,
1998-02-18,,,,
1998-02-25,,,,
1998-03-01,,5.49,,
1998-03-04,,,,
1998-03-11,,,,
1998-03-18,,,,
1998-03-25,,,,
1998-04-01,,5.45,,
1998-04-08,,,,
1998-04-15,,,,
1998-04-22,,,,
1998-04-29,,,,
1998-05-01,,5.49,,
1998-05-06,,,,
1998-05-13,,,,
1998-05-20,,,,
1998-05-27,,,,
1998-06-01,,5.56,,
1998-06-03,,,,
1998-06-10,,,,
1998-06-17,,,,
1998-06-24,,,,
1998-07-01,,5.54,,
1998-07-08,,,,
1998-07-15,,,,
1998-07-22,,,,
1998-07-29,,,,
1998-08-01,,5.55,,
1998-08-05,,,,
1998-08-12,,,,
1998-08-19,,,,
1998-08-26,,,,
1998-09-01,,5.51,,
1998-09-02,,,,
1998-09-09,,,,
1998-09-16,,,,
1998-09-23,,,,
1998-09-30,,,,
1998-10-01,,5.07,,
1998-10-07,,,,
1998-10-14,,,,
1998-10-21,,,,
1998-10-28,,,,
1998-11-01,,4.83,,
1998-11-04,,,,
1998-11-11,,,,
1998-11-18,,,,
1998-11-25,,,,
1998-12-01,,4.68,,
1998-12-02,,,,
1998-12-09,,,,
1998-12-16,,,,
1998-12-23,,,,
1998-12-30,,,,
1999-01-01,,4.63,,
1999-01-06,,,,
1999-01-13,,,,
1999-01-20,,,,
1999-01-27,,,,
1999-02-01,,4.76,,
1999-02-03,,,,
1999-02-10,,,,
1999-02-17,,,,
1999-02-24,,,,
1999-03-01,,4.81,,
1999-03-03,,,,
1999-03-10,,,,
1999-03-17,,,,
1999-03-24,,,,
1999-03-31,,,,
1999-04-01,,4.74,,
1999-04-07,,,,
1999-04-14,,,,
1999-04-21,,,,
1999-04-28,,,,
1999-05-01,,4.74,,
1999-05-05,,,,
1999-05-12,,,,
1999-05-19,,,,
1999-05-26,,,,
1999-06-01,,4.76,,
1999-06-02,,,,
1999-06-09,,,,
1999-06-16,,,,
1999-06-23,,,,
1999-06-30,,,,
1999-07-01,,4.99,,
1999-07-07,,,,
1999-07-14,,,,
1999-07-21,,,,
1999-07-28,,,,
1999-08-01,,5.07,,
1999-08-04,,,,
1999-08-11,,,,
1999-08-18,,,,
1999-08-25,,,,
1999-09-01,,5.22,,
1999-09-08,,,,
1999-09-15,,,,
1999-09-22,,,,
1999-09-29,,,,
1999-10-01,,5.2,,
1999-10-06,,,,
1999-10-13,,,,
1999-10-20,,,,
1999-10-27,,,,
1999-11-01,,5.42,,
1999-11-03,,,,
1999-11-10,,,,
1999-11-17,,,,
1999-11-24,,,,
1999-12-01,,5.3,,
1999-12-08,,,,
1999-12-15,,,,
1999-12-22,,,,
1999-12-29,,,,
2000-01-01,,5.45,,
2000-01-05,,,,
2000-01-12,,,,
2000-01-19,,,,
2000-01-26,,,,
2000-02-01,,5.73,,
2000-02-02,,,,
2000-02-09,,,,
2000-02-16,,,,
2000-02-23,,,,
2000-03-01,,5.85,,
2000-03-08,,,,
2000-03-15,,,,
2000-03-22,,,,
2000-03-29,,,,
2000-04-01,,6.02,,
2000-04-05,,,,
2000-04-12,,,,
2000-04-19,,,,
2000-04-26,,,,
2000-05-01,,6.27,,
2000-05-03,,,,
2000-05-10,,,,
2000-05-17,,,,
2000-05-24,,,,
2000-05-31,,,,
2000-06-01,,6.53,,
2000-06-07,,,,
2000-06-14,,,,
2000-06-21,,,,
2000-06-28,,,,
2000-07-01,,6.54,,
2000-07-05,,,,
2000-07-12,,,,
2000-07-19,,,,
2000-07-26,,,,
2000-08-01,,6.5,,
2000-08-02,,,,
2000-08-09,,,,
2000-08-16,,,,
2000-08-23,,,,
2000-08-30,,,,
2000-09-01,,6.52,,
2000-09-06,,,,
2000-09-13,,,,
2000-09-20,,,,
2000-09-27,,,,
2000-10-01,,6.51,,
2000-10-04,,,,
2000-10-11,,,,
2000-10-18,,,,
2000-10-25,,,,
2000-11-01,,6.51,,
2000-11-08,,,,
2000-11-15,,,,
2000-11-22,,,,
2000-11-29,,,,
2000-12-01,,6.4,,
2000-12-06,,,,
2000-12-13,,,,
2000-12-20,,,,
2000-12-27,,,,
2001-01-01,,5.98,,
2001-01-03,,,,
2001-01-10,,,,
2001-01-17,,,,
2001-01-24,,,,
2001-01-31,,,,
2001-02-01,,5.49,,
2001-02-07,,,,
2001-02-14,,,,
2001-02-21,,,,
2001-02-28,,,,
2001-03-01,,5.31,,
2001-03-07,,,,
2001-03-14,,,,
2001-03-21,,,,
2001-03-28,,,,
2001-04-01,,4.8,,
2001-04-04,,,,
2001-04-11,,,,
2001-04-18,,,,
2001-04-25,,,,
2001-05-01,,4.21,,
2001-05-02,,,,
2001-05-09,,,,
2001-05-16,,,,
2001-05-23,,,,
2001-05-30,,,,
2001-06-01,,3.97,,
2001-06-06,,,,
2001-06-13,,,,
2001-06-20,,,,
2001-06-27,,,,
2001-07-01,,3.77,,
2001-07-04,,,,
2001-07-11,,,,
2001-07-18,,,,
2001-07-25,,,,
2001-08-01,,3.65,,
2001-08-08,,,,
2001-08-15,,,,
2001-08-22,,,,
2001-08-29,,,,
2001-09-01,,3.07,,
2001-09-05,,,,
2001-09-12,,,,
2001-09-19,,,,
2001-09-26,,,,
2001-10-01,,2.49,,
2001-10-03,,,,
2001-10-10,,,,
2001-10-17,,,,
2001-10-24,,,,
2001-10-31,,,,
2001-11-01,,2.09,,
2001-11-07,,,,
2001-11-14,,,,
2001-11-21,,,,
2001-11-28,,,,
2001-12-01,,1.82,,
2001-12-05,,,,
2001-12-12,,,,
2001-12-19,,,,
2001-12-26,,,,
2002-01-01,,1.73,,
2002-01-02,,,,
2002-01-09,,,,
2002-01-16,,,,
2002-01-23,,,,
2002-01-30,,,,
2002-02-01,,1.74,,
2002-02-06,,,,
2002-02-13,,,,
2002-02-20,,,,
2002-02-27,,,,
2002-03-01,,1.73,,
2002-03-06,,,,
2002-03-13,,,,
2002-03-20,,,,
2002-03-27,,,,
2002-04-01,,1.75,,
2002-04-03,,,,
2002-04-10,,,,
2002-04-17,,,,
2002-04-24,,,,
2002-05-01,,1.75,,
2002-05-08,,,,
2002-05-15,,,,
2002-05-22,,,,
2002-05-29,,,,
2002-06-01,,1.75,,
2002-06-05,,,,
2002-06-12,,,,
2002-06-19,,,,
2002-06-26,,,,
2002-07-01,,1.73,,
2002-07-03,,,,
2002-07-10,,,,
2002-07-17,,,,
2002-07-24,,,,
2002-07-31,,,,
2002-08-01,,1.74,,
2002-08-07,,,,
2002-08-14,,,,
2002-08-21,,,,
2002-08-28,,,,
2002-09-01,,1.75,,
2002-09-04,,,,
2002-09-11,,,,
2002-09-18,,,,
2002-09-25,,,,
2002-10-01,,1.75,,
2002-10-02,,,,
2002-10-09,,,,
2002-10-16,,,,
2002-10-23,,,,
2002-10-30,,,,
2002-11-01,,1.34,,
2002-11-06,,,,
2002-11-13,,,,
2002-11-20,,,,
2002-11-27,,,,
2002-12-01,,1.24,,
2002-12-04,,,,
2002-12-11,,,,
2002-12-18,719542.0,,5959.0,
2002-12-25,732059.0,,4678.0,
2003-01-01,730994.0,1.24,5016.0,
2003-01-08,723762.0,,4829.0,
2003-01-15,720074.0,,5244.0,
2003-01-22,735953.0,,6133.0,
2003-01-29,712809.0,,7162.0,
2003-02-01,,1.26,,
2003-02-05,719643.0,,5392.0,
2003-02-07,,,,2.5
2003-02-10,,,,
2003-02-11,,,,
2003-02-12,713281.0,,4681.0,
2003-02-13,,,,
2003-02-14,,,,
2003-02-17,,,,
2003-02-18,,,,
2003-02-19,730400.0,,5048.0,
2003-02-20,,,,
2003-02-21,,,,
2003-02-24,,,,
2003-02-25,,,,
2003-02-26,721980.0,,5249.0,
2003-02-27,,,,
2003-02-28,,,,
2003-03-01,,1.25,,
2003-03-03,,,,
2003-03-04,,,,
2003-03-05,722649.0,,4909.0,
2003-03-06,,,,
2003-03-07,,,,
2003-03-10,,,,
2003-03-11,,,,
2003-03-12,717014.0,,5196.0,
2003-03-13,,,,
2003-03-14,,,,
2003-03-17,,,,
2003-03-18,,,,
2003-03-19,729923.0,,4979.0,1.25
2003-03-20,,,,
2003-03-21,,,,
2003-03-24,,,,
2003-03-25,,,,
2003-03-26,725019.0,,5916.0,
2003-03-27,,,,
2003-03-28,,,,
2003-03-31,,,,
2003-04-01,,1.26,,
2003-04-02,732452.0,,5654.0,
2003-04-03,,,,
2003-04-04,,,,
2003-04-07,,,,
2003-04-08,,,,2.25
2003-04-09,727826.0,,6528.0,
2003-04-10,,,,
2003-04-11,,,,
2003-04-14,,,,
2003-04-15,,,,
2003-04-16,745838.0,,6470.0,
2003-04-17,,,,
2003-04-18,,,,
2003-04-21,,,,
2003-04-22,,,,
2003-04-23,732222.0,,8927.0,
2003-04-24,,,,
2003-04-25,,,,
2003-04-28,,,,
2003-04-29,,,,
2003-04-30,746294.0,,8763.0,
2003-05-01,,1.26,,
2003-05-02,,,,
2003-05-05,,,,
2003-05-06,,,,
2003-05-07,733466.0,,7113.0,
2003-05-08,,,,
2003-05-09,,,,
2003-05-12,,,,
2003-05-13,,,,
2003-05-14,740371.0,,7139.0,
2003-05-15,,,,
2003-05-16,,,,
2003-05-19,,,,
2003-05-20,,,,
2003-05-21,734699.0,,6899.0,
2003-05-22,,,,
2003-05-23,,,,
2003-05-26,,,,
2003-05-27,,,,
2003-05-28,744896.0,,5543.0,
2003-05-29,,,,
2003-05-30,,,,
2003-06-01,,1.22,,
2003-06-02,,,,
2003-06-03,,,,
2003-06-04,731667.0,,6487.0,1.25
2003-06-05,,,,
2003-06-06,,,,
2003-06-09,,,,
2003-06-10,,,,
2003-06-11,743236.0,,6515.0,
2003-06-12,,,,
2003-06-13,,,,
2003-06-16,,,,
2003-06-17,,,,
2003-06-18,735926.0,,7147.0,2.25
2003-06-19,,,,1.25
2003-06-20,,,,3.5
2003-06-23,,,,
2003-06-24,,,,
2003-06-25,744018.0,,7199.0,
2003-06-26,,,,
2003-06-27,,,,
2003-06-30,,,,
2003-07-01,,1.01,,
2003-07-02,740126.0,,6087.0,
2003-07-03,,,,
2003-07-04,,,,
2003-07-07,,,,
2003-07-08,,,,
2003-07-09,744430.0,,6218.0,
2003-07-10,,,,
2003-07-11,,,,
2003-07-14,,,,
2003-07-15,,,,
2003-07-16,737765.0,,6479.0,
2003-07-17,,,,
2003-07-18,,,,
2003-07-21,,,,
2003-07-22,,,,
2003-07-23,745665.0,,6067.0,
2003-07-24,,,,
2003-07-25,,,,
2003-07-28,,,,
2003-07-29,,,,
2003-07-30,740295.0,,6205.0,
2003-07-31,,,,
2003-08-01,,1.03,,
2003-08-04,,,,
2003-08-05,,,,
2003-08-06,734018.0,,5639.0,
2003-08-07,,,,
2003-08-08,,,,
2003-08-11,,,,
2003-08-12,,,,
2003-08-13,735386.0,,5611.0,
2003-08-14,,,,
2003-08-15,,,,
2003-08-18,,,,
2003-08-19,,,,
2003-08-20,750825.0,,5644.0,
2003-08-21,,,,
2003-08-22,,,,
2003-08-25,,,,
2003-08-26,,,,
2003-08-27,740637.0,,5974.0,
2003-08-28,,,,
2003-08-29,,,,
2003-09-01,,1.01,,
2003-09-02,,,,
2003-09-03,750461.0,,4843.0,
2003-09-04,,,,
2003-09-05,,,,
2003-09-08,,,,
2003-09-09,,,,
2003-09-10,737234.0,,4745.0,
2003-09-11,,,,
2003-09-12,,,,
2003-09-15,,,,
2003-09-16,,,,
2003-09-17,743939.0,,6084.0,
2003-09-18,,,,
2003-09-19,,,,
2003-09-22,,,,
2003-09-23,,,,
2003-09-24,741193.0,,7540.0,
2003-09-25,,,,
2003-09-26,,,,
2003-09-29,,,,
2003-09-30,,,,
2003-10-01,753155.0,1.01,6922.0,
2003-10-02,,,,
2003-10-03,,,,
2003-10-06,,,,
2003-10-07,,,,
2003-10-08,737108.0,,5185.0,
2003-10-09,,,,
2003-10-10,,,,
2003-10-13,,,,
2003-10-14,,,,
2003-10-15,754229.0,,3745.0,
2003-10-16,,,,
2003-10-17,,,,
2003-10-20,,,,
2003-10-21,,,,
2003-10-22,743578.0,,5403.0,
2003-10-23,,,,
2003-10-24,,,,
2003-10-27,,,,
2003-10-28,,,,
2003-10-29,747272.0,,5125.0,
2003-10-30,,,,
2003-10-31,,,,
2003-11-01,,1.0,,
2003-11-03,,,,
2003-11-04,,,,4.0
2003-11-05,744116.0,,5680.0,2.75
2003-11-06,,,,
2003-11-07,,,,
2003-11-10,,,,
2003-11-11,,,,
2003-11-12,745604.0,,4876.0,
2003-11-13,,,,
2003-11-14,,,,
2003-11-17,,,,
2003-11-18,,,,
2003-11-19,744521.0,,4651.0,
2003-11-20,,,,
2003-11-21,,,,
2003-11-24,,,,
2003-11-25,,,,
2003-11-26,756964.0,,5223.0,
2003-11-27,,,,
2003-11-28,,,,
2003-12-01,,0.98,,
2003-12-02,,,,
2003-12-03,749981.0,,5437.0,
2003-12-04,,,,
2003-12-05,,,,
2003-12-08,,,,
2003-12-09,,,,
2003-12-10,756585.0,,4974.0,
2003-12-11,,,,
2003-12-12,,,,
2003-12-15,,,,
2003-12-16,,,,1.75
2003-12-17,753919.0,,5622.0,
2003-12-18,,,,
2003-12-19,,,,
2003-12-22,,,,
2003-12-23,,,,
2003-12-24,767012.0,,4701.0,
2003-12-25,,,,
2003-12-26,,,,
2003-12-29,,,,
2003-12-30,,,,
2003-12-31,771551.0,,5850.0,
2004-01-01,,1.0,,
2004-01-02,,,,
2004-01-05,,,,
2004-01-06,,,,2.5
2004-01-07,755829.0,,5319.0,
2004-01-08,,,,
2004-01-09,,,,2.25
2004-01-12,,,,
2004-01-13,,,,
2004-01-14,752812.0,,4886.0,
2004-01-15,,,,
2004-01-16,,,,
2004-01-19,,,,
2004-01-20,,,,
2004-01-21,775833.0,,7374.0,
2004-01-22,,,,
2004-01-23,,,,
2004-01-26,,,,
2004-01-27,,,,
2004-01-28,755279.0,,5153.0,
2004-01-29,,,,
2004-01-30,,,,
2004-02-01,,1.01,,
2004-02-02,,,,
2004-02-03,,,,
2004-02-04,754153.0,,4901.0,
2004-02-05,,,,
2004-02-06,,,,
2004-02-09,,,,
2004-02-10,,,,
2004-02-11,750999.0,,5352.0,
2004-02-12,,,,
2004-02-13,,,,
2004-02-16,,,,
2004-02-17,,,,
2004-02-18,758759.0,,4984.0,
2004-02-19,,,,
2004-02-20,,,,
2004-02-23,,,,
2004-02-24,,,,
2004-02-25,750666.0,,5147.0,
2004-02-26,,,,
2004-02-27,,,,
2004-03-01,,1.0,,
2004-03-02,,,,
2004-03-03,754867.0,,5618.0,
2004-03-04,,,,
2004-03-05,,,,
2004-03-08,,,,
2004-03-09,,,,
2004-03-10,749950.0,,5527.0,
2004-03-11,,,,
2004-03-12,,,,
2004-03-15,,,,
2004-03-16,,,,
2004-03-17,760638.0,,5737.0,
2004-03-18,,,,
2004-03-19,,,,
2004-03-22,,,,
2004-03-23,,,,
2004-03-24,751510.0,,5371.0,
2004-03-25,,,,
2004-03-26,,,,
2004-03-29,,,,
2004-03-30,,,,
2004-03-31,760725.0,,5246.0,
2004-04-01,,1.0,,
2004-04-02,,,,
2004-04-05,,,,
2004-04-06,,,,
2004-04-07,754083.0,,5010.0,
2004-04-08,,,,
2004-04-09,,,,
2004-04-12,,,,
2004-04-13,,,,
2004-04-14,763734.0,,5158.0,
2004-04-15,,,,
2004-04-16,,,,
2004-04-19,,,,
2004-04-20,,,,
2004-04-21,757984.0,,6630.0,
2004-04-22,,,,
2004-04-23,,,,
2004-04-26,,,,
2004-04-27,,,,
2004-04-28,772927.0,,7444.0,
2004-04-29,,,,
2004-04-30,,,,
2004-05-01,,1.0,,
2004-05-03,,,,
2004-05-04,,,,
2004-05-05,758838.0,,6025.0,
2004-05-06,,,,
2004-05-07,,,,
2004-05-10,,,,
2004-05-11,,,,
2004-05-12,764835.0,,5435.0,
2004-05-13,,,,
2004-05-14,,,,
2004-05-17,,,,
2004-05-18,,,,
2004-05-19,756874.0,,5333.0,
2004-05-20,,,,
2004-05-21,,,,
2004-05-24,,,,
2004-05-25,,,,
2004-05-26,771108.0,,5212.0,
2004-05-27,,,,
2004-05-28,,,,
2004-05-31,,,,
2004-06-01,,1.03,,
2004-06-02,764090.0,,4092.0,
2004-06-03,,,,
2004-06-04,,,,
2004-06-07,,,,
2004-06-08,,,,
2004-06-09,772187.0,,4698.0,
2004-06-10,,,,
2004-06-11,,,,
2004-06-14,,,,
2004-06-15,,,,
2004-06-16,761834.0,,6195.0,
2004-06-17,,,,
2004-06-18,,,,
2004-06-21,,,,
2004-06-22,,,,
2004-06-23,775261.0,,7034.0,
2004-06-24,,,,
2004-06-25,,,,
2004-06-28,,,,
2004-06-29,,,,
2004-06-30,779578.0,,5961.0,
2004-07-01,,1.26,,
2004-07-02,,,,
2004-07-05,,,,
2004-07-06,,,,
2004-07-07,778163.0,,4541.0,
2004-07-08,,,,
2004-07-09,,,,
2004-07-12,,,,
2004-07-13,,,,
2004-07-14,775536.0,,4834.0,
2004-07-15,,,,
2004-07-16,,,,
2004-07-19,,,,
2004-07-20,,,,
2004-07-21,776764.0,,5509.0,
2004-07-22,,,,
2004-07-23,,,,
2004-07-26,,,,
2004-07-27,,,,
2004-07-28,773916.0,,4956.0,
2004-07-29,,,,
2004-07-30,,,,
2004-08-01,,1.43,,
2004-08-02,,,,
2004-08-03,,,,
2004-08-04,772085.0,,4701.0,
2004-08-05,,,,
2004-08-06,,,,
2004-08-09,,,,
2004-08-10,,,,
2004-08-11,769265.0,,5064.0,
2004-08-12,,,,
2004-08-13,,,,
2004-08-16,,,,
2004-08-17,,,,
2004-08-18,767595.0,,4456.0,
2004-08-19,,,,
2004-08-20,,,,
2004-08-23,,,,
2004-08-24,,,,
2004-08-25,775437.0,,4789.0,
2004-08-26,,,,
2004-08-27,,,,
2004-08-30,,,,
2004-08-31,,,,
2004-09-01,785273.0,1.61,5297.0,
2004-09-02,,,,
2004-09-03,,,,
2004-09-06,,,,
2004-09-07,,,,
2004-09-08,788602.0,,4910.0,
2004-09-09,,,,
2004-09-10,,,,
2004-09-13,,,,
2004-09-14,,,,
2004-09-15,789128.0,,5261.0,
2004-09-16,,,,
2004-09-17,,,,
2004-09-20,,,,
2004-09-21,,,,
2004-09-22,782124.0,,6979.0,
2004-09-23,,,,
2004-09-24,,,,
2004-09-27,,,,
2004-09-28,,,,
2004-09-29,786330.0,,5118.0,
2004-09-30,,,,
2004-10-01,,1.76,,
2004-10-04,,,,
2004-10-05,,,,
2004-10-06,781777.0,,5334.0,
2004-10-07,,,,
2004-10-08,,,,
2004-10-11,,,,
2004-10-12,,,,
2004-10-13,795483.0,,4682.0,
2004-10-14,,,,
2004-10-15,,,,
2004-10-18,,,,
2004-10-19,,,,
2004-10-20,784954.0,,5232.0,
2004-10-21,,,,
2004-10-22,,,,
2004-10-25,,,,
2004-10-26,,,,
2004-10-27,791336.0,,4948.0,
2004-10-28,,,,
2004-10-29,,,,
2004-11-01,,1.93,,
2004-11-02,,,,
2004-11-03,790552.0,,5275.0,
2004-11-04,,,,
2004-11-05,,,,
2004-11-08,,,,
2004-11-09,,,,
2004-11-10,800473.0,,5012.0,
2004-11-11,,,,
2004-11-12,,,,
2004-11-15,,,,
2004-11-16,,,,
2004-11-17,794090.0,,4824.0,
2004-11-18,,,,
2004-11-19,,,,
2004-11-22,,,,
2004-11-23,,,,
2004-11-24,809956.0,,4419.0,
2004-11-25,,,,
2004-11-26,,,,
2004-11-29,,,,
2004-11-30,,,,
2004-12-01,807063.0,2.16,5217.0,
2004-12-02,,,,
2004-12-03,,,,
2004-12-06,,,,
2004-12-07,,,,
2004-12-08,808495.0,,4986.0,
2004-12-09,,,,
2004-12-10,,,,
2004-12-13,,,,
2004-12-14,,,,
2004-12-15,807028.0,,5047.0,
2004-12-16,,,,
2004-12-17,,,,
2004-12-20,,,,
2004-12-21,,,,
2004-12-22,811333.0,,5133.0,
2004-12-23,,,,
2004-12-24,,,,
2004-12-27,,,,
2004-12-28,,,,
2004-12-29,810944.0,,4631.0,
2004-12-30,,,,
2004-12-31,,,,
2005-01-01,,2.28,,
2005-01-03,,,,
2005-01-04,,,,
2005-01-05,815702.0,,5650.0,
2005-01-06,,,,
2005-01-07,,,,
2005-01-10,,,,
2005-01-11,,,,
2005-01-12,798455.0,,5145.0,
2005-01-13,,,,
2005-01-14,,,,
2005-01-17,,,,
2005-01-18,,,,
2005-01-19,806960.0,,4781.0,
2005-01-20,,,,
2005-01-21,,,,
2005-01-24,,,,
2005-01-25,,,,
2005-01-26,807262.0,,5252.0,
2005-01-27,,,,
2005-01-28,,,,
2005-01-31,,,,
2005-02-01,,2.5,,
2005-02-02,804746.0,,5070.0,
2005-02-03,,,,
2005-02-04,,,,
2005-02-07,,,,
2005-02-08,,,,
2005-02-09,797299.0,,4913.0,
2005-02-10,,,,
2005-02-11,,,,
2005-02-14,,,,
2005-02-15,,,,
2005-02-16,795606.0,,4924.0,
2005-02-17,,,,
2005-02-18,,,,
2005-02-21,,,,
2005-02-22,,,,
2005-02-23,804576.0,,5250.0,
2005-02-24,,,,
2005-02-25,,,,
2005-02-28,,,,
2005-03-01,,2.63,,
2005-03-02,801252.0,,5199.0,
2005-03-03,,,,
2005-03-04,,,,
2005-03-07,,,,
2005-03-08,,,,
2005-03-09,799250.0,,4304.0,
2005-03-10,,,,
2005-03-11,,,,
2005-03-14,,,,
2005-03-15,,,,
2005-03-16,807211.0,,5118.0,
2005-03-17,,,,
2005-03-18,,,,
2005-03-21,,,,
2005-03-22,,,,
2005-03-23,797094.0,,4968.0,
2005-03-24,,,,
2005-03-25,,,,
2005-03-28,,,,
2005-03-29,,,,
2005-03-30,807551.0,,4592.0,
2005-03-31,,,,
2005-04-01,,2.79,,
2005-04-04,,,,
2005-04-05,,,,
2005-04-06,797327.0,,5296.0,
2005-04-07,,,,
2005-04-08,,,,
2005-04-11,,,,
2005-04-12,,,,
2005-04-13,805707.0,,5175.0,
2005-04-14,,,,
2005-04-15,,,,
2005-04-18,,,,
2005-04-19,,,,
2005-04-20,801793.0,,5201.0,
2005-04-21,,,,
2005-04-22,,,,
2005-04-25,,,,
2005-04-26,,,,
2005-04-27,809797.0,,5586.0,
2005-04-28,,,,
2005-04-29,,,,
2005-05-01,,3.0,,
2005-05-02,,,,
2005-05-03,,,,
2005-05-04,802412.0,,4863.0,
2005-05-05,,,,
2005-05-06,,,,
2005-05-09,,,,
2005-05-10,,,,
2005-05-11,808378.0,,4993.0,
2005-05-12,,,,
2005-05-13,,,,
2005-05-16,,,,
2005-05-17,,,,
2005-05-18,801546.0,,5209.0,
2005-05-19,,,,
2005-05-20,,,,
2005-05-23,,,,
2005-05-24,,,,
2005-05-25,810160.0,,4936.0,
2005-05-26,,,,
2005-05-27,,,,
2005-05-30,,,,
2005-05-31,,,,
2005-06-01,817335.0,3.04,4927.0,
2005-06-02,,,,
2005-06-03,,,,
2005-06-06,,,,
2005-06-07,,,,
2005-06-08,814172.0,,4778.0,
2005-06-09,,,,
2005-06-10,,,,
2005-06-13,,,,
2005-06-14,,,,
2005-06-15,811198.0,,5534.0,
2005-06-16,,,,
2005-06-17,,,,
2005-06-20,,,,
2005-06-21,,,,
2005-06-22,810429.0,,4982.0,
2005-06-23,,,,
2005-06-24,,,,
2005-06-27,,,,
2005-06-28,,,,
2005-06-29,810082.0,,4726.0,
2005-06-30,,,,
2005-07-01,,3.26,,
2005-07-04,,,,
2005-07-05,,,,
2005-07-06,821556.0,,3840.0,
2005-07-07,,,,
2005-07-08,,,,
2005-07-11,,,,
2005-07-12,,,,
2005-07-13,808861.0,,4843.0,
2005-07-14,,,,
2005-07-15,,,,
2005-07-18,,,,
2005-07-19,,,,
2005-07-20,816804.0,,5423.0,
2005-07-21,,,,
2005-07-22,,,,
2005-07-25,,,,
2005-07-26,,,,
2005-07-27,814259.0,,4878.0,
2005-07-28,,,,
2005-07-29,,,,
2005-08-01,,3.5,,
2005-08-02,,,,
2005-08-03,818841.0,,5012.0,
2005-08-04,,,,
2005-08-05,,,,
2005-08-08,,,,
2005-08-09,,,,
2005-08-10,808544.0,,4989.0,
2005-08-11,,,,
2005-08-12,,,,
2005-08-15,,,,
2005-08-16,,,,
2005-08-17,813774.0,,4805.0,
2005-08-18,,,,
2005-08-19,,,,
2005-08-22,,,,
2005-08-23,,,,
2005-08-24,811313.0,,5181.0,
2005-08-25,,,,
2005-08-26,,,,
2005-08-29,,,,
2005-08-30,,,,
2005-08-31,823237.0,,4909.0,
2005-09-01,,3.62,,
2005-09-02,,,,
2005-09-05,,,,
2005-09-06,,,,
2005-09-07,822500.0,,4786.0,
2005-09-08,,,,
2005-09-09,,,,
2005-09-12,,,,
2005-09-13,,,,
2005-09-14,823590.0,,4973.0,
2005-09-15,,,,
2005-09-16,,,,
2005-09-19,,,,
2005-09-20,,,,
2005-09-21,812926.0,,6319.0,
2005-09-22,,,,
2005-09-23,,,,
2005-09-26,,,,
2005-09-27,,,,
2005-09-28,823771.0,,5366.0,
2005-09-29,,,,
2005-09-30,,,,
2005-10-01,,3.78,,
2005-10-03,,,,
2005-10-04,,,,
2005-10-05,817137.0,,4857.0,
2005-10-06,,,,
2005-10-07,,,,
2005-10-10,,,,
2005-10-11,,,,
2005-10-12,826306.0,,4787.0,
2005-10-13,,,,
2005-10-14,,,,
2005-10-17,,,,
2005-10-18,,,,
2005-10-19,814281.0,,4555.0,
2005-10-20,,,,
2005-10-21,,,,
2005-10-24,,,,
2005-10-25,,,,
2005-10-26,819105.0,,5149.0,
2005-10-27,,,,
2005-10-28,,,,
2005-10-31,,,,
2005-11-01,,4.0,,
2005-11-02,814571.0,,4981.0,
2005-11-03,,,,
2005-11-04,,,,
2005-11-07,,,,
2005-11-08,,,,
2005-11-09,824991.0,,5002.0,
2005-11-10,,,,
2005-11-11,,,,
2005-11-14,,,,
2005-11-15,,,,
2005-11-16,823263.0,,4522.0,
2005-11-17,,,,
2005-11-18,,,,
2005-11-21,,,,
2005-11-22,,,,
2005-11-23,833124.0,,5107.0,
2005-11-24,,,,
2005-11-25,,,,
2005-11-28,,,,
2005-11-29,,,,
2005-11-30,835059.0,,5090.0,
2005-12-01,,4.16,,
2005-12-02,,,,
2005-12-05,,,,
2005-12-06,,,,
2005-12-07,833250.0,,4932.0,
2005-12-08,,,,
2005-12-09,,,,
2005-12-12,,,,
2005-12-13,,,,
2005-12-14,830950.0,,5396.0,
2005-12-15,,,,
2005-12-16,,,,
2005-12-19,,,,
2005-12-20,,,,
2005-12-21,848317.0,,5402.0,
2005-12-22,,,,
2005-12-23,,,,
2005-12-26,,,,
2005-12-27,,,,
2005-12-28,847700.0,,4853.0,
2005-12-29,,,,
2005-12-30,,,,
2006-01-01,,4.29,,
2006-01-02,,,,
2006-01-03,,,,
2006-01-04,851856.0,,4734.0,
2006-01-05,,,,
2006-01-06,,,,
2006-01-09,,,,
2006-01-10,,,,
2006-01-11,829357.0,,4795.0,
2006-01-12,,,,
2006-01-13,,,,
2006-01-16,,,,
2006-01-17,,,,
2006-01-18,836042.0,,4810.0,
2006-01-19,,,,
2006-01-20,,,,
2006-01-23,,,,
2006-01-24,,,,
2006-01-25,828901.0,,5314.0,
2006-01-26,,,,
2006-01-27,,,,
2006-01-30,,,,
2006-01-31,,,,
2006-02-01,831808.0,4.49,5117.0,
2006-02-02,,,,
2006-02-03,,,,
2006-02-06,,,,
2006-02-07,,,,
2006-02-08,827613.0,,5360.0,
2006-02-09,,,,
2006-02-10,,,,
2006-02-13,,,,
2006-02-14,,,,
2006-02-15,835240.0,,5224.0,
2006-02-16,,,,
2006-02-17,,,,
2006-02-20,,,,
2006-02-21,,,,
2006-02-22,840555.0,,5005.0,
2006-02-23,,,,
2006-02-24,,,,
2006-02-27,,,,
2006-02-28,,,,
2006-03-01,839356.0,4.59,5080.0,
2006-03-02,,,,
2006-03-03,,,,
2006-03-06,,,,
2006-03-07,,,,
2006-03-08,839234.0,,5028.0,
2006-03-09,,,,
2006-03-10,,,,
2006-03-13,,,,
2006-03-14,,,,
2006-03-15,843010.0,,4479.0,
2006-03-16,,,,
2006-03-17,,,,
2006-03-20,,,,
2006-03-21,,,,
2006-03-22,838003.0,,5142.0,
2006-03-23,,,,
2006-03-24,,,,
2006-03-27,,,,
2006-03-28,,,,
2006-03-29,833675.0,,5400.0,
2006-03-30,,,,
2006-03-31,,,,
2006-04-01,,4.79,,
2006-04-03,,,,
2006-04-04,,,,
2006-04-05,834589.0,,5228.0,
2006-04-06,,,,
2006-04-07,,,,
2006-04-10,,,,
2006-04-11,,,,
2006-04-12,836862.0,,5126.0,
2006-04-13,,,,
2006-04-14,,,,
2006-04-17,,,,
2006-04-18,,,,
2006-04-19,836352.0,,4999.0,
2006-04-20,,,,
2006-04-21,,,,
2006-04-24,,,,
2006-04-25,,,,
2006-04-26,844572.0,,4953.0,
2006-04-27,,,,
2006-04-28,,,,
2006-05-01,,4.94,,
2006-05-02,,,,
2006-05-03,843867.0,,5366.0,
2006-05-04,,,,
2006-05-05,,,,
2006-05-08,,,,
2006-05-09,,,,
2006-05-10,838405.0,,5151.0,
2006-05-11,,,,
2006-05-12,,,,
2006-05-15,,,,
2006-05-16,,,,
2006-05-17,838153.0,,5192.0,
2006-05-18,,,,
2006-05-19,,,,
2006-05-22,,,,
2006-05-23,,,,
2006-05-24,840251.0,,5476.0,
2006-05-25,,,,
2006-05-26,,,,
2006-05-29,,,,
2006-05-30,,,,
2006-05-31,851580.0,,4870.0,
2006-06-01,,4.99,,
2006-06-02,,,,
2006-06-05,,,,
2006-06-06,,,,
2006-06-07,849074.0,,5233.0,
2006-06-08,,,,
2006-06-09,,,,
2006-06-12,,,,
2006-06-13,,,,
2006-06-14,845869.0,,4970.0,
2006-06-15,,,,
2006-06-16,,,,
2006-06-19,,,,
2006-06-20,,,,
2006-06-21,844773.0,,5007.0,
2006-06-22,,,,
2006-06-23,,,,
2006-06-26,,,,
2006-06-27,,,,
2006-06-28,844436.0,,4924.0,
2006-06-29,,,,
2006-06-30,,,,
2006-07-01,,5.24,,
2006-07-03,,,,
2006-07-04,,,,
2006-07-05,851659.0,,5334.0,
2006-07-06,,,,
2006-07-07,,,,
2006-07-10,,,,
2006-07-11,,,,
2006-07-12,844391.0,,5186.0,
2006-07-13,,,,
2006-07-14,,,,
2006-07-17,,,,
2006-07-18,,,,
2006-07-19,849894.0,,4915.0,
2006-07-20,,,,
2006-07-21,,,,
2006-07-24,,,,
2006-07-25,,,,
2006-07-26,841552.0,,5017.0,
2006-07-27,,,,
2006-07-28,,,,
2006-07-31,,,,
2006-08-01,,5.25,,
2006-08-02,850263.0,,4720.0,
2006-08-03,,,,
2006-08-04,,,,
2006-08-07,,,,
2006-08-08,,,,
2006-08-09,840006.0,,4643.0,
2006-08-10,,,,
2006-08-11,,,,
2006-08-14,,,,
2006-08-15,,,,
2006-08-16,842876.0,,4747.0,
2006-08-17,,,,
2006-08-18,,,,
2006-08-21,,,,
2006-08-22,,,,
2006-08-23,837987.0,,4997.0,
2006-08-24,,,,
2006-08-25,,,,
2006-08-28,,,,
2006-08-29,,,,
2006-08-30,850925.0,,5095.0,
2006-08-31,,,,
2006-09-01,,5.25,,
2006-09-04,,,,
2006-09-05,,,,
2006-09-06,848594.0,,4531.0,
2006-09-07,,,,
2006-09-08,,,,
2006-09-11,,,,
2006-09-12,,,,
2006-09-13,840886.0,,4749.0,
2006-09-14,,,,
2006-09-15,,,,
2006-09-18,,,,
2006-09-19,,,,
2006-09-20,838192.0,,6113.0,
2006-09-21,,,,
2006-09-22,,,,
2006-09-25,,,,
2006-09-26,,,,
2006-09-27,849971.0,,4280.0,
2006-09-28,,,,
2006-09-29,,,,
2006-10-01,,5.25,,
2006-10-02,,,,
2006-10-03,,,,
2006-10-04,842296.0,,6650.0,
2006-10-05,,,,
2006-10-06,,,,
2006-10-09,,,,
2006-10-10,,,,
2006-10-11,859339.0,,5174.0,
2006-10-12,,,,
2006-10-13,,,,
2006-10-16,,,,
2006-10-17,,,,
2006-10-18,844200.0,,4855.0,
2006-10-19,,,,
2006-10-20,,,,
2006-10-23,,,,
2006-10-24,,,,
2006-10-25,852648.0,,5178.0,
2006-10-26,,,,
2006-10-27,,,,
2006-10-30,,,,
2006-10-31,,,,
2006-11-01,855536.0,5.25,4982.0,
2006-11-02,,,,
2006-11-03,,,,
2006-11-06,,,,
2006-11-07,,,,
2006-11-08,858630.0,,5034.0,
2006-11-09,,,,
2006-11-10,,,,
2006-11-13,,,,
2006-11-14,,,,
2006-11-15,855551.0,,4960.0,
2006-11-16,,,,
2006-11-17,,,,
2006-11-20,,,,
2006-11-21,,,,
2006-11-22,865126.0,,4663.0,
2006-11-23,,,,
2006-11-24,,,,
2006-11-27,,,,
2006-11-28,,,,
2006-11-29,856671.0,,5030.0,
2006-11-30,,,,
2006-12-01,,5.24,,
2006-12-04,,,,
2006-12-05,,,,
2006-12-06,862178.0,,5060.0,
2006-12-07,,,,
2006-12-08,,,,
2006-12-11,,,,
2006-12-12,,,,
2006-12-13,853851.0,,4740.0,
2006-12-14,,,,
2006-12-15,,,,
2006-12-18,,,,
2006-12-19,,,,
2006-12-20,865010.0,,6066.0,
2006-12-21,,,,
2006-12-22,,,,
2006-12-25,,,,
2006-12-26,,,,
2006-12-27,869988.0,,5240.0,
2006-12-28,,,,
2006-12-29,,,,
2007-01-01,,5.25,,
2007-01-02,,,,
2007-01-03,874626.0,,5027.0,
2007-01-04,,,,
2007-01-05,,,,
2007-01-08,,,,
2007-01-09,,,,
2007-01-10,854819.0,,4797.0,
2007-01-11,,,,
2007-01-12,,,,
2007-01-15,,,,
2007-01-16,,,,
2007-01-17,859363.0,,4686.0,
2007-01-18,,,,
2007-01-19,,,,
2007-01-22,,,,
2007-01-23,,,,
2007-01-24,851755.0,,5112.0,
2007-01-25,,,,
2007-01-26,,,,
2007-01-29,,,,
2007-01-30,,,,
2007-01-31,865730.0,,5055.0,
2007-02-01,,5.26,,
2007-02-02,,,,
2007-02-05,,,,
2007-02-06,,,,
2007-02-07,855057.0,,5097.0,
2007-02-08,,,,
2007-02-09,,,,
2007-02-12,,,,
2007-02-13,,,,
2007-02-14,867199.0,,5014.0,
2007-02-15,,,,
2007-02-16,,,,
2007-02-19,,,,
2007-02-20,,,,
2007-02-21,869235.0,,4940.0,
2007-02-22,,,,
2007-02-23,,,,
2007-02-26,,,,
2007-02-27,,,,
2007-02-28,877409.0,,4674.0,
2007-03-01,,5.26,,
2007-03-02,,,,
2007-03-05,,,,
2007-03-06,,,,
2007-03-07,864505.0,,4725.0,
2007-03-08,,,,
2007-03-09,,,,
2007-03-12,,,,
2007-03-13,,,,
2007-03-14,876108.0,,5038.0,
2007-03-15,,,,
2007-03-16,,,,
2007-03-19,,,,
2007-03-20,,,,
2007-03-21,863067.0,,5408.0,
2007-03-22,,,,
2007-03-23,,,,
2007-03-26,,,,
2007-03-27,,,,
2007-03-28,869803.0,,4990.0,
2007-03-29,,,,
2007-03-30,,,,
2007-04-01,,5.25,,
2007-04-02,,,,
2007-04-03,,,,
2007-04-04,862319.0,,4769.0,
2007-04-05,,,,
2007-04-06,,,,
2007-04-09,,,,
2007-04-10,,,,
2007-04-11,865441.0,,4672.0,
2007-04-12,,,,
2007-04-13,,,,
2007-04-16,,,,
2007-04-17,,,,
2007-04-18,861335.0,,5454.0,
2007-04-19,,,,
2007-04-20,,,,
2007-04-23,,,,
2007-04-24,,,,
2007-04-25,879686.0,,6534.0,
2007-04-26,,,,5.25
2007-04-27,,,,6.5
2007-04-30,,,,
2007-05-01,,5.25,,
2007-05-02,890857.0,,14887.0,5.75
2007-05-03,,,,
2007-05-04,,,,
2007-05-07,,,,
2007-05-08,,,,
2007-05-09,875270.0,,4914.0,
2007-05-10,,,,1.5
2007-05-11,,,,
2007-05-14,,,,
2007-05-15,,,,
2007-05-16,859559.0,,4451.0,
2007-05-17,,,,
2007-05-18,,,,
2007-05-21,,,,
2007-05-22,,,,
2007-05-23,873935.0,,4913.0,
2007-05-24,,,,
2007-05-25,,,,
2007-05-28,,,,
2007-05-29,,,,
2007-05-30,876986.0,,5183.0,
2007-05-31,,,,
2007-06-01,,5.25,,
2007-06-04,,,,
2007-06-05,,,,
2007-06-06,872706.0,,4938.0,
2007-06-07,,,,
2007-06-08,,,,
2007-06-11,,,,
2007-06-12,,,,
2007-06-13,864989.0,,4958.0,
2007-06-14,,,,
2007-06-15,,,,
2007-06-18,,,,
2007-06-19,,,,
2007-06-20,866089.0,,5475.0,
2007-06-21,,,,
2007-06-22,,,,
2007-06-25,,,,
2007-06-26,,,,
2007-06-27,865105.0,,4923.0,
2007-06-28,,,,
2007-06-29,,,,
2007-07-01,,5.26,,
2007-07-02,,,,
2007-07-03,,,,
2007-07-04,876611.0,,4607.0,
2007-07-05,,,,
2007-07-06,,,,
2007-07-09,,,,
2007-07-10,,,,
2007-07-11,869407.0,,4912.0,
2007-07-12,,,,
2007-07-13,,,,
2007-07-16,,,,
2007-07-17,,,,
2007-07-18,872916.0,,4174.0,
2007-07-19,,,,
2007-07-20,,,,
2007-07-23,,,,
2007-07-24,,,,
2007-07-25,863890.0,,5052.0,
2007-07-26,,,,
2007-07-27,,,,
2007-07-30,,,,
2007-07-31,,,,
2007-08-01,870261.0,5.02,4874.0,
2007-08-02,,,,
2007-08-03,,,,
2007-08-06,,,,
2007-08-07,,,,
2007-08-08,865453.0,,4998.0,
2007-08-09,,,,
2007-08-10,,,,
2007-08-13,,,,
2007-08-14,,,,
2007-08-15,864931.0,,4735.0,
2007-08-16,,,,
2007-08-17,,,,
2007-08-20,,,,
2007-08-21,,,,
2007-08-22,862775.0,,4842.0,
2007-08-23,,,,
2007-08-24,,,,
2007-08-27,,,,
2007-08-28,,,,
2007-08-29,872873.0,,5089.0,
2007-08-30,,,,
2007-08-31,,,,
2007-09-01,,4.94,,
2007-09-03,,,,
2007-09-04,,,,
2007-09-05,871156.0,,4685.0,
2007-09-06,,,,
2007-09-07,,,,
2007-09-10,,,,
2007-09-11,,,,
2007-09-12,886314.0,,4755.0,
2007-09-13,,,,
2007-09-14,,,,
2007-09-17,,,,
2007-09-18,,,,
2007-09-19,867732.0,,5416.0,
2007-09-20,,,,
2007-09-21,,,,
2007-09-24,,,,
2007-09-25,,,,
2007-09-26,889900.0,,4761.0,
2007-09-27,,,,
2007-09-28,,,,
2007-10-01,,4.76,,
2007-10-02,,,,
2007-10-03,869051.0,,5430.0,
2007-10-04,,,,
2007-10-05,,,,
2007-10-08,,,,
2007-10-09,,,,
2007-10-10,886363.0,,4379.0,
2007-10-11,,,,
2007-10-12,,,,
2007-10-15,,,,
2007-10-16,,,,
2007-10-17,869509.0,,5080.0,
2007-10-18,,,,
2007-10-19,,,,
2007-10-22,,,,
2007-10-23,,,,
2007-10-24,881395.0,,5046.0,
2007-10-25,,,,
2007-10-26,,,,
2007-10-29,,,,
2007-10-30,,,,
2007-10-31,883385.0,,4950.0,
2007-11-01,,4.49,,
2007-11-02,,,,
2007-11-05,,,,
2007-11-06,,,,
2007-11-07,885724.0,,5119.0,
2007-11-08,,,,
2007-11-09,,,,
2007-11-12,,,,
2007-11-13,,,,
2007-11-14,889537.0,,5143.0,
2007-11-15,,,,
2007-11-16,,,,
2007-11-19,,,,
2007-11-20,,,,
2007-11-21,891028.0,,4959.0,
2007-11-22,,,,
2007-11-23,,,,
2007-11-26,,,,
2007-11-27,,,,
2007-11-28,879417.0,,5176.0,
2007-11-29,,,,
2007-11-30,,,,
2007-12-01,,4.24,,
2007-12-03,,,,
2007-12-04,,,,
2007-12-05,882764.0,,4905.0,
2007-12-06,,,,
2007-12-07,,,,
2007-12-10,,,,
2007-12-11,,,,
2007-12-12,881750.0,,4831.0,
2007-12-13,,,,
2007-12-14,,,,
2007-12-17,,,,
2007-12-18,,,,
2007-12-19,887983.0,,7500.0,
2007-12-20,,,,
2007-12-21,,,,
2007-12-24,,,,
2007-12-25,,,,
2007-12-26,890662.0,,4910.0,
2007-12-27,,,,
2007-12-28,,,,
2007-12-31,,,,
2008-01-01,,3.94,,
2008-01-02,922187.0,,8693.0,
2008-01-03,,,,
2008-01-04,,,,
2008-01-07,,,,
2008-01-08,,,,
2008-01-09,880754.0,,5146.0,
2008-01-10,,,,
2008-01-11,,,,
2008-01-14,,,,
2008-01-15,,,,
2008-01-16,893581.0,,5171.0,
2008-01-17,,,,
2008-01-18,,,,
2008-01-21,,,,
2008-01-22,,,,
2008-01-23,877253.0,,5335.0,
2008-01-24,,,,
2008-01-25,,,,
2008-01-28,,,,
2008-01-29,,,,
2008-01-30,900264.0,,4650.0,
2008-01-31,,,,
2008-02-01,,2.98,,
2008-02-04,,,,
2008-02-05,,,,
2008-02-06,871022.0,,5548.0,
2008-02-07,,,,
2008-02-08,,,,
2008-02-11,,,,
2008-02-12,,,,
2008-02-13,883005.0,,5316.0,
2008-02-14,,,,
2008-02-15,,,,
2008-02-18,,,,
2008-02-19,,,,
2008-02-20,878949.0,,3861.0,
2008-02-21,,,,
2008-02-22,,,,
2008-02-25,,,,
2008-02-26,,,,
2008-02-27,893825.0,,4740.0,
2008-02-28,,,,
2008-02-29,,,,
2008-03-01,,2.61,,
2008-03-03,,,,
2008-03-04,,,,
2008-03-05,881208.0,,4867.0,
2008-03-06,,,,
2008-03-07,,,,
2008-03-10,,,,
2008-03-11,,,,
2008-03-12,896565.0,,5076.0,
2008-03-13,,,,
2008-03-14,,,,
2008-03-17,,,,
2008-03-18,,,,
2008-03-19,888646.0,,5152.0,7.25
2008-03-20,,,,
2008-03-21,,,,
2008-03-24,,,,
2008-03-25,,,,
2008-03-26,893965.0,,5729.0,
2008-03-27,,,,
2008-03-28,,,,6.0
2008-03-31,,,,5.0
2008-04-01,,2.28,,
2008-04-02,883708.0,,5158.0,3.75
2008-04-03,,,,
2008-04-04,,,,
2008-04-07,,,,
2008-04-08,,,,
2008-04-09,893029.0,,5127.0,
2008-04-10,,,,
2008-04-11,,,,
2008-04-14,,,,
2008-04-15,,,,
2008-04-16,881904.0,,4745.0,
2008-04-17,,,,
2008-04-18,,,,
2008-04-21,,,,
2008-04-22,,,,
2008-04-23,885781.0,,5437.0,
2008-04-24,,,,
2008-04-25,,,,
2008-04-28,,,,
2008-04-29,,,,
2008-04-30,888131.0,,5721.0,
2008-05-01,,1.98,,
2008-05-02,,,,
2008-05-05,,,,
2008-05-06,,,,
2008-05-07,889228.0,,5191.0,
2008-05-08,,,,
2008-05-09,,,,
2008-05-12,,,,
2008-05-13,,,,
2008-05-14,880175.0,,4657.0,
2008-05-15,,,,
2008-05-16,,,,
2008-05-19,,,,
2008-05-20,,,,
2008-05-21,898487.0,,4399.0,
2008-05-22,,,,
2008-05-23,,,,
2008-05-26,,,,
2008-05-27,,,,
2008-05-28,904054.0,,4940.0,
2008-05-29,,,,
2008-05-30,,,,
2008-06-01,,2.0,,
2008-06-02,,,,
2008-06-03,,,,
2008-06-04,895939.0,,4844.0,
2008-06-05,,,,
2008-06-06,,,,
2008-06-09,,,,
2008-06-10,,,,
2008-06-11,890610.0,,4849.0,
2008-06-12,,,,
2008-06-13,,,,
2008-06-16,,,,
2008-06-17,,,,
2008-06-18,902304.0,,4926.0,
2008-06-19,,,,
2008-06-20,,,,
2008-06-23,,,,
2008-06-24,,,,
2008-06-25,892713.0,,5070.0,
2008-06-26,,,,
2008-06-27,,,,
2008-06-30,,,,
2008-07-01,,2.01,,
2008-07-02,902962.0,,5042.0,
2008-07-03,,,,
2008-07-04,,,,
2008-07-07,,,,
2008-07-08,,,,
2008-07-09,898034.0,,5180.0,
2008-07-10,,,,
2008-07-11,,,,
2008-07-14,,,,
2008-07-15,,,,
2008-07-16,910681.0,,4711.0,
2008-07-17,,,,
2008-07-18,,,,
2008-07-21,,,,
2008-07-22,,,,
2008-07-23,899665.0,,5419.0,
2008-07-24,,,,
2008-07-25,,,,
2008-07-28,,,,
2008-07-29,,,,
2008-07-30,918625.0,,5094.0,
2008-07-31,,,,
2008-08-01,,2.0,,
2008-08-04,,,,
2008-08-05,,,,
2008-08-06,901710.0,,4880.0,
2008-08-07,,,,
2008-08-08,,,,
2008-08-11,,,,
2008-08-12,,,,
2008-08-13,914632.0,,4859.0,
2008-08-14,,,,
2008-08-15,,,,
2008-08-18,,,,
2008-08-19,,,,
2008-08-20,898611.0,,4765.0,
2008-08-21,,,,
2008-08-22,,,,
2008-08-25,,,,
2008-08-26,,,,
2008-08-27,909982.0,,4828.0,
2008-08-28,,,,
2008-08-29,,,,
2008-09-01,,1.81,,
2008-09-02,,,,
2008-09-03,905253.0,,4746.0,
2008-09-04,,,,
2008-09-05,,,,
2008-09-08,,,,
2008-09-09,,,,
2008-09-10,925725.0,,4723.0,
2008-09-11,,,,
2008-09-12,,,,
2008-09-15,,,,
2008-09-16,,,,
2008-09-17,995093.0,,4941.0,
2008-09-18,,,,
2008-09-19,,,,
2008-09-22,,,,
2008-09-23,,,,
2008-09-24,1211825.0,,5088.0,25.0
2008-09-25,,,,22.0
2008-09-26,,,,26.0
2008-09-29,,,,
2008-09-30,,,,
2008-10-01,1503989.0,0.97,8629.0,20.0
2008-10-02,,,,25.0
2008-10-03,,,,25.0
2008-10-06,,,,25.0
2008-10-07,,,,
2008-10-08,1591587.0,,7910.0,
2008-10-09,,,,
2008-10-10,,,,
2008-10-13,,,,
2008-10-14,,,,25.0
2008-10-15,1770809.0,,7338.0,25.0
2008-10-16,,,,25.0
2008-10-17,,,,25.0
2008-10-20,,,,25.0
2008-10-21,,,,25.0
2008-10-22,1802602.0,,23166.0,25.0
2008-10-23,,,,25.0
2008-10-24,,,,25.0
2008-10-27,,,,25.0
2008-10-28,,,,25.0
2008-10-29,1969086.0,,100736.0,25.0
2008-10-30,,,,25.0
2008-10-31,,,,25.0
2008-11-01,,0.39,,
2008-11-03,,,,25.0
2008-11-04,,,,25.0
2008-11-05,2074205.0,,31800.0,25.0
2008-11-06,,,,25.0
2008-11-07,,,,25.0
2008-11-10,,,,15.0
2008-11-11,,,,
2008-11-12,2212852.0,,61776.0,25.0
2008-11-13,,,,25.0
2008-11-14,,,,25.0
2008-11-17,,,,25.0
2008-11-18,,,,20.0
2008-11-19,2187137.0,,60465.0,25.0
2008-11-20,,,,25.0
2008-11-21,,,,25.0
2008-11-24,,,,25.0
2008-11-25,,,,25.0
2008-11-26,2106117.0,,64531.0,25.0
2008-11-27,,,,
2008-11-28,,,,25.0
2008-12-01,,0.16,,25.0
2008-12-02,,,,25.0
2008-12-03,2136924.0,,61049.0,25.0
2008-12-04,,,,25.0
2008-12-05,,,,25.0
2008-12-08,,,,25.0
2008-12-09,,,,25.0
2008-12-10,2250012.0,,49529.0,25.0
2008-12-11,,,,25.0
2008-12-12,,,,25.0
2008-12-15,,,,25.0
2008-12-16,,,,25.0
2008-12-17,2254983.0,,79632.0,
2008-12-18,,,,
2008-12-19,,,,
2008-12-22,,,,
2008-12-23,,,,
2008-12-24,2232311.0,,125933.0,
2008-12-25,,,,
2008-12-26,,,,
2008-12-29,,,,
2008-12-30,,,,
2008-12-31,2239457.0,,114229.0,
2009-01-01,,0.15,,
2009-01-02,,,,
2009-01-05,,,,
2009-01-06,,,,
2009-01-07,2121439.0,,66137.0,
2009-01-08,,,,
2009-01-09,,,,
2009-01-12,,,,
2009-01-13,,,,
2009-01-14,2049714.0,,36826.0,
2009-01-15,,,,
2009-01-16,,,,
2009-01-19,,,,
2009-01-20,,,,
2009-01-21,2037112.0,,35510.0,
2009-01-22,,,,
2009-01-23,,,,
2009-01-26,,,,
2009-01-27,,,,
2009-01-28,1927082.0,,55539.0,
2009-01-29,,,,
2009-01-30,,,,
2009-02-01,,0.22,,
2009-02-02,,,,
2009-02-03,,,,
2009-02-04,1851437.0,,41917.0,
2009-02-05,,,,
2009-02-06,,,,
2009-02-09,,,,
2009-02-10,,,,
2009-02-11,1843400.0,,36506.0,
2009-02-12,,,,
2009-02-13,,,,
2009-02-16,,,,
2009-02-17,,,,
2009-02-18,1915562.0,,31082.0,
2009-02-19,,,,
2009-02-20,,,,
2009-02-23,,,,
2009-02-24,,,,
2009-02-25,1916115.0,,35583.0,
2009-02-26,,,,
2009-02-27,,,,
2009-03-01,,0.18,,
2009-03-02,,,,
2009-03-03,,,,
2009-03-04,1901317.0,,52413.0,
2009-03-05,,,,
2009-03-06,,,,
2009-03-09,,,,
2009-03-10,,,,
2009-03-11,1899514.0,,48896.0,
2009-03-12,,,,
2009-03-13,,,,
2009-03-16,,,,
2009-03-17,,,,
2009-03-18,2066942.0,,72723.0,
2009-03-19,,,,
2009-03-20,,,,
2009-03-23,,,,
2009-03-24,,,,
2009-03-25,2071556.0,,78083.0,
2009-03-26,,,,
2009-03-27,,,,
2009-03-30,,,,
2009-03-31,,,,
2009-04-01,2078936.0,0.15,47129.0,
2009-04-02,,,,
2009-04-03,,,,
2009-04-06,,,,
2009-04-07,,,,
2009-04-08,2088573.0,,35981.0,
2009-04-09,,,,
2009-04-10,,,,
2009-04-13,,,,
2009-04-14,,,,
2009-04-15,2186498.0,,41866.0,
2009-04-16,,,,
2009-04-17,,,,
2009-04-20,,,,
2009-04-21,,,,
2009-04-22,2196812.0,,65720.0,
2009-04-23,,,,
2009-04-24,,,,
2009-04-27,,,,
2009-04-28,,,,
2009-04-29,2066712.0,,84774.0,
2009-04-30,,,,
2009-05-01,,0.18,,
2009-05-04,,,,
2009-05-05,,,,
2009-05-06,2079758.0,,87083.0,
2009-05-07,,,,
2009-05-08,,,,
2009-05-11,,,,
2009-05-12,,,,
2009-05-13,2196351.0,,76059.0,
2009-05-14,,,,
2009-05-15,,,,
2009-05-18,,,,
2009-05-19,,,,
2009-05-20,2181632.0,,49838.0,
2009-05-21,,,,
2009-05-22,,,,
2009-05-25,,,,
2009-05-26,,,,
2009-05-27,2080115.0,,26692.0,
2009-05-28,,,,
2009-05-29,,,,
2009-06-01,,0.21,,
2009-06-02,,,,
2009-06-03,2077695.0,,32573.0,
2009-06-04,,,,
2009-06-05,,,,
2009-06-08,,,,
2009-06-09,,,,
2009-06-10,2052297.0,,31392.0,
2009-06-11,,,,
2009-06-12,,,,
2009-06-15,,,,
2009-06-16,,,,
2009-06-17,2072527.0,,42257.0,
2009-06-18,,,,
2009-06-19,,,,
2009-06-22,,,,
2009-06-23,,,,
2009-06-24,2025571.0,,118671.0,
2009-06-25,,,,
2009-06-26,,,,
2009-06-29,,,,
2009-06-30,,,,
2009-07-01,2005627.0,0.16,71990.0,
2009-07-02,,,,
2009-07-03,,,,
2009-07-06,,,,
2009-07-07,,,,
2009-07-08,1992740.0,,34200.0,
2009-07-09,,,,
2009-07-10,,,,
2009-07-13,,,,
2009-07-14,,,,
2009-07-15,2072451.0,,26431.0,
2009-07-16,,,,
2009-07-17,,,,
2009-07-20,,,,
2009-07-21,,,,
2009-07-22,2039001.0,,73188.0,
2009-07-23,,,,
2009-07-24,,,,
2009-07-27,,,,
2009-07-28,,,,
2009-07-29,2000547.0,,61406.0,
2009-07-30,,,,
2009-07-31,,,,
2009-08-01,,0.16,,
2009-08-03,,,,
2009-08-04,,,,
2009-08-05,1989203.0,,70812.0,
2009-08-06,,,,
2009-08-07,,,,
2009-08-10,,,,
2009-08-11,,,,
2009-08-12,2014899.0,,48217.0,
2009-08-13,,,,
2009-08-14,,,,
2009-08-17,,,,
2009-08-18,,,,
2009-08-19,2060641.0,,29767.0,
2009-08-20,,,,
2009-08-21,,,,
2009-08-24,,,,
2009-08-25,,,,
2009-08-26,2074902.0,,26273.0,
2009-08-27,,,,
2009-08-28,,,,
2009-08-31,,,,
2009-09-01,,0.15,,
2009-09-02,2083720.0,,35581.0,
2009-09-03,,,,
2009-09-04,,,,
2009-09-07,,,,
2009-09-08,,,,
2009-09-09,2087946.0,,16798.0,
2009-09-10,,,,
2009-09-11,,,,
2009-09-14,,,,
2009-09-15,,,,
2009-09-16,2139783.0,,25346.0,
2009-09-17,,,,
2009-09-18,,,,
2009-09-21,,,,
2009-09-22,,,,
2009-09-23,2158631.0,,53301.0,
2009-09-24,,,,
2009-09-25,,,,
2009-09-28,,,,
2009-09-29,,,,
2009-09-30,2141020.0,,37910.0,
2009-10-01,,0.12,,
2009-10-02,,,,
2009-10-05,,,,
2009-10-06,,,,
2009-10-07,2138086.0,,41579.0,
2009-10-08,,,,
2009-10-09,,,,
2009-10-12,,,,
2009-10-13,,,,
2009-10-14,2192787.0,,23173.0,
2009-10-15,,,,
2009-10-16,,,,
2009-10-19,,,,
2009-10-20,,,,
2009-10-21,2201119.0,,83461.0,
2009-10-22,,,,
2009-10-23,,,,
2009-10-26,,,,
2009-10-27,,,,
2009-10-28,2161537.0,,43241.0,
2009-10-29,,,,
2009-10-30,,,,
2009-11-01,,0.12,,
2009-11-02,,,,
2009-11-03,,,,
2009-11-04,2165067.0,,49511.0,
2009-11-05,,,,
2009-11-06,,,,
2009-11-09,,,,
2009-11-10,,,,
2009-11-11,2135035.0,,74637.0,
2009-11-12,,,,
2009-11-13,,,,
2009-11-16,,,,
2009-11-17,,,,
2009-11-18,2208721.0,,61634.0,
2009-11-19,,,,
2009-11-20,,,,
2009-11-23,,,,
2009-11-24,,,,
2009-11-25,2206359.0,,25904.0,
2009-11-26,,,,
2009-11-27,,,,
2009-11-30,,,,
2009-12-01,,0.12,,
2009-12-02,2204074.0,,38243.0,
2009-12-03,,,,
2009-12-04,,,,0.18
2009-12-07,,,,
2009-12-08,,,,
2009-12-09,2186383.0,,31793.0,
2009-12-10,,,,0.225
2009-12-11,,,,0.225
2009-12-14,,,,
2009-12-15,,,,
2009-12-16,2235763.0,,76741.0,
2009-12-17,,,,
2009-12-18,,,,
2009-12-21,,,,
2009-12-22,,,,
2009-12-23,2235803.0,,94951.0,
2009-12-24,,,,
2009-12-25,,,,
2009-12-28,,,,
2009-12-29,,,,
2009-12-30,2234067.0,,118523.0,
2009-12-31,,,,
2010-01-01,,0.11,,
2010-01-04,,,,
2010-01-05,,,,
2010-01-06,2235304.0,,178343.0,
2010-01-07,,,,
2010-01-08,,,,
2010-01-11,,,,
2010-01-12,,,,
2010-01-13,2291700.0,,136382.0,
2010-01-14,,,,
2010-01-15,,,,
2010-01-18,,,,
2010-01-19,,,,
2010-01-20,2251806.0,,143908.0,
2010-01-21,,,,
2010-01-22,,,,
2010-01-25,,,,
2010-01-26,,,,
2010-01-27,2246886.0,,135038.0,
2010-01-28,,,,
2010-01-29,,,,
2010-02-01,,0.13,,
2010-02-02,,,,
2010-02-03,2249319.0,,109506.0,
2010-02-04,,,,
2010-02-05,,,,
2010-02-08,,,,
2010-02-09,,,,
2010-02-10,2256679.0,,79862.0,
2010-02-11,,,,
2010-02-12,,,,
2010-02-15,,,,
2010-02-16,,,,
2010-02-17,2277574.0,,46480.0,
2010-02-18,,,,
2010-02-19,,,,
2010-02-22,,,,
2010-02-23,,,,
2010-02-24,2286127.0,,32891.0,
2010-02-25,,,,
2010-02-26,,,,
2010-03-01,,0.16,,
2010-03-02,,,,
2010-03-03,2280147.0,,38894.0,
2010-03-04,,,,
2010-03-05,,,,
2010-03-08,,,,
2010-03-09,,,,
2010-03-10,2282474.0,,36142.0,
2010-03-11,,,,
2010-03-12,,,,
2010-03-15,,,,
2010-03-16,,,,
2010-03-17,2307997.0,,52167.0,
2010-03-18,,,,
2010-03-19,,,,
2010-03-22,,,,
2010-03-23,,,,
2010-03-24,2313149.0,,67603.0,
2010-03-25,,,,
2010-03-26,,,,
2010-03-29,,,,
2010-03-30,,,,
2010-03-31,2307150.0,,35896.0,
2010-04-01,,0.2,,
2010-04-02,,,,
2010-04-05,,,,
2010-04-06,,,,
2010-04-07,2307575.0,,19091.0,
2010-04-08,,,,
2010-04-09,,,,
2010-04-12,,,,
2010-04-13,,,,
2010-04-14,2339345.0,,11666.0,
2010-04-15,,,,
2010-04-16,,,,
2010-04-19,,,,
2010-04-20,,,,
2010-04-21,2337556.0,,46088.0,
2010-04-22,,,,
2010-04-23,,,,
2010-04-26,,,,
2010-04-27,,,,
2010-04-28,2330472.0,,57162.0,
2010-04-29,,,,
2010-04-30,,,,
2010-05-01,,0.2,,
2010-05-03,,,,
2010-05-04,,,,
2010-05-05,2326164.0,,76667.0,
2010-05-06,,,,
2010-05-07,,,,
2010-05-10,,,,
2010-05-11,,,,
2010-05-12,2336103.0,,34305.0,
2010-05-13,,,,
2010-05-14,,,,
2010-05-17,,,,
2010-05-18,,,,
2010-05-19,2350890.0,,21159.0,
2010-05-20,,,,
2010-05-21,,,,
2010-05-24,,,,
2010-05-25,,,,
2010-05-26,2334041.0,,26077.0,
2010-05-27,,,,
2010-05-28,,,,
2010-05-31,,,,
2010-06-01,,0.18,,
2010-06-02,2336216.0,,33135.0,
2010-06-03,,,,
2010-06-04,,,,
2010-06-07,,,,
2010-06-08,,,,
2010-06-09,2331529.0,,32796.0,
2010-06-10,,,,
2010-06-11,,,,
2010-06-14,,,,
2010-06-15,,,,
2010-06-16,2344316.0,,29199.0,
2010-06-17,,,,
2010-06-18,,,,
2010-06-21,,,,
2010-06-22,,,,
2010-06-23,2344497.0,,45852.0,
2010-06-24,,,,
2010-06-25,,,,
2010-06-28,,,,
2010-06-29,,,,
2010-06-30,2330851.0,,40112.0,
2010-07-01,,0.18,,
2010-07-02,,,,
2010-07-05,,,,
2010-07-06,,,,
2010-07-07,2332017.0,,25984.0,
2010-07-08,,,,
2010-07-09,,,,
2010-07-12,,,,
2010-07-13,,,,
2010-07-14,2340717.0,,18262.0,
2010-07-15,,,,
2010-07-16,,,,
2010-07-19,,,,
2010-07-20,,,,
2010-07-21,2332322.0,,51307.0,
2010-07-22,,,,
2010-07-23,,,,
2010-07-26,,,,
2010-07-27,,,,
2010-07-28,2325298.0,,41603.0,
2010-07-29,,,,
2010-07-30,,,,
2010-08-01,,0.19,,
2010-08-02,,,,
2010-08-03,,,,
2010-08-04,2326479.0,,27377.0,
2010-08-05,,,,
2010-08-06,,,,
2010-08-09,,,,
2010-08-10,,,,
2010-08-11,2327533.0,,36113.0,
2010-08-12,,,,0.18
2010-08-13,,,,
2010-08-16,,,,
2010-08-17,,,,
2010-08-18,2313662.0,,28343.0,
2010-08-19,,,,
2010-08-20,,,,
2010-08-23,,,,
2010-08-24,,,,
2010-08-25,2301015.0,,18823.0,
2010-08-26,,,,
2010-08-27,,,,
2010-08-30,,,,
2010-08-31,,,,
2010-09-01,2301996.0,0.19,23113.0,
2010-09-02,,,,
2010-09-03,,,,
2010-09-06,,,,
2010-09-07,,,,
2010-09-08,2305802.0,,23062.0,
2010-09-09,,,,
2010-09-10,,,,
2010-09-13,,,,
2010-09-14,,,,
2010-09-15,2296079.0,,22341.0,
2010-09-16,,,,
2010-09-17,,,,
2010-09-20,,,,
2010-09-21,,,,
2010-09-22,2307171.0,,77377.0,
2010-09-23,,,,
2010-09-24,,,,
2010-09-27,,,,
2010-09-28,,,,
2010-09-29,2298691.0,,57576.0,
2010-09-30,,,,
2010-10-01,,0.19,,
2010-10-04,,,,
2010-10-05,,,,
2010-10-06,2308092.0,,58125.0,
2010-10-07,,,,
2010-10-08,,,,
2010-10-11,,,,
2010-10-12,,,,
2010-10-13,2309885.0,,22780.0,
2010-10-14,,,,
2010-10-15,,,,
2010-10-18,,,,
2010-10-19,,,,
2010-10-20,2305227.0,,49934.0,
2010-10-21,,,,
2010-10-22,,,,
2010-10-25,,,,
2010-10-26,,,,
2010-10-27,2295392.0,,37919.0,
2010-10-28,,,,
2010-10-29,,,,
2010-11-01,,0.19,,
2010-11-02,,,,
2010-11-03,2300353.0,,34276.0,
2010-11-04,,,,
2010-11-05,,,,
2010-11-08,,,,
2010-11-09,,,,
2010-11-10,2312768.0,,21585.0,
2010-11-11,,,,
2010-11-12,,,,
2010-11-15,,,,
2010-11-16,,,,
2010-11-17,2314757.0,,21787.0,
2010-11-18,,,,
2010-11-19,,,,
2010-11-22,,,,
2010-11-23,,,,
2010-11-24,2346001.0,,29391.0,
2010-11-25,,,,
2010-11-26,,,,
2010-11-29,,,,
2010-11-30,,,,
2010-12-01,2346920.0,0.18,35378.0,
2010-12-02,,,,
2010-12-03,,,,
2010-12-06,,,,
2010-12-07,,,,
2010-12-08,2382294.0,,21184.0,
2010-12-09,,,,
2010-12-10,,,,
2010-12-13,,,,
2010-12-14,,,,
2010-12-15,2385754.0,,30093.0,
2010-12-16,,,,
2010-12-17,,,,
2010-12-20,,,,
2010-12-21,,,,
2010-12-22,2427921.0,,91479.0,
2010-12-23,,,,
2010-12-24,,,,
2010-12-27,,,,
2010-12-28,,,,
2010-12-29,2420570.0,,87472.0,
2010-12-30,,,,
2010-12-31,,,,
2011-01-01,,0.17,,
2011-01-03,,,,
2011-01-04,,,,
2011-01-05,2436064.0,,115386.0,
2011-01-06,,,,
2011-01-07,,,,
2011-01-10,,,,
2011-01-11,,,,
2011-01-12,2468131.0,,89107.0,
2011-01-13,,,,
2011-01-14,,,,
2011-01-17,,,,
2011-01-18,,,,
2011-01-19,2425164.0,,58958.0,
2011-01-20,,,,
2011-01-21,,,,
2011-01-24,,,,
2011-01-25,,,,
2011-01-26,2443527.0,,91704.0,
2011-01-27,,,,
2011-01-28,,,,
2011-01-31,,,,
2011-02-01,,0.16,,
2011-02-02,2469419.0,,97314.0,
2011-02-03,,,,
2011-02-04,,,,
2011-02-07,,,,
2011-02-08,,,,
2011-02-09,2500481.0,,81217.0,
2011-02-10,,,,
2011-02-11,,,,
2011-02-14,,,,
2011-02-15,,,,
2011-02-16,2508868.0,,46423.0,
2011-02-17,,,,
2011-02-18,,,,
2011-02-21,,,,
2011-02-22,,,,
2011-02-23,2533221.0,,40558.0,
2011-02-24,,,,
2011-02-25,,,,
2011-02-28,,,,
2011-03-01,,0.14,,
2011-03-02,2545119.0,,47058.0,
2011-03-03,,,,
2011-03-04,,,,
2011-03-07,,,,
2011-03-08,,,,
2011-03-09,2577076.0,,35841.0,
2011-03-10,,,,
2011-03-11,,,,
2011-03-14,,,,
2011-03-15,,,,
2011-03-16,2583046.0,,42088.0,
2011-03-17,,,,
2011-03-18,,,,
2011-03-21,,,,
2011-03-22,,,,
2011-03-23,2601341.0,,87280.0,
2011-03-24,,,,
2011-03-25,,,,0.31
2011-03-28,,,,
2011-03-29,,,,
2011-03-30,2622523.0,,58515.0,0.77
2011-03-31,,,,
2011-04-01,,0.1,,
2011-04-04,,,,
2011-04-05,,,,
2011-04-06,2648676.0,,54802.0,
2011-04-07,,,,
2011-04-08,,,,
2011-04-11,,,,
2011-04-12,,,,
2011-04-13,2665408.0,,25419.0,
2011-04-14,,,,
2011-04-15,,,,
2011-04-18,,,,
2011-04-19,,,,
2011-04-20,2685782.0,,73268.0,
2011-04-21,,,,
2011-04-22,,,,
2011-04-25,,,,
2011-04-26,,,,
2011-04-27,2690985.0,,104152.0,
2011-04-28,,,,
2011-04-29,,,,
2011-05-01,,0.09,,
2011-05-02,,,,
2011-05-03,,,,
2011-05-04,2718757.0,,115026.0,
2011-05-05,,,,
2011-05-06,,,,
2011-05-09,,,,
2011-05-10,,,,
2011-05-11,2744498.0,,99593.0,
2011-05-12,,,,
2011-05-13,,,,
2011-05-16,,,,
2011-05-17,,,,
2011-05-18,2758009.0,,91448.0,
2011-05-19,,,,
2011-05-20,,,,
2011-05-23,,,,
2011-05-24,,,,
2011-05-25,2774996.0,,84259.0,
2011-05-26,,,,
2011-05-27,,,,
2011-05-30,,,,
2011-05-31,,,,
2011-06-01,2788723.0,0.09,65992.0,
2011-06-02,,,,
2011-06-03,,,,
2011-06-06,,,,
2011-06-07,,,,
2011-06-08,2811206.0,,38188.0,
2011-06-09,,,,0.28
2011-06-10,,,,
2011-06-13,,,,
2011-06-14,,,,
2011-06-15,2827549.0,,41336.0,0.749
2011-06-16,,,,
2011-06-17,,,,
2011-06-20,,,,
2011-06-21,,,,
2011-06-22,2856403.0,,122935.0,
2011-06-23,,,,
2011-06-24,,,,
2011-06-27,,,,
2011-06-28,,,,
2011-06-29,2865251.0,,107983.0,
2011-06-30,,,,
2011-07-01,,0.07,,
2011-07-04,,,,
2011-07-05,,,,
2011-07-06,2870103.0,,76560.0,
2011-07-07,,,,
2011-07-08,,,,
2011-07-11,,,,
2011-07-12,,,,
2011-07-13,2878074.0,,50339.0,
2011-07-14,,,,
2011-07-15,,,,
2011-07-18,,,,
2011-07-19,,,,
2011-07-20,2871301.0,,90719.0,
2011-07-21,,,,
2011-07-22,,,,
2011-07-25,,,,
2011-07-26,,,,
2011-07-27,2863576.0,,77019.0,
2011-07-28,,,,
2011-07-29,,,,
2011-08-01,,0.1,,
2011-08-02,,,,
2011-08-03,2867215.0,,56911.0,
2011-08-04,,,,
2011-08-05,,,,
2011-08-08,,,,
2011-08-09,,,,
2011-08-10,2872423.0,,23425.0,
2011-08-11,,,,
2011-08-12,,,,
2011-08-15,,,,
2011-08-16,,,,0.02
2011-08-17,2857906.0,,20172.0,
2011-08-18,,,,0.624
2011-08-19,,,,
2011-08-22,,,,
2011-08-23,,,,
2011-08-24,2859433.0,,20782.0,
2011-08-25,,,,
2011-08-26,,,,
2011-08-29,,,,
2011-08-30,,,,
2011-08-31,2853888.0,,20320.0,
2011-09-01,,0.08,,
2011-09-02,,,,
2011-09-05,,,,
2011-09-06,,,,
2011-09-07,2858660.0,,20192.0,
2011-09-08,,,,
2011-09-09,,,,
2011-09-12,,,,
2011-09-13,,,,
2011-09-14,2863540.0,,13766.0,
2011-09-15,,,,
2011-09-16,,,,
2011-09-19,,,,
2011-09-20,,,,
2011-09-21,2857747.0,,64915.0,
2011-09-22,,,,
2011-09-23,,,,
2011-09-26,,,,
2011-09-27,,,,
2011-09-28,2850921.0,,55718.0,
2011-09-29,,,,
2011-09-30,,,,
2011-10-01,,0.07,,
2011-10-03,,,,
2011-10-04,,,,
2011-10-05,2859701.0,,43655.0,
2011-10-06,,,,
2011-10-07,,,,
2011-10-10,,,,
2011-10-11,,,,
2011-10-12,2860822.0,,21906.0,
2011-10-13,,,,
2011-10-14,,,,
2011-10-17,,,,
2011-10-18,,,,
2011-10-19,2852390.0,,43403.0,
2011-10-20,,,,
2011-10-21,,,,
2011-10-24,,,,
2011-10-25,,,,
2011-10-26,2845685.0,,64369.0,
2011-10-27,,,,
2011-10-28,,,,
2011-10-31,,,,
2011-11-01,,0.08,,
2011-11-02,2822034.0,,57775.0,
2011-11-03,,,,
2011-11-04,,,,
2011-11-07,,,,
2011-11-08,,,,
2011-11-09,2839786.0,,37029.0,
2011-11-10,,,,
2011-11-11,,,,
2011-11-14,,,,
2011-11-15,,,,
2011-11-16,2831576.0,,29786.0,
2011-11-17,,,,
2011-11-18,,,,
2011-11-21,,,,
2011-11-22,,,,
2011-11-23,2821980.0,,44347.0,
2011-11-24,,,,
2011-11-25,,,,
2011-11-28,,,,
2011-11-29,,,,
2011-11-30,2814235.0,,43770.0,
2011-12-01,,0.07,,
2011-12-02,,,,
2011-12-05,,,,
2011-12-06,,,,
2011-12-07,2820691.0,,28282.0,
2011-12-08,,,,
2011-12-09,,,,
2011-12-12,,,,
2011-12-13,,,,
2011-12-14,2902488.0,,21484.0,
2011-12-15,,,,
2011-12-16,,,,
2011-12-19,,,,
2011-12-20,,,,
2011-12-21,2916085.0,,112404.0,
2011-12-22,,,,
2011-12-23,,,,
2011-12-26,,,,
2011-12-27,,,,
2011-12-28,2926095.0,,98652.0,
2011-12-29,,,,
2011-12-30,,,,
2012-01-01,,0.08,,
2012-01-02,,,,
2012-01-03,,,,
2012-01-04,2917689.0,,87058.0,
2012-01-05,,,,
2012-01-06,,,,
2012-01-09,,,,
2012-01-10,,,,
2012-01-11,2899149.0,,78263.0,
2012-01-12,,,,
2012-01-13,,,,
2012-01-16,,,,
2012-01-17,,,,
2012-01-18,2919423.0,,78069.0,
2012-01-19,,,,
2012-01-20,,,,
2012-01-23,,,,
2012-01-24,,,,
2012-01-25,2919545.0,,111236.0,
2012-01-26,,,,
2012-01-27,,,,
2012-01-30,,,,
2012-01-31,,,,
2012-02-01,2924947.0,0.1,117554.0,
2012-02-02,,,,
2012-02-03,,,,
2012-02-06,,,,
2012-02-07,,,,
2012-02-08,2928275.0,,87962.0,
2012-02-09,,,,
2012-02-10,,,,
2012-02-13,,,,
2012-02-14,,,,
2012-02-15,2937893.0,,58049.0,
2012-02-16,,,,
2012-02-17,,,,
2012-02-20,,,,
2012-02-21,,,,
2012-02-22,2932813.0,,55795.0,
2012-02-23,,,,
2012-02-24,,,,
2012-02-27,,,,
2012-02-28,,,,
2012-02-29,2925722.0,,39475.0,
2012-03-01,,0.13,,0.1
2012-03-02,,,,
2012-03-05,,,,
2012-03-06,,,,
2012-03-07,2884747.0,,36963.0,0.99
2012-03-08,,,,
2012-03-09,,,,
2012-03-12,,,,
2012-03-13,,,,
2012-03-14,2893560.0,,41816.0,
2012-03-15,,,,
2012-03-16,,,,
2012-03-19,,,,
2012-03-20,,,,
2012-03-21,2892646.0,,102488.0,
2012-03-22,,,,
2012-03-23,,,,
2012-03-26,,,,
2012-03-27,,,,
2012-03-28,2878137.0,,84043.0,
2012-03-29,,,,
2012-03-30,,,,
2012-04-01,,0.14,,
2012-04-02,,,,
2012-04-03,,,,
2012-04-04,2865478.0,,54899.0,
2012-04-05,,,,
2012-04-06,,,,
2012-04-09,,,,
2012-04-10,,,,
2012-04-11,2867200.0,,45289.0,
2012-04-12,,,,
2012-04-13,,,,
2012-04-16,,,,
2012-04-17,,,,
2012-04-18,2875470.0,,53427.0,
2012-04-19,,,,
2012-04-20,,,,
2012-04-23,,,,
2012-04-24,,,,
2012-04-25,2866561.0,,78498.0,
2012-04-26,,,,
2012-04-27,,,,
2012-04-30,,,,
2012-05-01,,0.16,,
2012-05-02,2864280.0,,120748.0,
2012-05-03,,,,
2012-05-04,,,,
2012-05-07,,,,
2012-05-08,,,,
2012-05-09,2864150.0,,113232.0,
2012-05-10,,,,
2012-05-11,,,,
2012-05-14,,,,
2012-05-15,,,,
2012-05-16,2850984.0,,99876.0,
2012-05-17,,,,
2012-05-18,,,,
2012-05-21,,,,
2012-05-22,,,,
2012-05-23,2859495.0,,90083.0,
2012-05-24,,,,
2012-05-25,,,,
2012-05-28,,,,
2012-05-29,,,,
2012-05-30,2842654.0,,67804.0,
2012-05-31,,,,
2012-06-01,,0.16,,
2012-06-04,,,,
2012-06-05,,,,
2012-06-06,2852018.0,,60763.0,
2012-06-07,,,,
2012-06-08,,,,
2012-06-11,,,,
2012-06-12,,,,
2012-06-13,2869071.0,,41885.0,
2012-06-14,,,,
2012-06-15,,,,
2012-06-18,,,,
2012-06-19,,,,
2012-06-20,2870846.0,,114746.0,
2012-06-21,,,,
2012-06-22,,,,
2012-06-25,,,,
2012-06-26,,,,
2012-06-27,2863547.0,,129149.0,
2012-06-28,,,,
2012-06-29,,,,
2012-07-01,,0.16,,
2012-07-02,,,,
2012-07-03,,,,
2012-07-04,2865858.0,,100829.0,
2012-07-05,,,,
2012-07-06,,,,
2012-07-09,,,,
2012-07-10,,,,
2012-07-11,2866279.0,,86400.0,
2012-07-12,,,,
2012-07-13,,,,
2012-07-16,,,,
2012-07-17,,,,
2012-07-18,2855807.0,,63021.0,
2012-07-19,,,,
2012-07-20,,,,
2012-07-23,,,,
2012-07-24,,,,
2012-07-25,2846757.0,,45537.0,
2012-07-26,,,,
2012-07-27,,,,
2012-07-30,,,,
2012-07-31,,,,
2012-08-01,2851118.0,0.13,42102.0,
2012-08-02,,,,
2012-08-03,,,,
2012-08-06,,,,
2012-08-07,,,,
2012-08-08,2856181.0,,35622.0,
2012-08-09,,,,
2012-08-10,,,,
2012-08-13,,,,
2012-08-14,,,,
2012-08-15,2833317.0,,28398.0,
2012-08-16,,,,
2012-08-17,,,,
2012-08-20,,,,
2012-08-21,,,,
2012-08-22,2825661.0,,24038.0,
2012-08-23,,,,
2012-08-24,,,,
2012-08-27,,,,
2012-08-28,,,,
2012-08-29,2812806.0,,25194.0,
2012-08-30,,,,
2012-08-31,,,,
2012-09-01,,0.14,,
2012-09-03,,,,
2012-09-04,,,,
2012-09-05,2822169.0,,30048.0,
2012-09-06,,,,
2012-09-07,,,,0.06
2012-09-10,,,,
2012-09-11,,,,
2012-09-12,2823448.0,,47019.0,
2012-09-13,,,,
2012-09-14,,,,
2012-09-17,,,,
2012-09-18,,,,
2012-09-19,2821574.0,,64716.0,
2012-09-20,,,,
2012-09-21,,,,
2012-09-24,,,,
2012-09-25,,,,
2012-09-26,2804457.0,,73239.0,
2012-09-27,,,,
2012-09-28,,,,
2012-10-01,,0.16,,
2012-10-02,,,,
2012-10-03,2808512.0,,83297.0,
2012-10-04,,,,
2012-10-05,,,,
2012-10-08,,,,
2012-10-09,,,,
2012-10-10,2811623.0,,65845.0,
2012-10-11,,,,
2012-10-12,,,,
2012-10-15,,,,
2012-10-16,,,,
2012-10-17,2846920.0,,58473.0,
2012-10-18,,,,
2012-10-19,,,,
2012-10-22,,,,
2012-10-23,,,,
2012-10-24,2840964.0,,62738.0,
2012-10-25,,,,
2012-10-26,,,,
2012-10-29,,,,
2012-10-30,,,,
2012-10-31,2823137.0,,53905.0,
2012-11-01,,0.16,,
2012-11-02,,,,
2012-11-05,,,,
2012-11-06,,,,
2012-11-07,2830791.0,,28002.0,
2012-11-08,,,,
2012-11-09,,,,
2012-11-12,,,,
2012-11-13,,,,
2012-11-14,2877244.0,,38664.0,
2012-11-15,,,,
2012-11-16,,,,
2012-11-19,,,,
2012-11-20,,,,
2012-11-21,2871161.0,,24433.0,
2012-11-22,,,,
2012-11-23,,,,
2012-11-26,,,,
2012-11-27,,,,
2012-11-28,2851362.0,,27904.0,
2012-11-29,,,,
2012-11-30,,,,1.18
2012-12-01,,0.16,,
2012-12-03,,,,
2012-12-04,,,,
2012-12-05,2859807.0,,33997.0,
2012-12-06,,,,
2012-12-07,,,,
2012-12-10,,,,
2012-12-11,,,,
2012-12-12,2917260.0,,38980.0,
2012-12-13,,,,
2012-12-14,,,,
2012-12-17,,,,
2012-12-18,,,,
2012-12-19,2920231.0,,54986.0,
2012-12-20,,,,
2012-12-21,,,,
2012-12-24,,,,
2012-12-25,,,,
2012-12-26,2907300.0,,55563.0,
2012-12-27,,,,
2012-12-28,,,,
2012-12-31,,,,
2013-01-01,,0.14,,
2013-01-02,2917189.0,,71564.0,
2013-01-03,,,,
2013-01-04,,,,
2013-01-07,,,,
2013-01-08,,,,
2013-01-09,2928728.0,,59644.0,
2013-01-10,,,,
2013-01-11,,,,
2013-01-14,,,,
2013-01-15,,,,
2013-01-16,2963812.0,,54020.0,
2013-01-17,,,,
2013-01-18,,,,
2013-01-21,,,,
2013-01-22,,,,
2013-01-23,3011697.0,,72207.0,
2013-01-24,,,,
2013-01-25,,,,
2013-01-28,,,,
2013-01-29,,,,
2013-01-30,3008704.0,,71127.0,
2013-01-31,,,,
2013-02-01,,0.15,,
2013-02-04,,,,
2013-02-05,,,,
2013-02-06,3014975.0,,64279.0,
2013-02-07,,,,
2013-02-08,,,,
2013-02-11,,,,
2013-02-12,,,,
2013-02-13,3074225.0,,34908.0,
2013-02-14,,,,
2013-02-15,,,,
2013-02-18,,,,
2013-02-19,,,,
2013-02-20,3095150.0,,24877.0,
2013-02-21,,,,
2013-02-22,,,,
2013-02-25,,,,
2013-02-26,,,,
2013-02-27,3090600.0,,43012.0,
2013-02-28,,,,
2013-03-01,,0.14,,
2013-03-04,,,,
2013-03-05,,,,
2013-03-06,3108805.0,,36793.0,
2013-03-07,,,,
2013-03-08,,,,
2013-03-11,,,,
2013-03-12,,,,
2013-03-13,3165396.0,,43000.0,
2013-03-14,,,,
2013-03-15,,,,
2013-03-18,,,,
2013-03-19,,,,
2013-03-20,3206888.0,,71366.0,
2013-03-21,,,,
2013-03-22,,,,
2013-03-25,,,,
2013-03-26,,,,
2013-03-27,3202256.0,,68019.0,
2013-03-28,,,,
2013-03-29,,,,
2013-04-01,,0.15,,
2013-04-02,,,,
2013-04-03,3215432.0,,76144.0,0.12
2013-04-04,,,,
2013-04-05,,,,1.19
2013-04-08,,,,
2013-04-09,,,,
2013-04-10,3227762.0,,58767.0,
2013-04-11,,,,
2013-04-12,,,,
2013-04-15,,,,
2013-04-16,,,,
2013-04-17,3295109.0,,82572.0,
2013-04-18,,,,
2013-04-19,,,,
2013-04-22,,,,
2013-04-23,,,,
2013-04-24,3318649.0,,128700.0,
2013-04-25,,,,
2013-04-26,,,,
2013-04-29,,,,
2013-04-30,,,,
2013-05-01,3317194.0,0.11,157054.0,
2013-05-02,,,,
2013-05-03,,,,
2013-05-06,,,,
2013-05-07,,,,
2013-05-08,3324615.0,,144071.0,
2013-05-09,,,,
2013-05-10,,,,
2013-05-13,,,,
2013-05-14,,,,
2013-05-15,3354269.0,,89999.0,
2013-05-16,,,,
2013-05-17,,,,
2013-05-20,,,,
2013-05-21,,,,
2013-05-22,3398713.0,,33233.0,
2013-05-23,,,,
2013-05-24,,,,
2013-05-27,,,,
2013-05-28,,,,
2013-05-29,3385128.0,,13502.0,
2013-05-30,,,,
2013-05-31,,,,
2013-06-01,,0.09,,
2013-06-03,,,,
2013-06-04,,,,
2013-06-05,3400183.0,,30230.0,
2013-06-06,,,,
2013-06-07,,,,
2013-06-10,,,,
2013-06-11,,,,
2013-06-12,3410842.0,,43056.0,
2013-06-13,,,,
2013-06-14,,,,
2013-06-17,,,,
2013-06-18,,,,
2013-06-19,3470530.0,,79129.0,
2013-06-20,,,,
2013-06-21,,,,
2013-06-24,,,,
2013-06-25,,,,
2013-06-26,3478672.0,,97212.0,
2013-06-27,,,,
2013-06-28,,,,
2013-07-01,,0.09,,
2013-07-02,,,,
2013-07-03,3492742.0,,118745.0,
2013-07-04,,,,
2013-07-05,,,,
2013-07-08,,,,
2013-07-09,,,,
2013-07-10,3504095.0,,88690.0,
2013-07-11,,,,
2013-07-12,,,,
2013-07-15,,,,
2013-07-16,,,,
2013-07-17,3537861.0,,70158.0,
2013-07-18,,,,
2013-07-19,,,,
2013-07-22,,,,
2013-07-23,,,,
2013-07-24,3574574.0,,58403.0,
2013-07-25,,,,
2013-07-26,,,,
2013-07-29,,,,
2013-07-30,,,,
2013-07-31,3571797.0,,60063.0,
2013-08-01,,0.08,,
2013-08-02,,,,
2013-08-05,,,,
2013-08-06,,,,
2013-08-07,3585359.0,,60845.0,2.26
2013-08-08,,,,
2013-08-09,,,,
2013-08-12,,,,
2013-08-13,,,,2.32
2013-08-14,3646323.0,,64121.0,1.21
2013-08-15,,,,
2013-08-16,,,,
2013-08-19,,,,5.0
2013-08-20,,,,5.0
2013-08-21,3645668.0,,51174.0,
2013-08-22,,,,
2013-08-23,,,,
2013-08-26,,,,
2013-08-27,,,,
2013-08-28,3644456.0,,37298.0,
2013-08-29,,,,
2013-08-30,,,,
2013-09-01,,0.08,,
2013-09-02,,,,
2013-09-03,,,,
2013-09-04,3654182.0,,32432.0,
2013-09-05,,,,
2013-09-06,,,,
2013-09-09,,,,
2013-09-10,,,,
2013-09-11,3662035.0,,38551.0,
2013-09-12,,,,
2013-09-13,,,,
2013-09-16,,,,
2013-09-17,,,,
2013-09-18,3722192.0,,48099.0,
2013-09-19,,,,
2013-09-20,,,,
2013-09-23,,,,11.809
2013-09-24,,,,12.711
2013-09-25,3734018.0,,44991.0,6.244
2013-09-26,,,,9.403
2013-09-27,,,,16.622
2013-09-30,,,,58.157
2013-10-01,,0.09,,4.507
2013-10-02,3747387.0,,37961.0,2.702
2013-10-03,,,,2.256
2013-10-04,,,,1.381
2013-10-07,,,,0.755
2013-10-08,,,,0.725
2013-10-09,3758663.0,,28728.0,0.425
2013-10-10,,,,1.997
2013-10-11,,,,1.421
2013-10-14,,,,
2013-10-15,,,,2.096
2013-10-16,3813599.0,,35301.0,2.97
2013-10-17,,,,3.122
2013-10-18,,,,4.221
2013-10-21,,,,4.876
2013-10-22,,,,8.37
2013-10-23,3839033.0,,44193.0,15.74
2013-10-24,,,,4.949
2013-10-25,,,,3.283
2013-10-28,,,,2.148
2013-10-29,,,,1.872
2013-10-30,3843396.0,,31806.0,5.456
2013-10-31,,,,13.89
2013-11-01,,0.08,,4.65
2013-11-04,,,,4.088
2013-11-05,,,,2.425
2013-11-06,3851623.0,,34358.0,6.715
2013-11-07,,,,1.075
2013-11-08,,,,1.48
2013-11-11,,,,
2013-11-12,,,,4.4
2013-11-13,3907424.0,,45639.0,3.97
2013-11-14,,,,1.341
2013-11-15,,,,0.345
2013-11-18,,,,2.32
2013-11-19,,,,5.07
2013-11-20,3906620.0,,49446.0,6.121
2013-11-21,,,,5.571
2013-11-22,,,,3.345
2013-11-25,,,,3.37
2013-11-26,,,,3.95
2013-11-27,3925876.0,,53744.0,5.721
2013-11-28,,,,
2013-11-29,,,,22.018
2013-12-01,,0.09,,
2013-12-02,,,,8.02
2013-12-03,,,,7.12
2013-12-04,3932626.0,,37947.0,11.095
2013-12-05,,,,5.696
2013-12-06,,,,7.42
2013-12-09,,,,10.845
2013-12-10,,,,14.22
2013-12-11,3993955.0,,28992.0,34.461
2013-12-12,,,,26.12
2013-12-13,,,,17.515
2013-12-16,,,,6.146
2013-12-17,,,,14.07
2013-12-18,4008062.0,,70572.0,11.105
2013-12-19,,,,15.391
2013-12-20,,,,26.525
2013-12-23,,,,28.761
2013-12-24,,,,42.245
2013-12-25,4032575.0,,99122.0,
2013-12-26,,,,46.97
2013-12-27,,,,94.995
2013-12-30,,,,102.573
2013-12-31,,,,197.755
2014-01-01,4023640.0,0.07,105104.0,
2014-01-02,,,,83.725
2014-01-03,,,,56.682
2014-01-06,,,,77.265
2014-01-07,,,,60.261
2014-01-08,4028185.0,,119258.0,43.545
2014-01-09,,,,51.2
2014-01-10,,,,49.565
2014-01-13,,,,60.47
2014-01-14,,,,54.16
2014-01-15,4071528.0,,80022.0,46.752
2014-01-16,,,,67.829
2014-01-17,,,,73.016
2014-01-20,,,,
2014-01-21,,,,82.42
2014-01-22,4097914.0,,77798.0,93.711
2014-01-23,,,,84.917
2014-01-24,,,,72.495
2014-01-27,,,,85.68
2014-01-28,,,,94.53
2014-01-29,4102138.0,,89337.0,94.276
2014-01-30,,,,98.32
2014-01-31,,,,102.139
2014-02-01,,0.07,,
2014-02-03,,,,69.923
2014-02-04,,,,105.798
2014-02-05,4109285.0,,80081.0,100.382
2014-02-06,,,,101.917
2014-02-07,,,,101.109
2014-02-10,,,,112.214
2014-02-11,,,,98.871
2014-02-12,4119474.0,,36410.0,94.026
2014-02-13,,,,101.186
2014-02-14,,,,87.715
2014-02-17,,,,
2014-02-18,,,,70.834
2014-02-19,4149224.0,,41184.0,83.299
2014-02-20,,,,84.254
2014-02-21,,,,104.045
2014-02-24,,,,96.142
2014-02-25,,,,103.735
2014-02-26,4159972.0,,46704.0,130.111
2014-02-27,,,,120.886
2014-02-28,,,,114.479
2014-03-01,,0.08,,
2014-03-03,,,,80.225
2014-03-04,,,,66.129
2014-03-05,4171762.0,,45394.0,76.183
2014-03-06,,,,55.489
2014-03-07,,,,57.908
2014-03-10,,,,71.89
2014-03-11,,,,72.275
2014-03-12,4181361.0,,56141.0,66.2
2014-03-13,,,,70.357
2014-03-14,,,,54.253
2014-03-17,,,,48.592
2014-03-18,,,,78.606
2014-03-19,4222081.0,,88345.0,76.145
2014-03-20,,,,80.564
2014-03-21,,,,96.847
2014-03-24,,,,79.629
2014-03-25,,,,94.432
2014-03-26,4226971.0,,102040.0,101.944
2014-03-27,,,,112.832
2014-03-28,,,,128.162
2014-03-31,,,,242.069
2014-04-01,,0.09,,113.017
2014-04-02,4236441.0,,96163.0,106.045
2014-04-03,,,,96.38
2014-04-04,,,,95.244
2014-04-07,,,,94.739
2014-04-08,,,,94.435
2014-04-09,4244188.0,,62436.0,89.023
2014-04-10,,,,93.958
2014-04-11,,,,80.874
2014-04-14,,,,75.823
2014-04-15,,,,64.907
2014-04-16,4283967.0,,65457.0,71.744
2014-04-17,,,,
2014-04-18,,,,
2014-04-21,,,,129.837
2014-04-22,,,,159.202
2014-04-23,4296339.0,,111394.0,147.951
2014-04-24,,,,153.847
2014-04-25,,,,166.168
2014-04-28,,,,180.822
2014-04-29,,,,183.327
2014-04-30,4296049.0,,84126.0,208.222
2014-05-01,,0.09,,175.868
2014-05-02,,,,185.246
2014-05-05,,,,199.895
2014-05-06,,,,198.721
2014-05-07,4303143.0,,91397.0,193.706
2014-05-08,,,,192.03
2014-05-09,,,,186.455
2014-05-12,,,,188.963
2014-05-13,,,,204.839
2014-05-14,4336649.0,,71250.0,183.187
2014-05-15,,,,192.416
2014-05-16,,,,203.54
2014-05-19,,,,201.974
2014-05-20,,,,212.512
2014-05-21,4327560.0,,37745.0,220.722
2014-05-22,,,,209.095
2014-05-23,,,,182.124
2014-05-26,,,,
2014-05-27,,,,185.923
2014-05-28,4322654.0,,33573.0,171.269
2014-05-29,,,,155.686
2014-05-30,,,,164.726
2014-06-01,,0.1,,
2014-06-02,,,,129.721
2014-06-03,,,,130.952
2014-06-04,4330917.0,,33895.0,127.401
2014-06-05,,,,103.755
2014-06-06,,,,101.903
2014-06-09,,,,105.036
2014-06-10,,,,106.527
2014-06-11,4340904.0,,46921.0,110.875
2014-06-12,,,,104.237
2014-06-13,,,,67.629
2014-06-16,,,,53.376
2014-06-17,,,,53.362
2014-06-18,4368168.0,,84475.0,88.388
2014-06-19,,,,95.938
2014-06-20,,,,109.656
2014-06-23,,,,120.333
2014-06-24,,,,107.244
2014-06-25,4368348.0,,107244.0,119.673
2014-06-26,,,,137.105
2014-06-27,,,,140.898
2014-06-30,,,,339.481
2014-07-01,,0.09,,150.572
2014-07-02,4377031.0,,100085.0,148.492
2014-07-03,,,,136.039
2014-07-04,,,,
2014-07-07,,,,143.02
2014-07-08,,,,136.387
2014-07-09,4383401.0,,63826.0,144.921
2014-07-10,,,,125.926
2014-07-11,,,,113.623
2014-07-14,,,,108.675
2014-07-15,,,,96.922
2014-07-16,4398201.0,,59384.0,105.841
2014-07-17,,,,94.361
2014-07-18,,,,113.503
2014-07-21,,,,113.836
2014-07-22,,,,127.244
2014-07-23,4410746.0,,64138.0,136.74
2014-07-24,,,,87.923
2014-07-25,,,,90.379
2014-07-28,,,,103.848
2014-07-29,,,,118.021
2014-07-30,4406637.0,,62335.0,115.757
2014-07-31,,,,156.374
2014-08-01,,0.09,,101.035
2014-08-04,,,,114.198
2014-08-05,,,,118.152
2014-08-06,4410111.0,,71513.0,123.782
2014-08-07,,,,128.981
2014-08-08,,,,127.846
2014-08-11,,,,128.408
2014-08-12,,,,130.713
2014-08-13,4431923.0,,78066.0,135.622
2014-08-14,,,,121.978
2014-08-15,,,,116.783
2014-08-18,,,,135.842
2014-08-19,,,,143.128
2014-08-20,4412924.0,,42803.0,150.444
2014-08-21,,,,145.418
2014-08-22,,,,130.543
2014-08-25,,,,152.159
2014-08-26,,,,156.973
2014-08-27,4413736.0,,40217.0,179.845
2014-08-28,,,,157.845
2014-08-29,,,,172.59
2014-09-01,,0.09,,
2014-09-02,,,,143.468
2014-09-03,4415587.0,,42868.0,151.016
2014-09-04,,,,160.534
2014-09-05,,,,160.186
2014-09-08,,,,180.493
2014-09-09,,,,168.607
2014-09-10,4421408.0,,39081.0,160.299
2014-09-11,,,,167.4
2014-09-12,,,,148.338
2014-09-15,,,,135.916
2014-09-16,,,,147.752
2014-09-17,4449588.0,,66417.0,156.936
2014-09-18,,,,168.148
2014-09-19,,,,169.519
2014-09-22,,,,178.327
2014-09-23,,,,174.426
2014-09-24,4459050.0,,114828.0,162.317
2014-09-25,,,,158.09
2014-09-26,,,,172.96
2014-09-29,,,,194.566
2014-09-30,,,,300.0
2014-10-01,4450260.0,0.09,119237.0,212.481
2014-10-02,,,,179.039
2014-10-03,,,,184.682
2014-10-06,,,,185.508
2014-10-07,,,,184.514
2014-10-08,4455403.0,,96461.0,182.531
2014-10-09,,,,167.77
2014-10-10,,,,161.647
2014-10-13,,,,
2014-10-14,,,,151.111
2014-10-15,4474360.0,,79790.0,121.915
2014-10-16,,,,115.559
2014-10-17,,,,122.148
2014-10-20,,,,137.408
2014-10-21,,,,124.658
2014-10-22,4481616.0,,123514.0,135.424
2014-10-23,,,,137.137
2014-10-24,,,,103.501
2014-10-27,,,,116.857
2014-10-28,,,,118.038
2014-10-29,4486754.0,,118424.0,134.69
2014-10-30,,,,142.244
2014-10-31,,,,186.282
2014-11-01,,0.09,,
2014-11-03,,,,122.566
2014-11-04,,,,124.919
2014-11-05,4486585.0,,111382.0,122.9
2014-11-06,,,,110.247
2014-11-07,,,,106.216
2014-11-10,,,,100.452
2014-11-11,,,,
2014-11-12,4488895.0,,107205.0,111.681
2014-11-13,,,,110.881
2014-11-14,,,,99.376
2014-11-17,,,,115.555
2014-11-18,,,,158.321
2014-11-19,4492759.0,,95281.0,167.377
2014-11-20,,,,163.034
2014-11-21,,,,162.469
2014-11-24,,,,133.559
2014-11-25,,,,146.679
2014-11-26,4485931.0,,79769.0,148.284
2014-11-27,,,,
2014-11-28,,,,173.91
2014-12-01,,0.12,,154.58
2014-12-02,,,,153.531
2014-12-03,4486190.0,,87426.0,166.328
2014-12-04,,,,142.641
2014-12-05,,,,145.545
2014-12-08,,,,104.199
2014-12-09,,,,94.442
2014-12-10,4488865.0,,60092.0,105.322
2014-12-11,,,,99.829
2014-12-12,,,,86.425
2014-12-15,,,,34.587
2014-12-16,,,,40.717
2014-12-17,4502247.0,,114776.0,31.783
2014-12-18,,,,59.473
2014-12-19,,,,66.423
2014-12-22,,,,59.159
2014-12-23,,,,55.574
2014-12-24,4509462.0,,175093.0,53.237
2014-12-25,,,,
2014-12-26,,,,41.492
2014-12-29,,,,29.172
2014-12-30,,,,39.621
2014-12-31,4497660.0,,192063.0,171.12
2015-01-01,,0.11,,
2015-01-02,,,,42.186
2015-01-05,,,,164.177
2015-01-06,,,,149.885
2015-01-07,4499524.0,,176817.0,143.749
2015-01-08,,,,124.293
2015-01-09,,,,116.195
2015-01-12,,,,118.125
2015-01-13,,,,107.316
2015-01-14,4516077.0,,158268.0,95.4
2015-01-15,,,,96.517
2015-01-16,,,,135.836
2015-01-19,,,,
2015-01-20,,,,147.499
2015-01-21,4512936.0,,170152.0,167.769
2015-01-22,,,,168.182
2015-01-23,,,,129.836
2015-01-26,,,,132.698
2015-01-27,,,,136.677
2015-01-28,4500064.0,,201192.0,163.553
2015-01-29,,,,148.784
2015-01-30,,,,190.842
2015-02-01,,0.11,,
2015-02-02,,,,132.913
2015-02-03,,,,142.006
2015-02-04,4500348.0,,167272.0,145.65
2015-02-05,,,,124.667
2015-02-06,,,,121.983
2015-02-09,,,,118.986
2015-02-10,,,,122.277
2015-02-11,4501685.0,,158907.0,126.752
2015-02-12,,,,113.479
2015-02-13,,,,92.532
2015-02-16,,,,
2015-02-17,,,,111.325
2015-02-18,4496851.0,,118836.0,157.273
2015-02-19,,,,133.105
2015-02-20,,,,157.518
2015-02-23,,,,152.311
2015-02-24,,,,124.802
2015-02-25,4486725.0,,68114.0,149.75
2015-02-26,,,,130.583
2015-02-27,,,,155.001
2015-03-01,,0.11,,
2015-03-02,,,,118.208
2015-03-03,,,,110.872
2015-03-04,4487583.0,,49803.0,95.1
2015-03-05,,,,73.924
2015-03-06,,,,80.862
2015-03-09,,,,85.648
2015-03-10,,,,84.535
2015-03-11,4489279.0,,39431.0,84.389
2015-03-12,,,,132.708
2015-03-13,,,,98.042
2015-03-16,,,,112.056
2015-03-17,,,,106.3
2015-03-18,4495888.0,,60686.0,151.424
2015-03-19,,,,83.108
2015-03-20,,,,91.207
2015-03-23,,,,99.572
2015-03-24,,,,60.115
2015-03-25,4480603.0,,85907.0,65.389
2015-03-26,,,,80.866
2015-03-27,,,,69.638
2015-03-30,,,,29.522
2015-03-31,,,,202.235
2015-04-01,4481799.0,0.12,75467.0,31.623
2015-04-02,,,,
2015-04-03,,,,
2015-04-06,,,,119.369
2015-04-07,,,,125.88
2015-04-08,4483419.0,,55206.0,96.443
2015-04-09,,,,87.069
2015-04-10,,,,90.933
2015-04-13,,,,89.878
2015-04-14,,,,75.874
2015-04-15,4485366.0,,50447.0,69.829
2015-04-16,,,,78.293
2015-04-17,,,,103.383
2015-04-20,,,,111.416
2015-04-21,,,,114.8
2015-04-22,4489695.0,,150028.0,114.148
2015-04-23,,,,113.993
2015-04-24,,,,73.512
2015-04-27,,,,82.79
2015-04-28,,,,87.169
2015-04-29,4471499.0,,219702.0,92.224
2015-04-30,,,,130.464
2015-05-01,,0.12,,86.212
2015-05-04,,,,92.311
2015-05-05,,,,93.162
2015-05-06,4472703.0,,227506.0,84.722
2015-05-07,,,,94.505
2015-05-08,,,,91.484
2015-05-11,,,,87.331
2015-05-12,,,,81.378
2015-05-13,4501188.0,,216211.0,92.129
2015-05-14,,,,61.513
2015-05-15,,,,76.249
2015-05-18,,,,135.397
2015-05-19,,,,131.9
2015-05-20,4480384.0,,181641.0,154.345
2015-05-21,,,,141.963
2015-05-22,,,,105.844
2015-05-25,,,,
2015-05-26,,,,111.048
2015-05-27,4463981.0,,175577.0,128.828
2015-05-28,,,,135.3
2015-05-29,,,,160.201
2015-06-01,,0.13,,115.206
2015-06-02,,,,105.031
2015-06-03,4465360.0,,185794.0,95.389
2015-06-04,,,,96.429
2015-06-05,,,,83.637
2015-06-08,,,,83.323
2015-06-09,,,,76.043
2015-06-10,4468005.0,,178468.0,80.453
2015-06-11,,,,90.833
2015-06-12,,,,81.745
2015-06-15,,,,104.635
2015-06-16,,,,113.979
2015-06-17,4487817.0,,207648.0,110.708
2015-06-18,,,,151.135
2015-06-19,,,,158.541
2015-06-22,,,,171.906
2015-06-23,,,,181.548
2015-06-24,4495055.0,,239498.0,136.642
2015-06-25,,,,64.918
2015-06-26,,,,86.539
2015-06-29,,,,45.063
2015-06-30,,,,192.602
2015-07-01,4479130.0,0.13,227457.0,93.411
2015-07-02,,,,176.063
2015-07-03,,,,
2015-07-06,,,,169.851
2015-07-07,,,,159.651
2015-07-08,4481289.0,,182596.0,145.47
2015-07-09,,,,129.671
2015-07-10,,,,119.629
2015-07-13,,,,115.323
2015-07-14,,,,106.218
2015-07-15,4493605.0,,176411.0,103.217
2015-07-16,,,,104.58
2015-07-17,,,,116.519
2015-07-20,,,,126.57
2015-07-21,,,,110.141
2015-07-22,4500503.0,,194772.0,112.695
2015-07-23,,,,112.052
2015-07-24,,,,79.416
2015-07-27,,,,85.122
2015-07-28,,,,81.882
2015-07-29,4485480.0,,196825.0,86.429
2015-07-30,,,,87.405
2015-07-31,,,,131.978
2015-08-01,,0.14,,
2015-08-03,,,,95.005
2015-08-04,,,,88.841
2015-08-05,4486329.0,,203501.0,86.869
2015-08-06,,,,93.508
2015-08-07,,,,84.994
2015-08-10,,,,81.806
2015-08-11,,,,78.367
2015-08-12,4489250.0,,196323.0,64.411
2015-08-13,,,,77.057
2015-08-14,,,,64.557
2015-08-17,,,,66.54
2015-08-18,,,,88.144
2015-08-19,4487208.0,,177883.0,84.36
2015-08-20,,,,93.262
2015-08-21,,,,92.353
2015-08-24,,,,73.813
2015-08-25,,,,73.165
2015-08-26,4475105.0,,128581.0,68.719
2015-08-27,,,,71.312
2015-08-28,,,,73.547
2015-08-31,,,,149.694
2015-09-01,,0.14,,84.778
2015-09-02,4475886.0,,120354.0,70.33
2015-09-03,,,,67.183
2015-09-04,,,,64.428
2015-09-07,,,,
2015-09-08,,,,66.694
2015-09-09,4478213.0,,85792.0,68.129
2015-09-10,,,,66.083
2015-09-11,,,,70.782
2015-09-14,,,,72.809
2015-09-15,,,,73.117
2015-09-16,4487809.0,,117411.0,82.181
2015-09-17,,,,106.254
2015-09-18,,,,131.757
2015-09-21,,,,134.575
2015-09-22,,,,139.476
2015-09-23,4497484.0,,153512.0,144.297
2015-09-24,,,,45.671
2015-09-25,,,,63.966
2015-09-28,,,,101.855
2015-09-29,,,,122.86
2015-09-30,4484111.0,,145165.0,199.614
2015-10-01,,0.12,,75.143
2015-10-02,,,,173.162
2015-10-05,,,,156.558
2015-10-06,,,,130.247
2015-10-07,4486185.0,,83381.0,115.434
2015-10-08,,,,121.144
2015-10-09,,,,109.367
2015-10-12,,,,
2015-10-13,,,,105.728
2015-10-14,4504704.0,,66439.0,90.184
2015-10-15,,,,100.247
2015-10-16,,,,123.637
2015-10-19,,,,136.36
2015-10-20,,,,146.257
2015-10-21,4501372.0,,60403.0,151.082
2015-10-22,,,,152.87
2015-10-23,,,,125.635
2015-10-26,,,,134.597
2015-10-27,,,,150.968
2015-10-28,4489339.0,,47100.0,155.316
2015-10-29,,,,172.839
2015-10-30,,,,225.326
2015-11-01,,0.12,,
2015-11-02,,,,132.234
2015-11-03,,,,117.622
2015-11-04,4489702.0,,29795.0,107.406
2015-11-05,,,,87.664
2015-11-06,,,,70.435
2015-11-09,,,,80.894
2015-11-10,,,,83.13
2015-11-11,4492012.0,,107125.0,
2015-11-12,,,,73.228
2015-11-13,,,,60.117
2015-11-16,,,,67.873
2015-11-17,,,,86.157
2015-11-18,4486721.0,,133021.0,121.961
2015-11-19,,,,120.822
2015-11-20,,,,122.99
2015-11-23,,,,147.598
2015-11-24,,,,95.918
2015-11-25,4477088.0,,163491.0,100.152
2015-11-26,,,,
2015-11-27,,,,81.785
2015-11-30,,,,139.594
2015-12-01,,0.24,,88.983
2015-12-02,4478069.0,,212756.0,84.184
2015-12-03,,,,74.766
2015-12-04,,,,69.292
2015-12-07,,,,77.805
2015-12-08,,,,75.817
2015-12-09,4480436.0,,186624.0,87.963
2015-12-10,,,,86.714
2015-12-11,,,,89.317
2015-12-14,,,,86.38
2015-12-15,,,,95.404
2015-12-16,4489593.0,,196343.0,102.004
2015-12-17,,,,105.185
2015-12-18,,,,143.223
2015-12-21,,,,160.606
2015-12-22,,,,185.35
2015-12-23,4496523.0,,267608.0,178.331
2015-12-24,,,,161.879
2015-12-25,,,,
2015-12-28,,,,177.196
2015-12-29,,,,222.513
2015-12-30,4486587.0,,290467.0,277.446
2015-12-31,,,,474.591
2016-01-01,,0.34,,
2016-01-04,,,,199.67
2016-01-05,,,,169.615
2016-01-06,4486606.0,,333220.0,126.584
2016-01-07,,,,116.843
2016-01-08,,,,99.971
2016-01-11,,,,97.39
2016-01-12,,,,86.191
2016-01-13,4501695.0,,302983.0,84.416
2016-01-14,,,,78.422
2016-01-15,,,,90.534
2016-01-18,,,,
2016-01-19,,,,90.221
2016-01-20,4488840.0,,285318.0,106.627
2016-01-21,,,,90.44
2016-01-22,,,,60.316
2016-01-25,,,,80.17
2016-01-26,,,,83.819
2016-01-27,4482349.0,,341996.0,89.304
2016-01-28,,,,63.251
2016-01-29,,,,114.573
2016-02-01,,0.38,,76.79
2016-02-02,,,,80.127
2016-02-03,4483495.0,,350858.0,62.461
2016-02-04,,,,55.893
2016-02-05,,,,50.888
2016-02-08,,,,39.132
2016-02-09,,,,44.123
2016-02-10,4486278.0,,317303.0,47.974
2016-02-11,,,,44.482
2016-02-12,,,,35.233
2016-02-15,,,,
2016-02-16,,,,34.728
2016-02-17,4483629.0,,266760.0,52.098
2016-02-18,,,,71.581
2016-02-19,,,,59.088
2016-02-22,,,,54.405
2016-02-23,,,,64.808
2016-02-24,4489796.0,,237950.0,41.065
2016-02-25,,,,43.818
2016-02-26,,,,56.919
2016-02-29,,,,94.123
2016-03-01,,0.36,,38.763
2016-03-02,4478485.0,,237207.0,44.546
2016-03-03,,,,50.384
2016-03-04,,,,51.368
2016-03-07,,,,53.724
2016-03-08,,,,49.332
2016-03-09,4481083.0,,211443.0,47.346
2016-03-10,,,,35.428
2016-03-11,,,,39.73
2016-03-14,,,,40.518
2016-03-15,,,,38.299
2016-03-16,4486333.0,,235634.0,48.389
2016-03-17,,,,34.869
2016-03-18,,,,67.622
2016-03-21,,,,55.751
2016-03-22,,,,68.284
2016-03-23,4492857.0,,296956.0,70.075
2016-03-24,,,,
2016-03-25,,,,
2016-03-28,,,,65.481
2016-03-29,,,,104.77
2016-03-30,4482840.0,,284660.0,127.119
2016-03-31,,,,303.849
2016-04-01,,0.37,,89.118
2016-04-04,,,,65.692
2016-04-05,,,,44.369
2016-04-06,4484069.0,,264323.0,27.455
2016-04-07,,,,34.065
2016-04-08,,,,21.618
2016-04-11,,,,22.151
2016-04-12,,,,18.711
2016-04-13,4499729.0,,239635.0,16.61
2016-04-14,,,,18.241
2016-04-15,,,,23.479
2016-04-18,,,,38.607
2016-04-19,,,,40.049
2016-04-20,4490131.0,,268785.0,31.971
2016-04-21,,,,36.555
2016-04-22,,,,19.084
2016-04-25,,,,24.148
2016-04-26,,,,29.563
2016-04-27,4474665.0,,346166.0,31.432
2016-04-28,,,,25.526
2016-04-29,,,,65.558
2016-05-01,,0.37,,
2016-05-02,,,,38.947
2016-05-03,,,,38.536
2016-05-04,4477270.0,,336357.0,35.592
2016-05-05,,,,30.222
2016-05-06,,,,28.294
2016-05-09,,,,23.238
2016-05-10,,,,31.035
2016-05-11,4478411.0,,315369.0,31.533
2016-05-12,,,,34.843
2016-05-13,,,,17.088
2016-05-16,,,,20.123
2016-05-17,,,,21.115
2016-05-18,4473741.0,,295339.0,63.92
2016-05-19,,,,63.293
2016-05-20,,,,60.342
2016-05-23,,,,78.109
2016-05-24,,,,57.676
2016-05-25,4461111.0,,268619.0,65.797
2016-05-26,,,,58.671
2016-05-27,,,,40.472
2016-05-30,,,,
2016-05-31,,,,102.627
2016-06-01,4461393.0,0.38,267948.0,61.186
2016-06-02,,,,62.973
2016-06-03,,,,58.183
2016-06-06,,,,53.352
2016-06-07,,,,49.906
2016-06-08,4463542.0,,236351.0,41.445
2016-06-09,,,,41.435
2016-06-10,,,,40.5
2016-06-13,,,,46.016
2016-06-14,,,,34.936
2016-06-15,4472817.0,,231257.0,28.313
2016-06-16,,,,35.1
2016-06-17,,,,58.606
2016-06-20,,,,67.757
2016-06-21,,,,86.546
2016-06-22,4482009.0,,316838.0,90.386
2016-06-23,,,,91.509
2016-06-24,,,,87.498
2016-06-27,,,,116.639
2016-06-28,,,,129.102
2016-06-29,4466482.0,,337093.0,143.206
2016-06-30,,,,278.809
2016-07-01,,0.39,,113.428
2016-07-04,,,,
2016-07-05,,,,111.242
2016-07-06,4470605.0,,303297.0,83.401
2016-07-07,,,,76.407
2016-07-08,,,,67.516
2016-07-11,,,,61.876
2016-07-12,,,,62.64
2016-07-13,4472202.0,,316064.0,48.357
2016-07-14,,,,30.358
2016-07-15,,,,41.162
2016-07-18,,,,80.813
2016-07-19,,,,82.273
2016-07-20,4480973.0,,329150.0,79.368
2016-07-21,,,,70.517
2016-07-22,,,,44.897
2016-07-25,,,,49.132
2016-07-26,,,,69.799
2016-07-27,4464498.0,,325499.0,67.687
2016-07-28,,,,45.194
2016-07-29,,,,110.518
2016-08-01,,0.4,,72.911
2016-08-02,,,,80.535
2016-08-03,4466793.0,,298813.0,68.075
2016-08-04,,,,50.263
2016-08-05,,,,56.235
2016-08-08,,,,60.625
2016-08-09,,,,66.881
2016-08-10,4468929.0,,259832.0,80.174
2016-08-11,,,,80.145
2016-08-12,,,,37.278
2016-08-15,,,,56.95
2016-08-16,,,,76.397
2016-08-17,4466476.0,,260810.0,81.337
2016-08-18,,,,95.089
2016-08-19,,,,101.468
2016-08-22,,,,116.124
2016-08-23,,,,121.654
2016-08-24,4473840.0,,254376.0,95.35
2016-08-25,,,,72.817
2016-08-26,,,,76.532
2016-08-29,,,,79.731
2016-08-30,,,,101.422
2016-08-31,4457907.0,,274195.0,171.368
2016-09-01,,0.4,,90.607
2016-09-02,,,,96.194
2016-09-05,,,,
2016-09-06,,,,92.733
2016-09-07,4459394.0,,236154.0,79.08
2016-09-08,,,,60.729
2016-09-09,,,,78.784
2016-09-12,,,,86.056
2016-09-13,,,,83.109
2016-09-14,4481635.0,,243082.0,64.485
2016-09-15,,,,55.994
2016-09-16,,,,100.761
2016-09-19,,,,125.636
2016-09-20,,,,156.685
2016-09-21,4473032.0,,340448.0,176.835
2016-09-22,,,,194.053
2016-09-23,,,,174.726
2016-09-26,,,,200.068
2016-09-27,,,,239.7
2016-09-28,4452002.0,,351700.0,272.277
2016-09-29,,,,271.847
2016-09-30,,,,412.523
2016-10-01,,0.4,,
2016-10-03,,,,320.889
2016-10-04,,,,306.041
2016-10-05,4459407.0,,347760.0,297.964
2016-10-06,,,,237.619
2016-10-07,,,,226.065
2016-10-10,,,,
2016-10-11,,,,201.546
2016-10-12,4457698.0,,356185.0,188.671
2016-10-13,,,,180.971
2016-10-14,,,,133.359
2016-10-17,,,,124.407
2016-10-18,,,,174.966
2016-10-19,4467382.0,,391988.0,191.81
2016-10-20,,,,172.312
2016-10-21,,,,181.285
2016-10-24,,,,142.574
2016-10-25,,,,132.403
2016-10-26,4454326.0,,429027.0,142.065
2016-10-27,,,,135.113
2016-10-28,,,,129.983
2016-10-31,,,,214.798
2016-11-01,,0.41,,171.89
2016-11-02,4453087.0,,417665.0,176.232
2016-11-03,,,,148.543
2016-11-04,,,,136.483
2016-11-07,,,,128.671
2016-11-08,,,,127.33
2016-11-09,4455087.0,,376217.0,130.993
2016-11-10,,,,99.936
2016-11-11,,,,
2016-11-14,,,,81.448
2016-11-15,,,,102.247
2016-11-16,4453633.0,,400625.0,116.044
2016-11-17,,,,92.397
2016-11-18,,,,116.091
2016-11-21,,,,135.387
2016-11-22,,,,128.222
2016-11-23,4465782.0,,399665.0,119.371
2016-11-24,,,,
2016-11-25,,,,121.165
2016-11-28,,,,146.903
2016-11-29,,,,138.401
2016-11-30,4446307.0,,409360.0,208.524
2016-12-01,,0.54,,159.215
2016-12-02,,,,167.881
2016-12-05,,,,168.369
2016-12-06,,,,185.55
2016-12-07,4448618.0,,343355.0,185.812
2016-12-08,,,,186.313
2016-12-09,,,,185.799
2016-12-12,,,,189.33
2016-12-13,,,,238.46
2016-12-14,4470973.0,,324525.0,169.563
2016-12-15,,,,199.654
2016-12-16,,,,213.706
2016-12-19,,,,237.525
2016-12-20,,,,277.354
2016-12-21,4469089.0,,388497.0,307.477
2016-12-22,,,,312.338
2016-12-23,,,,280.643
2016-12-26,,,,
2016-12-27,,,,294.061
2016-12-28,4451451.0,,380679.0,323.912
2016-12-29,,,,346.472
2016-12-30,,,,468.355
2017-01-01,,0.65,,
2017-01-02,,,,
2017-01-03,,,,287.236
2017-01-04,4453101.0,,387989.0,266.468
2017-01-05,,,,233.43
2017-01-06,,,,209.205
2017-01-09,,,,191.97
2017-01-10,,,,180.715
2017-01-11,4452509.0,,372492.0,158.82
2017-01-12,,,,141.218
2017-01-13,,,,88.201
2017-01-16,,,,
2017-01-17,,,,96.798
2017-01-18,4460758.0,,366090.0,130.118
2017-01-19,,,,138.637
2017-01-20,,,,148.785
2017-01-23,,,,156.316
2017-01-24,,,,110.193
2017-01-25,4452838.0,,390842.0,108.36
2017-01-26,,,,94.67
2017-01-27,,,,108.772
2017-01-30,,,,101.514
2017-01-31,,,,180.162
2017-02-01,4453881.0,0.66,374841.0,133.73
2017-02-02,,,,111.12
2017-02-03,,,,117.361
2017-02-06,,,,125.66
2017-02-07,,,,131.659
2017-02-08,4456236.0,,305735.0,122.934
2017-02-09,,,,83.894
2017-02-10,,,,74.169
2017-02-13,,,,98.103
2017-02-14,,,,87.998
2017-02-15,4454676.0,,309919.0,105.123
2017-02-16,,,,104.978
2017-02-17,,,,147.243
2017-02-20,,,,
2017-02-21,,,,163.259
2017-02-22,4468702.0,,258292.0,177.833
2017-02-23,,,,187.176
2017-02-24,,,,160.882
2017-02-27,,,,153.382
2017-02-28,,,,204.651
2017-03-01,4458018.0,0.79,175496.0,156.01
2017-03-02,,,,168.142
2017-03-03,,,,193.272
2017-03-06,,,,205.21
2017-03-07,,,,208.765
2017-03-08,4459840.0,,88220.0,212.124
2017-03-09,,,,217.831
2017-03-10,,,,233.046
2017-03-13,,,,232.962
2017-03-14,,,,200.798
2017-03-15,4469577.0,,38579.0,226.51
2017-03-16,,,,209.114
2017-03-17,,,,240.669
2017-03-20,,,,235.827
2017-03-21,,,,237.331
2017-03-22,4478236.0,,70827.0,251.013
2017-03-23,,,,231.463
2017-03-24,,,,200.237
2017-03-27,,,,215.473
2017-03-28,,,,224.475
2017-03-29,4469618.0,,65187.0,260.357
2017-03-30,,,,224.134
2017-03-31,,,,346.853
2017-04-01,,0.9,,
2017-04-03,,,,233.582
2017-04-04,,,,207.711
2017-04-05,4474634.0,,89210.0,174.644
2017-04-06,,,,117.337
2017-04-07,,,,117.774
2017-04-10,,,,120.504
2017-04-11,,,,114.753
2017-04-12,4484492.0,,122218.0,105.528
2017-04-13,,,,
2017-04-14,,,,
2017-04-17,,,,64.37
2017-04-18,,,,109.402
2017-04-19,4479270.0,,164543.0,116.567
2017-04-20,,,,128.726
2017-04-21,,,,136.521
2017-04-24,,,,118.667
2017-04-25,,,,116.956
2017-04-26,4470142.0,,234219.0,122.323
2017-04-27,,,,127.826
2017-04-28,,,,181.976
2017-05-01,,0.91,,162.198
2017-05-02,,,,183.851
2017-05-03,4471246.0,,244655.0,186.667
2017-05-04,,,,152.793
2017-05-05,,,,156.789
2017-05-08,,,,162.58
2017-05-09,,,,167.302
2017-05-10,4473459.0,,199013.0,187.269
2017-05-11,,,,161.232
2017-05-12,,,,167.696
2017-05-15,,,,144.99
2017-05-16,,,,157.693
2017-05-17,4467108.0,,186080.0,167.158
2017-05-18,,,,185.287
2017-05-19,,,,182.273
2017-05-22,,,,185.031
2017-05-23,,,,198.865
2017-05-24,4470852.0,,167165.0,184.946
2017-05-25,,,,153.451
2017-05-26,,,,168.041
2017-05-29,,,,
2017-05-30,,,,182.065
2017-05-31,4459914.0,,170984.0,256.176
2017-06-01,,1.04,,163.755
2017-06-02,,,,170.496
2017-06-05,,,,164.208
2017-06-06,,,,160.949
2017-06-07,4462443.0,,152444.0,165.138
2017-06-08,,,,151.582
2017-06-09,,,,155.344
2017-06-12,,,,152.198
2017-06-13,,,,172.973
2017-06-14,4476269.0,,153646.0,163.056
2017-06-15,,,,131.378
2017-06-16,,,,158.566
2017-06-19,,,,166.745
2017-06-20,,,,192.347
2017-06-21,4474257.0,,212275.0,198.769
2017-06-22,,,,195.144
2017-06-23,,,,201.475
2017-06-26,,,,185.227
2017-06-27,,,,212.664
2017-06-28,4463347.0,,208365.0,263.699
2017-06-29,,,,269.565
2017-06-30,,,,398.875
2017-07-01,,1.15,,
2017-07-03,,,,255.693
2017-07-04,,,,
2017-07-05,4467272.0,,177006.0,240.029
2017-07-06,,,,189.992
2017-07-07,,,,189.214
2017-07-10,,,,189.721
2017-07-11,,,,173.774
2017-07-12,4466702.0,,171033.0,179.172
2017-07-13,,,,162.379
2017-07-14,,,,136.231
2017-07-17,,,,122.436
2017-07-18,,,,157.322
2017-07-19,4476903.0,,180400.0,144.731
2017-07-20,,,,126.676
2017-07-21,,,,122.712
2017-07-24,,,,95.123
2017-07-25,,,,74.54
2017-07-26,4465284.0,,191404.0,103.311
2017-07-27,,,,95.636
2017-07-28,,,,108.479
2017-07-31,,,,204.622
2017-08-01,,1.16,,98.069
2017-08-02,4466846.0,,180348.0,119.334
2017-08-03,,,,87.844
2017-08-04,,,,93.778
2017-08-07,,,,104.061
2017-08-08,,,,103.612
2017-08-09,4469083.0,,149862.0,103.95
2017-08-10,,,,90.273
2017-08-11,,,,95.534
2017-08-14,,,,74.682
2017-08-15,,,,71.382
2017-08-16,4462871.0,,130954.0,92.84
2017-08-17,,,,78.582
2017-08-18,,,,129.105
2017-08-21,,,,144.1
2017-08-22,,,,166.094
2017-08-23,4463837.0,,82077.0,169.793
2017-08-24,,,,130.879
2017-08-25,,,,122.167
2017-08-28,,,,121.947
2017-08-29,,,,127.243
2017-08-30,4452360.0,,61057.0,146.086
2017-08-31,,,,213.486
2017-09-01,,1.15,,124.952
2017-09-04,,,,
2017-09-05,,,,136.131
2017-09-06,4453474.0,,37563.0,145.128
2017-09-07,,,,126.607
2017-09-08,,,,113.842
2017-09-11,,,,115.972
2017-09-12,,,,127.019
2017-09-13,4471174.0,,70232.0,125.668
2017-09-14,,,,97.564
2017-09-15,,,,109.645
2017-09-18,,,,138.909
2017-09-19,,,,156.728
2017-09-20,4458576.0,,127782.0,168.025
2017-09-21,,,,152.866
2017-09-22,,,,157.33
2017-09-25,,,,158.503
2017-09-26,,,,173.715
2017-09-27,4455661.0,,164652.0,220.083
2017-09-28,,,,208.936
2017-09-29,,,,316.09
2017-10-01,,1.15,,
2017-10-02,,,,190.377
2017-10-03,,,,181.605
2017-10-04,4460422.0,,160433.0,178.738
2017-10-05,,,,132.827
2017-10-06,,,,119.529
2017-10-09,,,,
2017-10-10,,,,121.913
2017-10-11,4459415.0,,169766.0,129.805
2017-10-12,,,,102.807
2017-10-13,,,,99.961
2017-10-16,,,,78.531
2017-10-17,,,,91.188
2017-10-18,4469723.0,,178974.0,121.457
2017-10-19,,,,102.612
2017-10-20,,,,102.488
2017-10-23,,,,110.26
2017-10-24,,,,97.202
2017-10-25,4461117.0,,196332.0,112.057
2017-10-26,,,,98.412
2017-10-27,,,,105.903
2017-10-30,,,,102.147
2017-10-31,,,,173.605
2017-11-01,4455887.0,1.16,193546.0,87.165
2017-11-02,,,,58.758
2017-11-03,,,,60.915
2017-11-06,,,,70.365
2017-11-07,,,,58.971
2017-11-08,4458552.0,,177780.0,74.546
2017-11-09,,,,46.378
2017-11-10,,,,39.671
2017-11-13,,,,35.243
2017-11-14,,,,32.219
2017-11-15,4448289.0,,174631.0,35.038
2017-11-16,,,,20.709
2017-11-17,,,,38.838
2017-11-20,,,,34.576
2017-11-21,,,,42.899
2017-11-22,4450615.0,,163579.0,51.634
2017-11-23,,,,
2017-11-24,,,,40.488
2017-11-27,,,,39.381
2017-11-28,,,,50.834
2017-11-29,4438592.0,,172282.0,67.019
2017-11-30,,,,102.719
2017-12-01,,1.3,,59.03
2017-12-04,,,,72.389
2017-12-05,,,,68.297
2017-12-06,4437148.0,,127586.0,76.368
2017-12-07,,,,63.552
2017-12-08,,,,82.714
2017-12-11,,,,107.473
2017-12-12,,,,119.09
2017-12-13,4452726.0,,76208.0,143.392
2017-12-14,,,,107.679
2017-12-15,,,,80.206
2017-12-18,,,,117.276
2017-12-19,,,,112.628
2017-12-20,4447470.0,,155612.0,127.582
2017-12-21,,,,116.978
2017-12-22,,,,113.852
2017-12-25,,,,
2017-12-26,,,,119.456
2017-12-27,4448680.0,,190283.0,147.749
2017-12-28,,,,158.478
2017-12-29,,,,319.595
2018-01-01,,1.41,,
2018-01-02,,,,136.967
2018-01-03,4443718.0,,211566.0,131.622
2018-01-04,,,,76.624
2018-01-05,,,,63.804
2018-01-08,,,,63.531
2018-01-09,,,,56.468
2018-01-10,4446062.0,,206215.0,57.954
2018-01-11,,,,33.597
2018-01-12,,,,21.59
2018-01-15,,,,
2018-01-16,,,,22.003
2018-01-17,4439145.0,,227665.0,20.548
2018-01-18,,,,22.804
2018-01-19,,,,22.196
2018-01-22,,,,28.706
2018-01-23,,,,31.791
2018-01-24,4441317.0,,269118.0,36.371
2018-01-25,,,,19.891
2018-01-26,,,,21.427
2018-01-29,,,,23.98
2018-01-30,,,,31.766
2018-01-31,4419225.0,,270244.0,65.797
2018-02-01,,1.42,,31.825
2018-02-02,,,,43.931
2018-02-05,,,,59.008
2018-02-06,,,,49.214
2018-02-07,4420745.0,,203936.0,48.12
2018-02-08,,,,33.272
2018-02-09,,,,36.567
2018-02-12,,,,30.631
2018-02-13,,,,43.137
2018-02-14,4434863.0,,197681.0,38.518
2018-02-15,,,,29.08
2018-02-16,,,,29.615
2018-02-19,,,,
2018-02-20,,,,32.495
2018-02-21,4411660.0,,214677.0,45.171
2018-02-22,,,,36.32
2018-02-23,,,,15.875
2018-02-26,,,,9.36
2018-02-27,,,,19.729
2018-02-28,4393401.0,,202620.0,44.51
2018-03-01,,1.51,,14.334
2018-03-02,,,,15.642
2018-03-05,,,,15.23
2018-03-06,,,,11.205
2018-03-07,4396097.0,,195071.0,14.295
2018-03-08,,,,6.963
2018-03-09,,,,3.247
2018-03-12,,,,1.77
2018-03-13,,,,2.145
2018-03-14,4407258.0,,249929.0,4.97
2018-03-15,,,,3.746
2018-03-16,,,,10.28
2018-03-19,,,,7.82
2018-03-20,,,,11.95
2018-03-21,4401222.0,,316454.0,20.586
2018-03-22,,,,11.592
2018-03-23,,,,10.45
2018-03-26,,,,5.921
2018-03-27,,,,9.62
2018-03-28,4392198.0,,318858.0,17.898
2018-03-29,,,,
2018-03-30,,,,
2018-04-01,,1.69,,
2018-04-02,,,,3.823
2018-04-03,,,,8.695
2018-04-04,4386104.0,,303916.0,4.57
2018-04-05,,,,4.645
2018-04-06,,,,4.895
2018-04-09,,,,4.07
2018-04-10,,,,3.99
2018-04-11,4383684.0,,294083.0,2.361
2018-04-12,,,,4.12
2018-04-13,,,,3.471
2018-04-16,,,,3.372
2018-04-17,,,,3.971
2018-04-18,4385903.0,,275246.0,14.021
2018-04-19,,,,13.92
2018-04-20,,,,12.02
2018-04-23,,,,10.821
2018-04-24,,,,9.532
2018-04-25,4372886.0,,359599.0,3.57
2018-04-26,,,,3.795
2018-04-27,,,,2.92
2018-04-30,,,,13.83
2018-05-01,,1.7,,3.82
2018-05-02,4356129.0,,399984.0,6.52
2018-05-03,,,,5.775
2018-05-04,,,,5.415
2018-05-07,,,,3.22
2018-05-08,,,,3.921
2018-05-09,4358207.0,,353741.0,2.72
2018-05-10,,,,4.645
2018-05-11,,,,3.222
2018-05-14,,,,3.859
2018-05-15,,,,2.095
2018-05-16,4337609.0,,337258.0,2.545
2018-05-17,,,,1.896
2018-05-18,,,,9.12
2018-05-21,,,,5.404
2018-05-22,,,,3.951
2018-05-23,4337301.0,,326445.0,2.929
2018-05-24,,,,6.62
2018-05-25,,,,0.02
2018-05-28,,,,
2018-05-29,,,,0.88
2018-05-30,4327519.0,,325351.0,3.92
2018-05-31,,,,21.475
2018-06-01,,1.82,,12.546
2018-06-04,,,,11.166
2018-06-05,,,,6.635
2018-06-06,4319191.0,,294069.0,16.772
2018-06-07,,,,5.771
2018-06-08,,,,2.771
2018-06-11,,,,4.836
2018-06-12,,,,1.308
2018-06-13,4324906.0,,281188.0,3.025
2018-06-14,,,,2.935
2018-06-15,,,,0.27
2018-06-18,,,,0.37
2018-06-19,,,,0.195
2018-06-20,4315896.0,,352777.0,0.32
2018-06-21,,,,1.37
2018-06-22,,,,1.43
2018-06-25,,,,12.73
2018-06-26,,,,10.385
2018-06-27,4305491.0,,373940.0,20.68
2018-06-28,,,,20.419
2018-06-29,,,,96.97
2018-07-01,,1.91,,
2018-07-02,,,,32.139
2018-07-03,,,,4.852
2018-07-04,4289764.0,,336026.0,
2018-07-05,,,,8.205
2018-07-06,,,,4.195
2018-07-09,,,,3.596
2018-07-10,,,,1.955
2018-07-11,4291201.0,,326476.0,1.23
2018-07-12,,,,2.455
2018-07-13,,,,0.871
2018-07-16,,,,0.87
2018-07-17,,,,1.22
2018-07-18,4291615.0,,324457.0,6.021
2018-07-19,,,,3.62
2018-07-20,,,,1.17
2018-07-23,,,,2.27
2018-07-24,,,,4.895
2018-07-25,4277681.0,,348886.0,0.72
2018-07-26,,,,1.571
2018-07-27,,,,1.47
2018-07-30,,,,1.995
2018-07-31,,,,9.045
2018-08-01,4255653.0,1.91,351523.0,0.795
2018-08-02,,,,1.817
2018-08-03,,,,1.673
2018-08-06,,,,2.095
2018-08-07,,,,2.337
2018-08-08,4258030.0,,326471.0,1.659
2018-08-09,,,,1.745
2018-08-10,,,,2.47
2018-08-13,,,,1.383
2018-08-14,,,,0.685
2018-08-15,4228924.0,,342799.0,0.315
2018-08-16,,,,0.532
2018-08-17,,,,4.016
2018-08-20,,,,1.646
2018-08-21,,,,1.466
2018-08-22,4228818.0,,348393.0,1.126
2018-08-23,,,,2.416
2018-08-24,,,,4.665
2018-08-27,,,,0.996
2018-08-28,,,,1.415
2018-08-29,4218914.0,,342543.0,0.84
2018-08-30,,,,0.985
2018-08-31,,,,0.39
2018-09-01,,1.95,,
2018-09-03,,,,
2018-09-04,,,,0.595
2018-09-05,4208496.0,,323764.0,0.01
2018-09-06,,,,0.815
2018-09-07,,,,0.015
2018-09-10,,,,0.015
2018-09-11,,,,1.241
2018-09-12,4210812.0,,303654.0,1.315
2018-09-13,,,,1.791
2018-09-14,,,,1.315
2018-09-17,,,,0.715
2018-09-18,,,,10.115
2018-09-19,4208059.0,,335878.0,8.915
2018-09-20,,,,17.868
2018-09-21,,,,17.465
2018-09-24,,,,9.34
2018-09-25,,,,3.44
2018-09-26,4192909.0,,370031.0,5.625
2018-09-27,,,,30.056
2018-09-28,,,,48.43
2018-10-01,,2.19,,4.185
2018-10-02,,,,3.295
2018-10-03,4174704.0,,368007.0,2.954
2018-10-04,,,,3.265
2018-10-05,,,,1.565
2018-10-08,,,,
2018-10-09,,,,2.39
2018-10-10,4176906.0,,324721.0,2.39
2018-10-11,,,,2.016
2018-10-12,,,,0.96
2018-10-15,,,,0.366
2018-10-16,,,,0.466
2018-10-17,4175446.0,,332923.0,0.174
2018-10-18,,,,10.29
2018-10-19,,,,3.916
2018-10-22,,,,3.189
2018-10-23,,,,4.466
2018-10-24,4173070.0,,369576.0,6.444
2018-10-25,,,,1.944
2018-10-26,,,,2.004
2018-10-29,,,,1.748
2018-10-30,,,,0.715
2018-10-31,4139731.0,,373368.0,4.815
2018-11-01,,2.2,,4.64
2018-11-02,,,,1.51
2018-11-05,,,,1.465
2018-11-06,,,,2.54
2018-11-07,4141936.0,,319984.0,1.875
2018-11-08,,,,1.166
2018-11-09,,,,0.401
2018-11-12,,,,
2018-11-13,,,,1.065
2018-11-14,4145892.0,,341094.0,0.66
2018-11-15,,,,0.494
2018-11-16,,,,18.565
2018-11-19,,,,16.295
2018-11-20,,,,15.235
2018-11-21,4106198.0,,330202.0,16.205
2018-11-22,,,,
2018-11-23,,,,13.105
2018-11-26,,,,0.615
2018-11-27,,,,0.44
2018-11-28,4097170.0,,340596.0,1.464
2018-11-29,,,,1.814
2018-11-30,,,,2.49
2018-12-01,,2.27,,
2018-12-03,,,,2.21
2018-12-04,,,,
2018-12-05,4086044.0,,337564.0,
2018-12-06,,,,3.36
2018-12-07,,,,5.635
2018-12-10,,,,1.424
2018-12-11,,,,0.352
2018-12-12,4088314.0,,334967.0,0.461
2018-12-13,,,,0.415
2018-12-14,,,,0.315
2018-12-17,,,,0.415
2018-12-18,,,,6.216
2018-12-19,4084274.0,,350714.0,5.982
2018-12-20,,,,9.521
2018-12-21,,,,8.805
2018-12-24,,,,7.96
2018-12-25,,,,
2018-12-26,4075636.0,,374085.0,1.005
2018-12-27,,,,3.1
2018-12-28,,,,3.21
2018-12-31,,,,41.848
2019-01-01,,2.4,,
2019-01-02,4058378.0,,379902.0,19.481
2019-01-03,,,,7.198
2019-01-04,,,,2.86
2019-01-07,,,,2.786
2019-01-08,,,,2.811
2019-01-09,4056563.0,,356698.0,2.537
2019-01-10,,,,2.216
2019-01-11,,,,2.016
2019-01-14,,,,1.205
2019-01-15,,,,2.016
2019-01-16,4050044.0,,351180.0,1.316
2019-01-17,,,,2.065
2019-01-18,,,,13.165
2019-01-21,,,,
2019-01-22,,,,10.465
2019-01-23,4047052.0,,389626.0,11.415
2019-01-24,,,,15.06
2019-01-25,,,,1.515
2019-01-28,,,,1.265
2019-01-29,,,,1.84
2019-01-30,4039678.0,,403276.0,0.99
2019-01-31,,,,1.051
2019-02-01,,2.4,,0.665
2019-02-04,,,,4.515
2019-02-05,,,,1.686
2019-02-06,4026350.0,,352375.0,1.926
2019-02-07,,,,2.32
2019-02-08,,,,2.016
2019-02-11,,,,2.006
2019-02-12,,,,1.658
2019-02-13,4028431.0,,359109.0,1.697
2019-02-14,,,,1.341
2019-02-15,,,,5.271
2019-02-18,,,,
2019-02-19,,,,1.967
2019-02-20,3981420.0,,333896.0,2.275
2019-02-21,,,,1.725
2019-02-22,,,,6.665
2019-02-25,,,,1.375
2019-02-26,,,,1.815
2019-02-27,3974590.0,,310574.0,1.915
2019-02-28,,,,3.415
2019-03-01,,2.41,,2.015
2019-03-04,,,,2.917
2019-03-05,,,,3.119
2019-03-06,3969134.0,,220045.0,2.115
2019-03-07,,,,0.717
2019-03-08,,,,0.015
2019-03-11,,,,0.019
2019-03-12,,,,0.027
2019-03-13,3971559.0,,245972.0,0.016
2019-03-14,,,,0.019
2019-03-15,,,,0.015
2019-03-18,,,,3.169
2019-03-19,,,,2.515
2019-03-20,3962748.0,,303623.0,0.617
2019-03-21,,,,0.411
2019-03-22,,,,5.016
2019-03-25,,,,0.129
2019-03-26,,,,0.566
2019-03-27,3955617.0,,310868.0,0.166
2019-03-28,,,,0.515
2019-03-29,,,,0.731
2019-04-01,,2.42,,0.011
2019-04-02,,,,0.019
2019-04-03,3935509.0,,310188.0,0.016
2019-04-04,,,,0.615
2019-04-05,,,,0.015
2019-04-08,,,,0.284
2019-04-09,,,,0.41
2019-04-10,3936784.0,,262617.0,2.731
2019-04-11,,,,0.122
2019-04-12,,,,0.016
2019-04-15,,,,0.018
2019-04-16,,,,0.7
2019-04-17,3931827.0,,285264.0,0.015
2019-04-18,,,,
2019-04-19,,,,
2019-04-22,,,,1.117
2019-04-23,,,,5.69
2019-04-24,3928273.0,,378602.0,9.515
2019-04-25,,,,0.61
2019-04-26,,,,0.915
2019-04-29,,,,0.615
2019-04-30,,,,0.015
2019-05-01,3889691.0,2.39,400498.0,0.027
2019-05-02,,,,0.023
2019-05-03,,,,0.01
2019-05-06,,,,0.067
2019-05-07,,,,0.961
2019-05-08,3892216.0,,348357.0,0.021
2019-05-09,,,,0.516
2019-05-10,,,,0.271
2019-05-13,,,,0.111
2019-05-14,,,,1.37
2019-05-15,3864749.0,,323786.0,0.46
2019-05-16,,,,1.75
2019-05-17,,,,9.7
2019-05-20,,,,8.105
2019-05-21,,,,3.705
2019-05-22,3860435.0,,282864.0,3.751
2019-05-23,,,,4.93
2019-05-24,,,,5.956
2019-05-27,,,,
2019-05-28,,,,1.52
2019-05-29,3851444.0,,247777.0,2.226
2019-05-30,,,,1.026
2019-05-31,,,,0.855
2019-06-01,,2.38,,
2019-06-03,,,,1.255
2019-06-04,,,,1.891
2019-06-05,3847645.0,,223638.0,2.255
2019-06-06,,,,2.21
2019-06-07,,,,1.91
2019-06-10,,,,2.105
2019-06-11,,,,1.007
2019-06-12,3849955.0,,187560.0,1.705
2019-06-13,,,,1.655
2019-06-14,,,,1.657
2019-06-17,,,,2.269
2019-06-18,,,,18.006
2019-06-19,3844016.0,,198398.0,22.357
2019-06-20,,,,27.43
2019-06-21,,,,21.355
2019-06-24,,,,11.156
2019-06-25,,,,6.4
2019-06-26,3826817.0,,248302.0,7.784
2019-06-27,,,,16.794
2019-06-28,,,,44.307
2019-07-01,,2.4,,15.837
2019-07-02,,,,8.16
2019-07-03,3813198.0,,245306.0,6.849
2019-07-04,,,,
2019-07-05,,,,6.155
2019-07-08,,,,6.5
2019-07-09,,,,6.576
2019-07-10,3815038.0,,211115.0,6.252
2019-07-11,,,,4.95
2019-07-12,,,,5.15
2019-07-15,,,,5.557
2019-07-16,,,,3.007
2019-07-17,3808110.0,,197005.0,1.96
2019-07-18,,,,16.662
2019-07-19,,,,14.255
2019-07-22,,,,14.16
2019-07-23,,,,14.755
2019-07-24,3803436.0,,193362.0,8.255
2019-07-25,,,,3.355
2019-07-26,,,,3.25
2019-07-29,,,,3.928
2019-07-30,,,,2.306
2019-07-31,3779102.0,,163763.0,7.367
2019-08-01,,2.13,,6.044
2019-08-02,,,,3.335
2019-08-05,,,,3.474
2019-08-06,,,,3.41
2019-08-07,3781543.0,,131704.0,3.622
2019-08-08,,,,3.056
2019-08-09,,,,2.72
2019-08-12,,,,5.43
2019-08-13,,,,5.001
2019-08-14,3786018.0,,129957.0,2.744
2019-08-15,,,,3.51
2019-08-16,,,,11.843
2019-08-19,,,,13.403
2019-08-20,,,,15.98
2019-08-21,3764866.0,,125725.0,15.153
2019-08-22,,,,14.611
2019-08-23,,,,9.046
2019-08-26,,,,3.676
2019-08-27,,,,1.555
2019-08-28,3759946.0,,145957.0,4.255
2019-08-29,,,,0.102
2019-08-30,,,,12.089
2019-09-01,,2.04,,
2019-09-02,,,,
2019-09-03,,,,1.754
2019-09-04,3761508.0,,148740.0,1.425
2019-09-05,,,,1.075
2019-09-06,,,,0.88
2019-09-09,,,,2.787
2019-09-10,,,,3.608
2019-09-11,3769673.0,,185342.0,3.612
2019-09-12,,,,3.469
2019-09-13,,,,2.675
2019-09-16,,,,2.202
2019-09-17,,,,1.825
2019-09-18,3844695.0,,250226.0,18.91
2019-09-19,,,,5.004
2019-09-20,,,,7.552
2019-09-23,,,,7.485
2019-09-24,,,,0.101
2019-09-25,3857715.0,,314189.0,0.133
2019-09-26,,,,5.18
2019-09-27,,,,5.33
2019-09-30,,,,7.057
2019-10-01,,1.83,,2.706
2019-10-02,3945831.0,,335171.0,3.054
2019-10-03,,,,3.297
2019-10-04,,,,5.325
2019-10-07,,,,5.65
2019-10-08,,,,3.976
2019-10-09,3949955.0,,318191.0,1.469
2019-10-10,,,,1.1
2019-10-11,,,,2.95
2019-10-14,,,,
2019-10-15,,,,1.726
2019-10-16,3966471.0,,324604.0,1.803
2019-10-17,,,,1.001
2019-10-18,,,,20.1
2019-10-21,,,,18.758
2019-10-22,,,,20.7
2019-10-23,3968700.0,,377985.0,18.29
2019-10-24,,,,0.425
2019-10-25,,,,0.005
2019-10-28,,,,0.036
2019-10-29,,,,0.081
2019-10-30,4019823.0,,389872.0,0.196
2019-10-31,,,,2.851
2019-11-01,,1.55,,2.1
2019-11-04,,,,3.085
2019-11-05,,,,1.836
2019-11-06,4039443.0,,377029.0,1.65
2019-11-07,,,,1.055
2019-11-08,,,,0.805
2019-11-11,,,,
2019-11-12,,,,1.301
2019-11-13,4047882.0,,381955.0,1.762
2019-11-14,,,,1.867
2019-11-15,,,,0.002
2019-11-18,,,,27.055
2019-11-19,,,,26.726
2019-11-20,4030249.0,,368813.0,26.026
2019-11-21,,,,25.719
2019-11-22,,,,0.375
2019-11-25,,,,0.0
2019-11-26,,,,2.205
2019-11-27,4052875.0,,360941.0,0.506
2019-11-28,,,,
2019-11-29,,,,0.75
2019-12-01,,1.55,,
2019-12-02,,,,0.015
2019-12-03,,,,0.151
2019-12-04,4065696.0,,346971.0,0.0
2019-12-05,,,,0.001
2019-12-06,,,,1.0
2019-12-09,,,,0.115
2019-12-10,,,,0.001
2019-12-11,4095491.0,,326865.0,0.605
2019-12-12,,,,0.6
2019-12-13,,,,0.0
2019-12-16,,,,1.328
2019-12-17,,,,0.826
2019-12-18,4137052.0,,332592.0,13.362
2019-12-19,,,,8.936
2019-12-20,,,,13.051
2019-12-23,,,,7.652
2019-12-24,,,,4.423
2019-12-25,4165591.0,,367820.0,
2019-12-26,,,,3.192
2019-12-27,,,,0.825
2019-12-30,,,,6.525
2019-12-31,,,,64.087
2020-01-01,4173626.0,1.55,382553.0,
2020-01-02,,,,3.1
2020-01-03,,,,4.251
2020-01-06,,,,3.825
2020-01-07,,,,1.602
2020-01-08,4149544.0,,367002.0,0.876
2020-01-09,,,,0.401
2020-01-10,,,,0.627
2020-01-13,,,,1.0
2020-01-14,,,,0.656
2020-01-15,4175850.0,,350987.0,0.675
2020-01-16,,,,0.3
2020-01-17,,,,16.15
2020-01-20,,,,
2020-01-21,,,,13.381
2020-01-22,4145912.0,,403941.0,15.604
2020-01-23,,,,12.904
2020-01-24,,,,0.0
2020-01-27,,,,0.002
2020-01-28,,,,0.002
2020-01-29,4151630.0,,432061.0,0.3
2020-01-30,,,,4.14
2020-01-31,,,,4.5
2020-02-01,,1.58,,
2020-02-03,,,,6.16
2020-02-04,,,,2.112
2020-02-05,4166707.0,,413322.0,4.112
2020-02-06,,,,0.403
2020-02-07,,,,1.1
2020-02-10,,,,0.83
2020-02-11,,,,0.228
2020-02-12,4182689.0,,411237.0,0.309
2020-02-13,,,,0.45
2020-02-14,,,,0.0
2020-02-17,,,,
2020-02-18,,,,9.454
2020-02-19,4171570.0,,428805.0,0.095
2020-02-20,,,,3.6
2020-02-21,,,,4.532
2020-02-24,,,,0.592
2020-02-25,,,,0.111
2020-02-26,4158637.0,,439365.0,2.3
2020-02-27,,,,0.275
2020-02-28,,,,2.187
2020-03-01,,0.65,,
2020-03-02,,,,2.525
2020-03-03,,,,0.627
2020-03-04,4241507.0,,374515.0,5.025
2020-03-05,,,,0.85
2020-03-06,,,,2.93
2020-03-09,,,,2.504
2020-03-10,,,,0.151
2020-03-11,4311911.0,,380556.0,1.325
2020-03-12,,,,21.05
2020-03-13,,,,15.1
2020-03-16,,,,1.425
2020-03-17,,,,5.7
2020-03-18,4668212.0,,362576.0,0.477
2020-03-19,,,,1.195
2020-03-20,,,,12.203
2020-03-23,,,,26.944
2020-03-24,,,,41.516
2020-03-25,5254278.0,,390252.0,97.411
2020-03-26,,,,138.48
2020-03-27,,,,210.794
2020-03-30,,,,237.497
2020-03-31,,,,284.908
2020-04-01,5811607.0,0.05,429267.0,207.828
2020-04-02,,,,182.627
2020-04-03,,,,148.117
2020-04-06,,,,144.294
2020-04-07,,,,88.36
2020-04-08,6083141.0,,698578.0,53.483
2020-04-09,,,,5.525
2020-04-10,,,,
2020-04-13,,,,6.1
2020-04-14,,,,9.9
2020-04-15,6367887.0,,889815.0,3.15
2020-04-16,,,,1.525
2020-04-17,,,,1.726
2020-04-20,,,,31.0
2020-04-21,,,,12.528
2020-04-22,6573136.0,,901331.0,10.825
2020-04-23,,,,1.45
2020-04-24,,,,1.5
2020-04-27,,,,16.476
2020-04-28,,,,7.131
2020-04-29,6655929.0,,997507.0,1.45
2020-04-30,,,,1.775
2020-05-01,,0.05,,0.251
2020-05-04,,,,4.85
2020-05-05,,,,1.925
2020-05-06,6721420.0,,1127490.0,1.175
2020-05-07,,,,0.982
2020-05-08,,,,0.68
2020-05-11,,,,0.123
2020-05-12,,,,0.825
2020-05-13,6934227.0,,1177494.0,13.825
2020-05-14,,,,0.133
2020-05-15,,,,1.15
2020-05-18,,,,0.578
2020-05-19,,,,0.09
2020-05-20,7037258.0,,1194410.0,9.726
2020-05-21,,,,0.003
2020-05-22,,,,0.001
2020-05-25,,,,
2020-05-26,,,,0.001
2020-05-27,7097316.0,,1310491.0,4.326
2020-05-28,,,,0.0
2020-05-29,,,,1.325
2020-06-01,,0.08,,0.0
2020-06-02,,,,2.013
2020-06-03,7165217.0,,1434823.0,0.013
2020-06-04,,,,0.0
2020-06-05,,,,0.0
2020-06-08,,,,0.0
2020-06-09,,,,1.252
2020-06-10,7168936.0,,1506558.0,0.012
2020-06-11,,,,0.375
2020-06-12,,,,0.0
2020-06-15,,,,0.003
2020-06-16,,,,4.0
2020-06-17,7094690.0,,1560850.0,0.001
2020-06-18,,,,0.001
2020-06-19,,,,0.001
2020-06-22,,,,0.01
2020-06-23,,,,0.011
2020-06-24,7082302.0,,1623942.0,0.001
2020-06-25,,,,0.001
2020-06-26,,,,0.2
2020-06-29,,,,0.25
2020-06-30,,,,0.95
2020-07-01,7009040.0,0.09,1657620.0,0.002
2020-07-02,,,,0.0
2020-07-03,,,,
2020-07-06,,,,0.0
2020-07-07,,,,0.003
2020-07-08,6920716.0,,1653098.0,0.001
2020-07-09,,,,0.0
2020-07-10,,,,0.0
2020-07-13,,,,0.001
2020-07-14,,,,0.001
2020-07-15,6958604.0,,1655320.0,0.001
2020-07-16,,,,0.001
2020-07-17,,,,0.0
2020-07-20,,,,0.003
2020-07-21,,,,0.0
2020-07-22,6964755.0,,1804944.0,0.0
2020-07-23,,,,0.0
2020-07-24,,,,0.0
2020-07-27,,,,0.0
2020-07-28,,,,0.0
2020-07-29,6949032.0,,1816687.0,0.001
2020-07-30,,,,0.307
2020-07-31,,,,0.15
2020-08-01,,0.1,,
2020-08-03,,,,0.0
2020-08-04,,,,0.005
2020-08-05,6945237.0,,1745228.0,0.0
2020-08-06,,,,0.0
2020-08-07,,,,0.0
2020-08-10,,,,0.008
2020-08-11,,,,0.0
2020-08-12,6957277.0,,1669733.0,0.103
2020-08-13,,,,0.126
2020-08-14,,,,0.001
2020-08-17,,,,0.054
2020-08-18,,,,0.002
2020-08-19,7010637.0,,1643505.0,0.112
2020-08-20,,,,0.15
2020-08-21,,,,0.0
2020-08-24,,,,0.0
2020-08-25,,,,0.012
2020-08-26,6990418.0,,1622690.0,0.009
2020-08-27,,,,0.002
2020-08-28,,,,0.0
2020-08-31,,,,0.011
2020-09-01,,0.09,,0.008
2020-09-02,7017492.0,,1639159.0,0.014
2020-09-03,,,,0.0
2020-09-04,,,,0.0
2020-09-07,,,,
2020-09-08,,,,0.0
2020-09-09,7010614.0,,1611083.0,0.001
2020-09-10,,,,0.01
2020-09-11,,,,0.0
2020-09-14,,,,0.001
2020-09-15,,,,0.002
2020-09-16,7064475.0,,1614855.0,0.055
2020-09-17,,,,0.001
2020-09-18,,,,0.0
2020-09-21,,,,0.054
2020-09-22,,,,0.0
2020-09-23,7093161.0,,1680688.0,0.001
2020-09-24,,,,0.004
2020-09-25,,,,0.0
2020-09-28,,,,0.0
2020-09-29,,,,1.301
2020-09-30,7056129.0,,1679152.0,0.85
2020-10-01,,0.09,,0.001
2020-10-02,,,,0.0
2020-10-05,,,,0.0
2020-10-06,,,,0.0
2020-10-07,7074649.0,,1697074.0,0.011
2020-10-08,,,,0.212
2020-10-09,,,,0.0
2020-10-12,,,,
2020-10-13,,,,0.0
2020-10-14,7151426.0,,1680998.0,0.0
2020-10-15,,,,0.001
2020-10-16,,,,0.002
2020-10-19,,,,0.004
2020-10-20,,,,0.007
2020-10-21,7177265.0,,1724792.0,0.0
2020-10-22,,,,0.001
2020-10-23,,,,0.0
2020-10-26,,,,0.001
2020-10-27,,,,0.0
2020-10-28,7146306.0,,1680933.0,0.005
2020-10-29,,,,0.014
2020-10-30,,,,0.001
2020-11-01,,0.09,,
2020-11-02,,,,0.0
2020-11-03,,,,0.0
2020-11-04,7157479.0,,1621346.0,0.0
2020-11-05,,,,0.0
2020-11-06,,,,0.0
2020-11-09,,,,0.0
2020-11-10,,,,0.0
2020-11-11,7175417.0,,1600837.0,
2020-11-12,,,,0.0
2020-11-13,,,,0.003
2020-11-16,,,,0.013
2020-11-17,,,,0.0
2020-11-18,7243080.0,,1556892.0,0.103
2020-11-19,,,,2.0
2020-11-20,,,,0.0
2020-11-23,,,,0.485
2020-11-24,,,,0.001
2020-11-25,7216480.0,,1517215.0,0.0
2020-11-26,,,,
2020-11-27,,,,0.0
2020-11-30,,,,0.006
2020-12-01,,0.09,,0.002
2020-12-02,7222414.0,,1531053.0,0.001
2020-12-03,,,,0.0
2020-12-04,,,,0.0
2020-12-07,,,,0.001
2020-12-08,,,,0.001
2020-12-09,7242658.0,,1534243.0,0.003
2020-12-10,,,,0.001
2020-12-11,,,,0.0
2020-12-14,,,,0.1
2020-12-15,,,,0.001
2020-12-16,7362592.0,,1529698.0,0.026
2020-12-17,,,,0.014
2020-12-18,,,,0.032
2020-12-21,,,,0.435
2020-12-22,,,,0.406
2020-12-23,7404039.0,,1602407.0,0.857
2020-12-24,,,,0.01
2020-12-25,,,,
2020-12-28,,,,0.901
2020-12-29,,,,0.257
2020-12-30,7363351.0,,1591055.0,0.652
2020-12-31,,,,9.651
2021-01-01,,0.09,,
2021-01-04,,,,0.001
2021-01-05,,,,0.005
2021-01-06,7334809.0,,1669327.0,0.004
2021-01-07,,,,0.001
2021-01-08,,,,0.0
2021-01-11,,,,0.0
2021-01-12,,,,0.0
2021-01-13,7333968.0,,1589421.0,0.0
2021-01-14,,,,0.6
2021-01-15,,,,0.0
2021-01-18,,,,
2021-01-19,,,,0.004
2021-01-20,7414942.0,,1626906.0,1.806
2021-01-21,,,,1.201
2021-01-22,,,,0.0
2021-01-25,,,,2.2
2021-01-26,,,,1.631
2021-01-27,7404926.0,,1633540.0,1.152
2021-01-28,,,,2.655
2021-01-29,,,,7.1
2021-02-01,,0.08,,0.012
2021-02-02,,,,0.011
2021-02-03,7410598.0,,1625325.0,0.178
2021-02-04,,,,0.5
2021-02-05,,,,0.01
2021-02-08,,,,0.002
2021-02-09,,,,0.001
2021-02-10,7442225.0,,1608906.0,0.0
2021-02-11,,,,0.108
2021-02-12,,,,0.001
2021-02-15,,,,
2021-02-16,,,,0.004
2021-02-17,7557402.0,,1567041.0,0.05
2021-02-18,,,,0.0
2021-02-19,,,,0.002
2021-02-22,,,,1.1
2021-02-23,,,,0.435
2021-02-24,7590111.0,,1529977.0,0.001
2021-02-25,,,,9.976
2021-02-26,,,,11.2
2021-03-01,,0.07,,0.0
2021-03-02,,,,0.005
2021-03-03,7557524.0,,1429549.0,0.507
2021-03-04,,,,2.1
2021-03-05,,,,1.0
2021-03-08,,,,0.025
2021-03-09,,,,0.0
2021-03-10,7579901.0,,1360064.0,0.1
2021-03-11,,,,11.051
2021-03-12,,,,6.8
2021-03-15,,,,0.003
2021-03-16,,,,0.702
2021-03-17,7693506.0,,1272583.0,0.0
2021-03-18,,,,26.57
2021-03-19,,,,18.908
2021-03-22,,,,22.242
2021-03-23,,,,19.526
2021-03-24,7719622.0,,1061138.0,21.902
2021-03-25,,,,10.1
2021-03-26,,,,11.45
2021-03-29,,,,40.354
2021-03-30,,,,104.725
2021-03-31,7688988.0,,1025727.0,134.307
2021-04-01,,0.07,,9.575
2021-04-02,,,,
2021-04-05,,,,3.45
2021-04-06,,,,18.951
2021-04-07,7708882.0,,1010103.0,35.035
2021-04-08,,,,27.64
2021-04-09,,,,31.265
2021-04-12,,,,30.221
2021-04-13,,,,37.543
2021-04-14,7793104.0,,925094.0,50.856
2021-04-15,,,,28.626
2021-04-16,,,,39.94
2021-04-19,,,,53.798
2021-04-20,,,,67.747
2021-04-21,7820948.0,,1015902.0,81.329
2021-04-22,,,,102.644
2021-04-23,,,,73.794
2021-04-26,,,,100.916
2021-04-27,,,,142.172
2021-04-28,7780962.0,,967689.0,166.732
2021-04-29,,,,173.469
2021-04-30,,,,183.234
2021-05-01,,0.06,,
2021-05-03,,,,129.724
2021-05-04,,,,147.806
2021-05-05,7810486.0,,953689.0,162.8
2021-05-06,,,,154.921
2021-05-07,,,,161.856
2021-05-10,,,,175.548
2021-05-11,,,,181.753
2021-05-12,7830663.0,,898779.0,209.257
2021-05-13,,,,235.217
2021-05-14,,,,241.185
2021-05-17,,,,208.96
2021-05-18,,,,243.47
2021-05-19,7922883.0,,866119.0,293.998
2021-05-20,,,,351.121
2021-05-21,,,,369.046
2021-05-24,,,,394.941
2021-05-25,,,,432.955
2021-05-26,7903541.0,,812473.0,450.283
2021-05-27,,,,485.329
2021-05-28,,,,479.498
2021-05-31,,,,
2021-06-01,,0.08,,447.985
2021-06-02,7935703.0,,783235.0,438.778
2021-06-03,,,,479.102
2021-06-04,,,,483.349
2021-06-07,,,,486.097
2021-06-08,,,,497.428
2021-06-09,7952327.0,,730235.0,502.904
2021-06-10,,,,534.943
2021-06-11,,,,547.808
2021-06-14,,,,583.892
2021-06-15,,,,509.559
2021-06-16,8064257.0,,653889.0,520.942
2021-06-17,,,,755.8
2021-06-18,,,,747.121
2021-06-21,,,,765.141
2021-06-22,,,,791.605
2021-06-23,8101945.0,,734689.0,813.65
2021-06-24,,,,813.048
2021-06-25,,,,770.83
2021-06-28,,,,803.019
2021-06-29,,,,841.246
2021-06-30,8078544.0,,745962.0,991.939
2021-07-01,,0.1,,742.647
2021-07-02,,,,731.504
2021-07-05,,,,
2021-07-06,,,,772.581
2021-07-07,8097773.0,,753364.0,785.72
2021-07-08,,,,793.399
2021-07-09,,,,780.596
2021-07-12,,,,776.472
2021-07-13,,,,798.267
2021-07-14,8201651.0,,704918.0,859.975
2021-07-15,,,,776.261
2021-07-16,,,,817.566
2021-07-19,,,,860.468
2021-07-20,,,,848.102
2021-07-21,8240530.0,,678103.0,886.206
2021-07-22,,,,898.197
2021-07-23,,,,877.251
2021-07-26,,,,891.203
2021-07-27,,,,927.419
2021-07-28,8221473.0,,578204.0,965.189
2021-07-29,,,,987.283
2021-07-30,,,,1039.394
2021-08-01,,0.09,,
2021-08-02,,,,921.317
2021-08-03,,,,909.442
2021-08-04,8235073.0,,492668.0,931.755
2021-08-05,,,,944.335
2021-08-06,,,,952.134
2021-08-09,,,,981.765
2021-08-10,,,,998.654
2021-08-11,8257159.0,,434919.0,1000.46
2021-08-12,,,,1087.342
2021-08-13,,,,1050.941
2021-08-16,,,,1036.418
2021-08-17,,,,1053.454
2021-08-18,8342598.0,,338808.0,1115.656
2021-08-19,,,,1109.938
2021-08-20,,,,1111.905
2021-08-23,,,,1135.697
2021-08-24,,,,1129.737
2021-08-25,8332743.0,,301430.0,1147.089
2021-08-26,,,,1091.792
2021-08-27,,,,1120.015
2021-08-30,,,,1140.711
2021-08-31,,,,1189.616
2021-09-01,8349173.0,0.08,277650.0,1084.115
2021-09-02,,,,1066.987
2021-09-03,,,,1074.707
2021-09-06,,,,
2021-09-07,,,,1079.945
2021-09-08,8357314.0,,253496.0,1115.229
2021-09-09,,,,1107.659
2021-09-10,,,,1099.323
2021-09-13,,,,1087.108
2021-09-14,,,,1169.28
2021-09-15,8448770.0,,230328.0,1081.342
2021-09-16,,,,1147.494
2021-09-17,,,,1218.303
2021-09-20,,,,1224.289
2021-09-21,,,,1240.494
2021-09-22,8489824.0,,308022.0,1283.281
2021-09-23,,,,1352.483
2021-09-24,,,,1313.657
2021-09-27,,,,1297.05
2021-09-28,,,,1365.185
2021-09-29,8447981.0,,197744.0,1415.84
2021-09-30,,,,1604.881
2021-10-01,,0.08,,1385.991
2021-10-04,,,,1399.173
2021-10-05,,,,1431.18
2021-10-06,8464032.0,,135582.0,1451.175
2021-10-07,,,,1375.863
2021-10-08,,,,1371.958
2021-10-11,,,,
2021-10-12,,,,1367.051
2021-10-13,8480942.0,,77858.0,1364.701
2021-10-14,,,,1445.66
2021-10-15,,,,1462.297
2021-10-18,,,,1477.114
2021-10-19,,,,1470.739
2021-10-20,8564943.0,,83386.0,1493.961
2021-10-21,,,,1458.605
2021-10-22,,,,1403.02
2021-10-25,,,,1413.188
2021-10-26,,,,1423.198
2021-10-27,8556181.0,,213291.0,1433.37
2021-10-28,,,,1384.684
2021-10-29,,,,1502.296
2021-11-01,,0.08,,1358.606
2021-11-02,,,,1329.913
2021-11-03,8574871.0,,280205.0,1343.985
2021-11-04,,,,1348.539
2021-11-05,,,,1354.059
2021-11-08,,,,1354.382
2021-11-09,,,,1377.197
2021-11-10,8663117.0,,259293.0,1448.623
2021-11-11,,,,
2021-11-12,,,,1417.643
2021-11-15,,,,1391.657
2021-11-16,,,,1466.857
2021-11-17,8674970.0,,211453.0,1520.0
2021-11-18,,,,1584.097
2021-11-19,,,,1575.384
2021-11-22,,,,1573.769
2021-11-23,,,,1571.98
2021-11-24,8681771.0,,164087.0,1452.897
2021-11-25,,,,
2021-11-26,,,,1451.108
2021-11-29,,,,1459.339
2021-11-30,,,,1517.956
2021-12-01,8650402.0,0.08,152651.0,1427.347
2021-12-02,,,,1448.585
2021-12-03,,,,1475.464
2021-12-06,,,,1487.996
2021-12-07,,,,1455.038
2021-12-08,8664524.0,,115117.0,1484.192
2021-12-09,,,,1500.027
2021-12-10,,,,1507.147
2021-12-13,,,,1599.768
2021-12-14,,,,1584.488
2021-12-15,8756666.0,,104798.0,1621.097
2021-12-16,,,,1657.626
2021-12-17,,,,1704.586
2021-12-20,,,,1758.041
2021-12-21,,,,1748.285
2021-12-22,8790495.0,,84954.0,1699.277
2021-12-23,,,,1577.78
2021-12-24,,,,
2021-12-27,,,,1580.347
2021-12-28,,,,1637.064
2021-12-29,8757460.0,,211849.0,1642.506
2021-12-30,,,,1696.476
2021-12-31,,,,1904.582
2022-01-01,,0.08,,
2022-01-03,,,,1579.526
2022-01-04,,,,1495.692
2022-01-05,8765721.0,,389751.0,1492.787
2022-01-06,,,,1510.553
2022-01-07,,,,1530.096
2022-01-10,,,,1560.421
2022-01-11,,,,1527.02
2022-01-12,8788278.0,,456401.0,1536.981
2022-01-13,,,,1636.742
2022-01-14,,,,1598.887
2022-01-17,,,,
2022-01-18,,,,1597.137
2022-01-19,8867834.0,,488697.0,1656.576
2022-01-20,,,,1678.931
2022-01-21,,,,1706.127
2022-01-24,,,,1614.002
2022-01-25,,,,1599.502
2022-01-26,8860485.0,,614877.0,1613.046
2022-01-27,,,,1583.895
2022-01-28,,,,1615.021
2022-01-31,,,,1654.85
2022-02-01,,0.08,,1584.109
2022-02-02,8873211.0,,675773.0,1626.895
2022-02-03,,,,1640.397
2022-02-04,,,,1642.892
2022-02-07,,,,1679.932
2022-02-08,,,,1674.61
2022-02-09,8878009.0,,686384.0,1653.153
2022-02-10,,,,1634.146
2022-02-11,,,,1635.826
2022-02-14,,,,1666.232
2022-02-15,,,,1608.494
2022-02-16,8911033.0,,692541.0,1644.134
2022-02-17,,,,1647.202
2022-02-18,,,,1674.929
2022-02-21,,,,
2022-02-22,,,,1699.432
2022-02-23,8928129.0,,697838.0,1738.322
2022-02-24,,,,1650.399
2022-02-25,,,,1603.349
2022-02-28,,,,1596.052
2022-03-01,,0.2,,1552.95
2022-03-02,8904455.0,,682903.0,1526.211
2022-03-03,,,,1533.992
2022-03-04,,,,1483.061
2022-03-07,,,,1461.227
2022-03-08,,,,1525.099
2022-03-09,8910748.0,,652039.0,1542.504
2022-03-10,,,,1568.735
2022-03-11,,,,1557.823
2022-03-14,,,,1608.021
2022-03-15,,,,1583.471
2022-03-16,8954306.0,,570606.0,1613.637
2022-03-17,,,,1659.977
2022-03-18,,,,1715.148
2022-03-21,,,,1728.893
2022-03-22,,,,1763.183
2022-03-23,8962474.0,,614616.0,1803.186
2022-03-24,,,,1707.655
2022-03-25,,,,1676.974
2022-03-28,,,,1688.632
2022-03-29,,,,1718.87
2022-03-30,8937142.0,,575065.0,1785.939
2022-03-31,,,,1871.97
2022-04-01,,0.33,,1666.063
2022-04-04,,,,1692.936
2022-04-05,,,,1710.834
2022-04-06,8937592.0,,574451.0,1731.472
2022-04-07,,,,1734.424
2022-04-08,,,,1750.498
2022-04-11,,,,1758.958
2022-04-12,,,,1710.414
2022-04-13,8965487.0,,547308.0,1815.555
2022-04-14,,,,1706.935
2022-04-15,,,,
2022-04-18,,,,1738.379
2022-04-19,,,,1817.292
2022-04-20,8955851.0,,711406.0,1866.56
2022-04-21,,,,1854.7
2022-04-22,,,,1765.031
2022-04-25,,,,1783.609
2022-04-26,,,,1819.343
2022-04-27,8939199.0,,944328.0,1803.162
2022-04-28,,,,1818.416
2022-04-29,,,,1906.802
2022-05-01,,0.77,,
2022-05-02,,,,1796.302
2022-05-03,,,,1796.252
2022-05-04,8939972.0,,945478.0,1815.656
2022-05-05,,,,1844.762
2022-05-06,,,,1861.866
2022-05-09,,,,1858.995
2022-05-10,,,,1864.225
2022-05-11,8942008.0,,945658.0,1876.119
2022-05-12,,,,1900.069
2022-05-13,,,,1865.287
2022-05-16,,,,1833.152
2022-05-17,,,,1877.483
2022-05-18,8945898.0,,886964.0,1973.373
2022-05-19,,,,1981.005
2022-05-20,,,,1987.987
2022-05-23,,,,2044.658
2022-05-24,,,,1987.865
2022-05-25,8914281.0,,821535.0,1995.75
2022-05-26,,,,2007.702
2022-05-27,,,,2006.688
2022-05-30,,,,
2022-05-31,,,,1978.538
2022-06-01,8915050.0,1.21,789532.0,1965.015
2022-06-02,,,,1985.239
2022-06-03,,,,2031.228
2022-06-06,,,,2040.093
2022-06-07,,,,2091.395
2022-06-08,8918254.0,,723384.0,2140.277
2022-06-09,,,,2142.318
2022-06-10,,,,2162.885
2022-06-13,,,,2212.62
2022-06-14,,,,2223.857
2022-06-15,8932420.0,,656870.0,2162.924
2022-06-16,,,,2178.382
2022-06-17,,,,2229.279
2022-06-20,,,,
2022-06-21,,,,2188.627
2022-06-22,8934346.0,,758283.0,2259.458
2022-06-23,,,,2285.442
2022-06-24,,,,2180.984
2022-06-27,,,,2155.942
2022-06-28,,,,2213.784
2022-06-29,8913553.0,,756627.0,2226.976
2022-06-30,,,,2329.743
2022-07-01,,1.68,,2167.085
2022-07-04,,,,
2022-07-05,,,,2138.28
2022-07-06,8891851.0,,700457.0,2168.026
2022-07-07,,,,2172.457
2022-07-08,,,,2144.921
2022-07-11,,,,2164.266
2022-07-12,,,,2146.132
2022-07-13,8895867.0,,652572.0,2155.29
2022-07-14,,,,2207.121
2022-07-15,,,,2153.75
2022-07-18,,,,2190.375
2022-07-19,,,,2211.821
2022-07-20,8899213.0,,613878.0,2240.204
2022-07-21,,,,2271.756
2022-07-22,,,,2228.959
2022-07-25,,,,2192.367
2022-07-26,,,,2189.474
2022-07-27,8890004.0,,602945.0,2188.994
2022-07-28,,,,2239.883
2022-07-29,,,,2300.2
2022-08-01,,2.33,,2161.885
2022-08-02,,,,2156.013
2022-08-03,8874620.0,,594115.0,2182.238
2022-08-04,,,,2191.546
2022-08-05,,,,2194.927
2022-08-08,,,,2195.692
2022-08-09,,,,2186.568
2022-08-10,8879138.0,,557265.0,2177.646
2022-08-11,,,,2199.247
2022-08-12,,,,2213.193
2022-08-15,,,,2175.857
2022-08-16,,,,2165.332
2022-08-17,8849762.0,,545321.0,2199.631
2022-08-18,,,,2218.161
2022-08-19,,,,2221.68
2022-08-22,,,,2235.665
2022-08-23,,,,2250.718
2022-08-24,8851436.0,,535267.0,2237.072
2022-08-25,,,,2187.907
2022-08-26,,,,2182.452
2022-08-29,,,,2205.188
2022-08-30,,,,2188.975
2022-08-31,8826093.0,,612536.0,2251.025
2022-09-01,,2.56,,2173.156
2022-09-02,,,,2173.413
2022-09-05,,,,
2022-09-06,,,,2188.796
2022-09-07,8822401.0,,581295.0,2206.987
2022-09-08,,,,2210.466
2022-09-09,,,,2209.714
2022-09-12,,,,2218.546
2022-09-13,,,,2202.719
2022-09-14,8832759.0,,593808.0,2225.579
2022-09-15,,,,2176.188
2022-09-16,,,,2186.833
2022-09-19,,,,2217.542
2022-09-20,,,,2238.87
2022-09-21,8816802.0,,692496.0,2315.9
2022-09-22,,,,2359.227
2022-09-23,,,,2319.361
2022-09-26,,,,2299.011
2022-09-27,,,,2327.111
2022-09-28,8795567.0,,689569.0,2366.798
2022-09-29,,,,2371.763
2022-09-30,,,,2425.91
2022-10-01,,3.08,,
2022-10-03,,,,2252.523
2022-10-04,,,,2233.616
2022-10-05,8759053.0,,633939.0,2230.799
2022-10-06,,,,2232.801
2022-10-07,,,,2226.95
2022-10-10,,,,
2022-10-11,,,,2222.479
2022-10-12,8758969.0,,608302.0,2247.206
2022-10-13,,,,2244.1
2022-10-14,,,,2222.052
2022-10-17,,,,2172.301
2022-10-18,,,,2226.725
2022-10-19,8743922.0,,607199.0,2241.835
2022-10-20,,,,2234.071
2022-10-21,,,,2265.809
2022-10-24,,,,2242.044
2022-10-25,,,,2195.616
2022-10-26,8723090.0,,634548.0,2186.856
2022-10-27,,,,2152.485
2022-10-28,,,,2183.29
2022-10-31,,,,2275.459
2022-11-01,,3.78,,2200.51
2022-11-02,8676870.0,,598544.0,2229.861
2022-11-03,,,,2219.791
2022-11-04,,,,2230.84
2022-11-07,,,,2241.317
2022-11-08,,,,2232.555
2022-11-09,8678886.0,,527479.0,2237.812
2022-11-10,,,,2200.586
2022-11-11,,,,
2022-11-14,,,,2165.018
2022-11-15,,,,2086.574
2022-11-16,8625620.0,,502982.0,2099.07
2022-11-17,,,,2114.439
2022-11-18,,,,2113.413
2022-11-21,,,,2125.426
2022-11-22,,,,2103.932
2022-11-23,8621390.0,,479474.0,2069.174
2022-11-24,,,,
2022-11-25,,,,2031.066
2022-11-28,,,,2054.914
2022-11-29,,,,2064.377
2022-11-30,8584576.0,,511474.0,2115.913
2022-12-01,,4.1,,2050.286
2022-12-02,,,,2049.763
2022-12-05,,,,2093.647
2022-12-06,,,,2111.465
2022-12-07,8582735.0,,432335.0,2151.549
2022-12-08,,,,2175.973
2022-12-09,,,,2146.748
2022-12-12,,,,2158.517
2022-12-13,,,,2180.676
2022-12-14,8583413.0,,355517.0,2192.864
2022-12-15,,,,2123.995
2022-12-16,,,,2126.54
2022-12-19,,,,2134.765
2022-12-20,,,,2159.408
2022-12-21,8564411.0,,459780.0,2206.965
2022-12-22,,,,2222.898
2022-12-23,,,,2216.348
2022-12-26,,,,
2022-12-27,,,,2221.259
2022-12-28,8551169.0,,427926.0,2293.003
2022-12-29,,,,2308.319
2022-12-30,,,,2553.716
2023-01-01,,4.33,,
2023-01-02,,,,
2023-01-03,,,,2188.272
2023-01-04,8507429.0,,423625.0,2229.542
2023-01-05,,,,2242.486
2023-01-06,,,,2208.265
2023-01-09,,,,2199.121
2023-01-10,,,,2192.942
2023-01-11,8508587.0,,372340.0,2199.17
2023-01-12,,,,2202.989
2023-01-13,,,,2179.781
2023-01-16,,,,
2023-01-17,,,,2093.328
2023-01-18,8489039.0,,339018.0,2131.678
2023-01-19,,,,2110.145
2023-01-20,,,,2090.523
2023-01-23,,,,2135.499
2023-01-24,,,,2048.386
2023-01-25,8470557.0,,491848.0,2031.561
2023-01-26,,,,2024.069
2023-01-27,,,,2003.634
2023-01-30,,,,2048.714
2023-01-31,,,,2061.572
2023-02-01,8433610.0,4.57,560089.0,2038.262
2023-02-02,,,,2050.063
2023-02-03,,,,2041.217
2023-02-06,,,,2072.261
2023-02-07,,,,2057.958
2023-02-08,8435369.0,,493277.0,2059.604
2023-02-09,,,,2058.942
2023-02-10,,,,2042.893
2023-02-13,,,,2107.775
2023-02-14,,,,2076.548
2023-02-15,8384767.0,,490379.0,2011.998
2023-02-16,,,,2032.457
2023-02-17,,,,2059.662
2023-02-20,,,,
2023-02-21,,,,2046.064
2023-02-22,8382190.0,,477333.0,2113.849
2023-02-23,,,,2147.417
2023-02-24,,,,2142.141
2023-02-27,,,,2162.435
2023-02-28,,,,2188.035
2023-03-01,8339684.0,4.65,381245.0,2133.95
2023-03-02,,,,2192.355
2023-03-03,,,,2186.15
2023-03-06,,,,2190.793
2023-03-07,,,,2170.195
2023-03-08,8342283.0,,333350.0,2193.237
2023-03-09,,,,2229.623
2023-03-10,,,,2188.375
2023-03-13,,,,2126.677
2023-03-14,,,,2042.579
2023-03-15,8639300.0,,232866.0,2055.823
2023-03-16,,,,2066.319
2023-03-17,,,,2106.166
2023-03-20,,,,2098.393
2023-03-21,,,,2194.631
2023-03-22,8733787.0,,259587.0,2279.608
2023-03-23,,,,2233.956
2023-03-24,,,,2218.458
2023-03-27,,,,2220.131
2023-03-28,,,,2231.749
2023-03-29,8705942.0,,183577.0,2264.862
2023-03-30,,,,2271.531
2023-03-31,,,,2375.171
2023-04-01,,4.83,,
2023-04-03,,,,2221.01
2023-04-04,,,,2219.375
2023-04-05,8632384.0,,168793.0,2243.011
2023-04-06,,,,2173.663
2023-04-07,,,,
2023-04-10,,,,2239.655
2023-04-11,,,,2297.208
2023-04-12,8614797.0,,109208.0,2303.862
2023-04-13,,,,2321.699
2023-04-14,,,,2253.786
2023-04-17,,,,2256.845
2023-04-18,,,,2238.994
2023-04-19,8593263.0,,166555.0,2294.677
2023-04-20,,,,2277.259
2023-04-21,,,,2290.023
2023-04-24,,,,2308.538
2023-04-25,,,,2275.402
2023-04-26,8562768.0,,291702.0,2279.561
2023-04-27,,,,2273.926
2023-04-28,,,,2325.479
2023-05-01,,5.06,,2239.866
2023-05-02,,,,2267.13
2023-05-03,8503994.0,,269216.0,2258.222
2023-05-04,,,,2242.399
2023-05-05,,,,2207.415
2023-05-08,,,,2217.601
2023-05-09,,,,2222.864
2023-05-10,8503017.0,,197666.0,2233.149
2023-05-11,,,,2242.243
2023-05-12,,,,2229.199
2023-05-15,,,,2220.927
2023-05-16,,,,2203.214
2023-05-17,8456760.0,,116220.0,2213.676
2023-05-18,,,,2238.266
2023-05-19,,,,2276.72
2023-05-22,,,,2275.311
2023-05-23,,,,2256.689
2023-05-24,8436255.0,,61952.0,2250.709
2023-05-25,,,,2197.638
2023-05-26,,,,2189.681
2023-05-29,,,,
2023-05-30,,,,2200.479
2023-05-31,8385854.0,,48954.0,2254.859
2023-06-01,,5.08,,2160.055
2023-06-02,,,,2142.102
2023-06-05,,,,2131.417
2023-06-06,,,,2134.638
2023-06-07,8389325.0,,44756.0,2161.556
2023-06-08,,,,2141.798
2023-06-09,,,,2127.652
2023-06-12,,,,2126.87
2023-06-13,,,,2074.52
2023-06-14,8388323.0,,102118.0,2109.105
2023-06-15,,,,1992.14
2023-06-16,,,,2011.556
2023-06-19,,,,
2023-06-20,,,,1989.489
2023-06-21,8362060.0,,276850.0,2037.102
2023-06-22,,,,1994.711
2023-06-23,,,,1969.38
2023-06-26,,,,1961.027
2023-06-27,,,,1951.098
2023-06-28,8340914.0,,390571.0,1945.211
2023-06-29,,,,1934.684
2023-06-30,,,,2034.319
2023-07-01,,5.12,,
2023-07-03,,,,1909.639
2023-07-04,,,,
2023-07-05,8298312.0,,415441.0,1867.061
2023-07-06,,,,1854.256
2023-07-07,,,,1822.303
2023-07-10,,,,1811.981
2023-07-11,,,,1775.796
2023-07-12,8296923.0,,514337.0,1820.146
2023-07-13,,,,1767.432
2023-07-14,,,,1740.777
2023-07-17,,,,1728.322
2023-07-18,,,,1716.862
2023-07-19,8274552.0,,531135.0,1732.804
2023-07-20,,,,1721.001
2023-07-21,,,,1770.752
2023-07-24,,,,1770.867
2023-07-25,,,,1720.716
2023-07-26,8243344.0,,543597.0,1749.733
2023-07-27,,,,1735.783
2023-07-28,,,,1730.227
2023-07-31,,,,1821.124
2023-08-01,,5.33,,1739.554
2023-08-02,8206764.0,,517459.0,1770.186
2023-08-03,,,,1776.774
2023-08-04,,,,1793.804
2023-08-07,,,,1810.583
2023-08-08,,,,1778.351
2023-08-09,8208241.0,,444594.0,1796.519
2023-08-10,,,,1759.897
2023-08-11,,,,1773.236
2023-08-14,,,,1799.311
2023-08-15,,,,1743.784
2023-08-16,8145727.0,,435795.0,1796.725
2023-08-17,,,,1794.12
2023-08-18,,,,1819.201
2023-08-21,,,,1824.788
2023-08-22,,,,1812.294
2023-08-23,8139066.0,,413787.0,1816.533
2023-08-24,,,,1731.623
2023-08-25,,,,1687.379
2023-08-28,,,,1708.605
2023-08-29,,,,1693.278
2023-08-30,8121316.0,,470800.0,1696.819
2023-08-31,,,,1651.602
2023-09-01,,5.33,,1574.065
2023-09-04,,,,
2023-09-05,,,,1568.49
2023-09-06,8101318.0,,470881.0,1606.244
2023-09-07,,,,1535.289
2023-09-08,,,,1525.403
2023-09-11,,,,1549.111
2023-09-12,,,,1493.781
2023-09-13,8098779.0,,521507.0,1546.225
2023-09-14,,,,1492.427
2023-09-15,,,,1401.403
2023-09-18,,,,1452.942
2023-09-19,,,,1453.324
2023-09-20,8024090.0,,640296.0,1486.984
2023-09-21,,,,1454.115
2023-09-22,,,,1427.575
2023-09-25,,,,1437.31
2023-09-26,,,,1438.301
2023-09-27,8002064.0,,681143.0,1442.805
2023-09-28,,,,1453.366
2023-09-29,,,,1557.569
2023-10-01,,5.33,,
2023-10-02,,,,1365.739
2023-10-03,,,,1348.465
2023-10-04,7955782.0,,668009.0,1342.031
2023-10-05,,,,1265.132
2023-10-06,,,,1283.461
2023-10-09,,,,
2023-10-10,,,,1222.44
2023-10-11,7952054.0,,709160.0,1239.382
2023-10-12,,,,1157.319
2023-10-13,,,,1151.818
2023-10-16,,,,1108.819
2023-10-17,,,,1082.502
2023-10-18,7933162.0,,759878.0,1150.781
2023-10-19,,,,1114.179
2023-10-20,,,,1138.756
2023-10-23,,,,1157.976
2023-10-24,,,,1097.875
2023-10-25,7907830.0,,834418.0,1100.617
2023-10-26,,,,1089.85
2023-10-27,,,,1091.858
2023-10-30,,,,1138.035
2023-10-31,,,,1137.697
2023-11-01,7866664.0,5.33,820487.0,1079.462
2023-11-02,,,,1054.986
2023-11-03,,,,1071.139
2023-11-06,,,,1062.878
2023-11-07,,,,1008.685
2023-11-08,7860691.0,,772686.0,1024.451
2023-11-09,,,,993.314
2023-11-10,,,,1032.72
2023-11-13,,,,1020.272
2023-11-14,,,,988.298
2023-11-15,7814991.0,,738562.0,944.241
2023-11-16,,,,912.01
2023-11-17,,,,935.803
2023-11-20,,,,953.088
2023-11-21,,,,931.155
2023-11-22,7810814.0,,706017.0,931.604
2023-11-23,,,,
2023-11-24,,,,865.907
2023-11-27,,,,867.22
2023-11-28,,,,873.344
2023-11-29,7796145.0,,739209.0,914.187
2023-11-30,,,,887.822
2023-12-01,,5.33,,768.543
2023-12-04,,,,815.847
2023-12-05,,,,834.428
2023-12-06,7737385.0,,682509.0,846.498
2023-12-07,,,,825.734
2023-12-08,,,,821.408
2023-12-11,,,,838.507
2023-12-12,,,,837.803
2023-12-13,7739566.0,,658440.0,823.329
2023-12-14,,,,769.346
2023-12-15,,,,683.254
2023-12-18,,,,724.704
2023-12-19,,,,773.082
2023-12-20,7724063.0,,732196.0,779.143
2023-12-21,,,,778.402
2023-12-22,,,,772.258
2023-12-25,,,,
2023-12-26,,,,793.937
2023-12-27,7712781.0,,731405.0,818.869
2023-12-28,,,,829.573
2023-12-29,,,,1018.483
2024-01-01,,5.33,,
2024-01-02,,,,704.864
2024-01-03,7681024.0,,758448.0,719.897
2024-01-04,,,,664.899
2024-01-05,,,,694.478
2024-01-08,,,,691.485
2024-01-09,,,,676.05
2024-01-10,7686710.0,,747565.0,679.961
2024-01-11,,,,626.37
2024-01-12,,,,603.116
2024-01-15,,,,
2024-01-16,,,,583.103
2024-01-17,7673741.0,,748883.0,590.191
2024-01-18,,,,618.234
2024-01-19,,,,625.182
2024-01-22,,,,647.103
2024-01-23,,,,621.195
2024-01-24,7677230.0,,799358.0,639.56
2024-01-25,,,,557.687
2024-01-26,,,,570.828
2024-01-29,,,,581.41
2024-01-30,,,,577.755
2024-01-31,7630124.0,,841550.0,615.379
2024-02-01,,5.33,,503.548
2024-02-02,,,,513.422
2024-02-05,,,,552.289
2024-02-06,,,,532.439
2024-02-07,7631300.0,,802135.0,553.055
2024-02-08,,,,535.705
2024-02-09,,,,569.175
2024-02-12,,,,581.568
2024-02-13,,,,553.684
2024-02-14,7633874.0,,838005.0,575.332
2024-02-15,,,,493.065
2024-02-16,,,,532.125
2024-02-19,,,,
2024-02-20,,,,530.879
2024-02-21,7581683.0,,785465.0,574.882
2024-02-22,,,,553.245
2024-02-23,,,,520.107
2024-02-26,,,,524.959
2024-02-27,,,,519.725
2024-02-28,7567807.0,,785821.0,569.855
2024-02-29,,,,502.074
2024-03-01,,5.33,,441.265
2024-03-04,,,,439.793
2024-03-05,,,,444.474
2024-03-06,7538857.0,,767733.0,456.847
2024-03-07,,,,436.754
2024-03-08,,,,444.803
2024-03-11,,,,478.728
2024-03-12,,,,476.862
2024-03-13,7541969.0,,768369.0,521.738
2024-03-14,,,,483.573
2024-03-15,,,,413.877
2024-03-18,,,,440.596
2024-03-19,,,,446.978
2024-03-20,7514348.0,,809298.0,496.245
2024-03-21,,,,460.631
2024-03-22,,,,478.531
2024-03-25,,,,473.787
2024-03-26,,,,496.062
2024-03-27,7484739.0,,802233.0,518.357
2024-03-28,,,,594.428
2024-03-29,,,,
2024-04-01,,5.33,,441.903
2024-04-02,,,,448.424
2024-04-03,7439558.0,,768651.0,436.631
2024-04-04,,,,438.764
2024-04-05,,,,438.319
2024-04-08,,,,448.597
2024-04-09,,,,441.792
2024-04-10,7438176.0,,704971.0,445.816
2024-04-11,,,,455.361
2024-04-12,,,,407.322
2024-04-15,,,,327.066
2024-04-16,,,,371.554
2024-04-17,7405506.0,,796535.0,440.508
2024-04-18,,,,433.006
2024-04-19,,,,397.234
2024-04-22,,,,409.816
2024-04-23,,,,435.88
2024-04-24,7402434.0,,941430.0,441.215
2024-04-25,,,,443.928
2024-04-26,,,,464.912
2024-04-29,,,,505.53
2024-04-30,,,,534.234
2024-05-01,7362474.0,5.33,917177.0,438.148
2024-05-02,,,,428.68
2024-05-03,,,,450.165
2024-05-06,,,,468.97
2024-05-07,,,,475.325
2024-05-08,7353408.0,,851591.0,493.427
2024-05-09,,,,458.55
2024-05-10,,,,486.434
2024-05-13,,,,492.068
2024-05-14,,,,468.344
2024-05-15,7304272.0,,787133.0,443.779
2024-05-16,,,,410.121
2024-05-17,,,,449.373
2024-05-20,,,,489.728
2024-05-21,,,,491.72
2024-05-22,7299566.0,,725376.0,496.382
2024-05-23,,,,467.398
2024-05-24,,,,431.239
2024-05-27,,,,
2024-05-28,,,,417.836
2024-05-29,7284319.0,,704335.0,459.314
2024-05-30,,,,452.034
2024-05-31,,,,439.806
2024-06-01,,5.33,,
2024-06-03,,,,387.069
2024-06-04,,,,377.825
2024-06-05,7255687.0,,710309.0,371.841
2024-06-06,,,,378.125
2024-06-07,,,,395.462
2024-06-10,,,,416.481
2024-06-11,,,,410.449
2024-06-12,7258974.0,,673573.0,447.574
2024-06-13,,,,429.864
2024-06-14,,,,386.885
2024-06-17,,,,333.429
2024-06-18,,,,375.542
2024-06-19,7252542.0,,723410.0,
2024-06-20,,,,388.841
2024-06-21,,,,421.04
2024-06-24,,,,435.916
2024-06-25,,,,466.31
2024-06-26,7231163.0,,765417.0,490.156
2024-06-27,,,,531.692
2024-06-28,,,,664.57
2024-07-01,,5.33,,451.783
2024-07-02,,,,443.369
2024-07-03,7221520.0,,761373.0,425.898
2024-07-04,,,,
2024-07-05,,,,390.632
2024-07-08,,,,415.257
2024-07-09,,,,423.152
2024-07-10,7224079.0,,736402.0,422.147
2024-07-11,,,,403.708
2024-07-12,,,,406.59
2024-07-15,,,,413.28
2024-07-16,,,,409.594
2024-07-17,7208247.0,,751593.0,399.401
2024-07-18,,,,391.652
2024-07-19,,,,379.801
2024-07-22,,,,395.901
2024-07-23,,,,389.837
2024-07-24,7205455.0,,774315.0,399.121
2024-07-25,,,,377.433
2024-07-26,,,,381.257
2024-07-29,,,,385.281
2024-07-30,,,,367.054
2024-07-31,7178391.0,,786486.0,413.2
2024-08-01,,5.33,,348.885
2024-08-02,,,,338.473
2024-08-05,,,,316.246
2024-08-06,,,,291.958
2024-08-07,7175256.0,,770931.0,286.66
2024-08-08,,,,303.159
2024-08-09,,,,312.198
2024-08-12,,,,328.641
2024-08-13,,,,324.494
2024-08-14,7177688.0,,794120.0,328.472
2024-08-15,,,,307.141
2024-08-16,,,,330.317
2024-08-19,,,,333.583
2024-08-20,,,,310.819
2024-08-21,7139952.0,,736494.0,321.329
2024-08-22,,,,316.777
2024-08-23,,,,312.896
2024-08-26,,,,353.557
2024-08-27,,,,344.045
2024-08-28,7123238.0,,745851.0,388.89
2024-08-29,,,,383.434
2024-08-30,,,,433.13
2024-09-01,,5.13,,
2024-09-02,,,,
2024-09-03,,,,349.808
2024-09-04,7112567.0,,733959.0,337.312
2024-09-05,,,,291.091
2024-09-06,,,,299.271
2024-09-09,,,,292.158
2024-09-10,,,,281.392
2024-09-11,7115001.0,,755958.0,279.215
2024-09-12,,,,294.464
2024-09-13,,,,284.951
2024-09-16,,,,239.386
2024-09-17,,,,256.337
2024-09-18,7109137.0,,771194.0,305.831
2024-09-19,,,,311.777
2024-09-20,,,,339.316
2024-09-23,,,,380.372
2024-09-24,,,,388.977
2024-09-25,7080059.0,,806771.0,416.193
2024-09-26,,,,424.916
2024-09-27,,,,436.518
2024-09-30,,,,465.638
2024-10-01,,4.83,,375.221
2024-10-02,7046925.0,,798277.0,383.398
2024-10-03,,,,341.248
2024-10-04,,,,330.012
2024-10-07,,,,322.948
2024-10-08,,,,325.355
2024-10-09,7046840.0,,802115.0,343.448
2024-10-10,,,,322.587
2024-10-11,,,,331.735
2024-10-14,,,,
2024-10-15,,,,286.398
2024-10-16,7039284.0,,791792.0,272.028
2024-10-17,,,,262.21
2024-10-18,,,,259.892
2024-10-21,,,,261.044
2024-10-22,,,,237.76
2024-10-23,7029408.0,,829991.0,270.839
2024-10-24,,,,202.798
2024-10-25,,,,227.0
2024-10-28,,,,251.032
2024-10-29,,,,244.841
2024-10-30,7013490.0,,835237.0,228.946
2024-10-31,,,,201.278
2024-11-01,,4.64,,155.476
2024-11-04,,,,171.885
2024-11-05,,,,144.243
2024-11-06,6994299.0,,842051.0,177.871
2024-11-07,,,,159.002
2024-11-08,,,,163.621
2024-11-11,,,,
2024-11-12,,,,178.814
2024-11-13,6967108.0,,832186.0,238.106
2024-11-14,,,,214.509
2024-11-15,,,,172.4
2024-11-18,,,,200.03
2024-11-19,,,,200.664
2024-11-20,6923731.0,,751873.0,217.793
2024-11-21,,,,188.567
2024-11-22,,,,204.254
2024-11-25,,,,186.749
2024-11-26,,,,148.823
2024-11-27,6905140.0,,775250.0,169.815
2024-11-28,,,,
2024-11-29,,,,197.627
2024-12-01,,4.48,,
2024-12-02,,,,135.858
2024-12-03,,,,161.572
2024-12-04,6895827.0,,789516.0,162.866
2024-12-05,,,,131.964
2024-12-06,,,,130.014
2024-12-09,,,,153.029
2024-12-10,,,,174.842
2024-12-11,6897485.0,,775067.0,180.12
2024-12-12,,,,165.025
2024-12-13,,,,135.777
2024-12-16,,,,110.753
2024-12-17,,,,118.093
2024-12-18,6889332.0,,767932.0,131.651
2024-12-19,,,,112.417
2024-12-20,,,,98.356
2024-12-23,,,,116.004
2024-12-24,,,,180.989
2024-12-25,6885963.0,,764770.0,
2024-12-26,,,,196.818
2024-12-27,,,,268.739
2024-12-30,,,,260.743
2024-12-31,,,,473.46
2025-01-01,6852491.0,4.33,719873.0,
2025-01-02,,,,239.858
2025-01-03,,,,237.377
2025-01-06,,,,231.926
2025-01-07,,,,208.296
2025-01-08,6853554.0,,652636.0,185.144
2025-01-09,,,,168.225
2025-01-10,,,,178.8
2025-01-13,,,,183.669
2025-01-14,,,,160.219
2025-01-15,6834070.0,,641225.0,119.977
2025-01-16,,,,94.489
2025-01-17,,,,118.327
2025-01-20,,,,
2025-01-21,,,,96.015
2025-01-22,6831760.0,,677282.0,123.981
2025-01-23,,,,132.031
2025-01-24,,,,104.972
2025-01-27,,,,92.863
2025-01-28,,,,112.76
2025-01-29,6818186.0,,784206.0,121.842
2025-01-30,,,,125.965
2025-01-31,,,,187.913
2025-02-01,,4.33,,
2025-02-03,,,,97.781
2025-02-04,,,,85.654
2025-02-05,6810935.0,,805593.0,78.788
2025-02-06,,,,79.983
2025-02-07,,,,95.248
2025-02-10,,,,99.653
2025-02-11,,,,76.446
2025-02-12,6813513.0,,828102.0,67.67
2025-02-13,,,,67.82
2025-02-14,,,,58.77
2025-02-17,,,,
2025-02-18,,,,77.817
2025-02-19,6782332.0,,790062.0,73.196
2025-02-20,,,,63.207
2025-02-21,,,,68.983
2025-02-24,,,,76.818
2025-02-25,,,,96.0
2025-02-26,6766101.0,,681161.0,126.058
2025-02-27,,,,182.148
2025-02-28,,,,234.422
2025-03-01,,4.33,,
2025-03-03,,,,119.987
2025-03-04,,,,135.257
2025-03-05,6756764.0,,548331.0,139.493
2025-03-06,,,,129.269
2025-03-07,,,,136.305
2025-03-10,,,,129.054
2025-03-11,,,,137.31
2025-03-12,6759571.0,,512581.0,131.055
2025-03-13,,,,113.435
2025-03-14,,,,126.234
2025-03-17,,,,89.496
2025-03-18,,,,149.503
2025-03-19,6755982.0,,435936.0,193.378
2025-03-20,,,,192.64
2025-03-21,,,,200.85
2025-03-24,,,,196.565
2025-03-25,,,,214.786
2025-03-26,6740253.0,,360177.0,241.371
2025-03-27,,,,291.785
2025-03-28,,,,286.575
2025-03-31,,,,399.167
2025-04-01,,4.33,,230.063
2025-04-02,6723452.0,,313326.0,233.488
2025-04-03,,,,196.265
2025-04-04,,,,184.499
2025-04-07,,,,148.146
2025-04-08,,,,156.911
2025-04-09,6727416.0,,306049.0,168.115
2025-04-10,,,,129.95
2025-04-11,,,,98.531
2025-04-14,,,,102.838
2025-04-15,,,,88.878
2025-04-16,6727113.0,,422983.0,54.772
2025-04-17,,,,58.6
2025-04-18,,,,
2025-04-21,,,,114.114
2025-04-22,,,,137.951
2025-04-23,6726930.0,,606632.0,171.78
2025-04-24,,,,130.004
2025-04-25,,,,94.021
2025-04-28,,,,148.649
2025-04-29,,,,157.537
2025-04-30,6709277.0,,595741.0,250.601
2025-05-01,,4.33,,157.353
2025-05-02,,,,147.882
2025-05-05,,,,124.69
2025-05-06,,,,129.858
2025-05-07,6710889.0,,583727.0,154.859
2025-05-08,,,,139.768
2025-05-09,,,,142.272
2025-05-12,,,,147.505
2025-05-13,,,,144.214
2025-05-14,6713270.0,,575846.0,165.024
2025-05-15,,,,109.436
2025-05-16,,,,136.799
2025-05-19,,,,180.417
2025-05-20,,,,136.033
2025-05-21,6688726.0,,503055.0,162.802
2025-05-22,,,,173.018
2025-05-23,,,,154.841
2025-05-26,,,,
2025-05-27,,,,138.066
2025-05-28,6673244.0,,467204.0,173.641
2025-05-29,,,,165.66
2025-05-30,,,,315.657
2025-06-01,,4.33,,
2025-06-02,,,,135.841
2025-06-03,,,,153.177
2025-06-04,6672885.0,,378947.0,168.882
2025-06-05,,,,152.727
2025-06-06,,,,149.284
2025-06-09,,,,179.315
2025-06-10,,,,182.725
2025-06-11,6677155.0,,332907.0,204.625
2025-06-12,,,,181.417
2025-06-13,,,,168.645
2025-06-16,,,,140.759
2025-06-17,,,,168.939
2025-06-18,6681056.0,,337762.0,205.05
2025-06-19,,,,
2025-06-20,,,,138.283
2025-06-23,,,,165.319
2025-06-24,,,,187.367
2025-06-25,6662200.0,,364375.0,210.879
2025-06-26,,,,252.432
2025-06-27,,,,285.742
2025-06-30,,,,460.731
2025-07-01,,4.33,,245.53
2025-07-02,6659598.0,,359516.0,237.307
2025-07-03,,,,214.665
2025-07-04,,,,
2025-07-07,,,,218.03
2025-07-08,,,,219.415
2025-07-09,6661912.0,,319889.0,227.273
2025-07-10,,,,183.339
2025-07-11,,,,181.637
2025-07-14,,,,217.841
2025-07-15,,,,198.277
2025-07-16,6659273.0,,296247.0,197.086
2025-07-17,,,,193.66
2025-07-18,,,,199.298
2025-07-21,,,,213.666
2025-07-22,,,,196.374
2025-07-23,6657715.0,,323176.0,189.632
2025-07-24,,,,132.186
2025-07-25,,,,150.509
2025-07-28,,,,170.463
2025-07-29,,,,171.018
2025-07-30,6642578.0,,370507.0,155.481
2025-07-31,,,,214.445
2025-08-01,,4.33,,97.426
2025-08-04,,,,125.73
2025-08-05,,,,84.356
2025-08-06,6640843.0,,421043.0,91.966
2025-08-07,,,,77.961
2025-08-08,,,,80.303
2025-08-11,,,,82.214
2025-08-12,,,,57.492
2025-08-13,6643615.0,,504304.0,57.202
2025-08-14,,,,28.818
2025-08-15,,,,33.757
2025-08-18,,,,38.24
2025-08-19,,,,22.344
2025-08-20,6618415.0,,519534.0,34.999
2025-08-21,,,,25.358
2025-08-22,,,,36.275
2025-08-25,,,,47.567
2025-08-26,,,,28.574
2025-08-27,6603384.0,,589998.0,34.744
2025-08-28,,,,31.966
2025-08-29,,,,77.898
2025-09-01,,4.22,,
2025-09-02,,,,21.066
2025-09-03,6602071.0,,597513.0,17.923
2025-09-04,,,,20.128
2025-09-05,,,,20.997
2025-09-08,,,,19.416
2025-09-09,,,,22.915
2025-09-10,6605962.0,,672274.0,29.4
2025-09-11,,,,26.897
2025-09-12,,,,17.331
2025-09-15,,,,16.954
2025-09-16,,,,18.817
2025-09-17,6608597.0,,756376.0,13.963
2025-09-18,,,,13.707
2025-09-19,,,,11.363
2025-09-22,,,,14.173
2025-09-23,,,,14.402
2025-09-24,6608395.0,,804856.0,29.172
2025-09-25,,,,25.369
2025-09-26,,,,48.073
2025-09-29,,,,56.22
2025-09-30,,,,49.071
2025-10-01,6587119.0,4.09,805139.0,10.179
2025-10-02,,,,8.436
2025-10-03,,,,25.392
2025-10-06,,,,21.776
2025-10-07,,,,4.622
2025-10-08,6590815.0,,807428.0,5.231
2025-10-09,,,,4.496
2025-10-10,,,,4.124
2025-10-13,,,,
2025-10-14,,,,3.516
2025-10-15,6596454.0,,809593.0,5.484
2025-10-16,,,,6.96
2025-10-17,,,,4.102
2025-10-20,,,,5.931
2025-10-21,,,,4.699
2025-10-22,6589533.0,,908001.0,4.005
2025-10-23,,,,6.941
2025-10-24,,,,2.435
2025-10-27,,,,10.642
2025-10-28,,,,14.096
2025-10-29,6587034.0,,957990.0,19.504
2025-10-30,,,,19.166
2025-10-31,,,,51.802
2025-11-01,,3.88,,
2025-11-03,,,,23.792
2025-11-04,,,,16.983
2025-11-05,6572732.0,,940979.0,12.814
2025-11-06,,,,10.754
2025-11-07,,,,4.903
2025-11-10,,,,7.152
2025-11-11,,,,
2025-11-12,6580462.0,,953816.0,5.886
2025-11-13,,,,3.761
2025-11-14,,,,1.559
2025-11-17,,,,3.172
2025-11-18,,,,0.905
2025-11-19,6555283.0,,941926.0,1.129
2025-11-20,,,,6.52
2025-11-21,,,,2.503
2025-11-24,,,,1.077
2025-11-25,,,,2.314
2025-11-26,6552419.0,,903394.0,2.217
2025-11-27,,,,
2025-11-28,,,,7.561
2025-12-01,,3.72,,3.24
2025-12-02,,,,5.62
2025-12-03,6535781.0,,937167.0,2.514
2025-12-04,,,,2.233
2025-12-05,,,,1.485
2025-12-08,,,,1.703
2025-12-09,,,,3.211
2025-12-10,6539303.0,,858946.0,5.045
2025-12-11,,,,2.874
2025-12-12,,,,0.838
2025-12-15,,,,2.601
2025-12-16,,,,1.554
2025-12-17,6556861.0,,833093.0,10.361
2025-12-18,,,,11.708
2025-12-19,,,,3.047
2025-12-22,,,,1.523
2025-12-23,,,,5.893
2025-12-24,6581231.0,,837120.0,4.803
2025-12-25,,,,
2025-12-26,,,,20.339
2025-12-29,,,,10.551
2025-12-30,,,,12.605
2025-12-31,6640618.0,,837306.0,105.993
2026-01-01,,3.64,,
2026-01-02,,,,5.667
2026-01-05,,,,6.485
2026-01-06,,,,2.582
2026-01-07,6573602.0,,796148.0,4.582
2026-01-08,,,,3.083
2026-01-09,,,,3.28
2026-01-12,,,,3.402
2026-01-13,,,,3.277
2026-01-14,6581700.0,,779175.0,3.223
2026-01-15,,,,2.003
2026-01-16,,,,1.222
2026-01-19,,,,
2026-01-20,,,,3.506
2026-01-21,6584580.0,,869261.0,3.344
2026-01-22,,,,2.058
2026-01-23,,,,0.927
2026-01-26,,,,1.489
2026-01-27,,,,1.253
2026-01-28,6587568.0,,923042.0,1.103
2026-01-29,,,,2.852
2026-01-30,,,,9.629
2026-02-01,,3.64,,
2026-02-02,,,,10.415
2026-02-03,,,,1.785
2026-02-04,6605909.0,,908773.0,2.414
2026-02-05,,,,1.748
2026-02-06,,,,3.111
2026-02-09,,,,1.306
2026-02-10,,,,1.447
2026-02-11,6622382.0,,915306.0,1.048
2026-02-12,,,,2.844
2026-02-13,,,,0.377
2026-02-16,,,,
2026-02-17,,,,0.441
2026-02-18,6613395.0,,912727.0,0.856
2026-02-19,,,,0.632
2026-02-20,,,,0.496
2026-02-23,,,,0.877
2026-02-24,,,,0.917
2026-02-25,6613797.0,,887612.0,1.159
2026-02-26,,,,3.796
2026-02-27,,,,16.318
2026-03-01,,3.64,,
2026-03-02,,,,0.627
2026-03-03,,,,1.203
2026-03-04,6628894.0,,832053.0,0.877
2026-03-05,,,,2.793
2026-03-06,,,,1.512
2026-03-09,,,,0.332
2026-03-10,,,,0.278
2026-03-11,6646344.0,,838186.0,0.552
2026-03-12,,,,0.137
2026-03-13,,,,0.427
2026-03-16,,,,0.582
2026-03-17,,,,0.797
2026-03-18,6655939.0,,853052.0,0.698
2026-03-19,,,,0.637
2026-03-20,,,,0.822
2026-03-23,,,,0.857
2026-03-24,,,,1.123
2026-03-25,6657161.0,,874077.0,0.777
2026-03-26,,,,0.885
2026-03-27,,,,0.992
2026-03-30,,,,0.752
2026-03-31,,,,15.782
2026-04-01,6675344.0,3.64,847718.0,2.107
2026-04-02,,,,0.327
2026-04-03,,,,
2026-04-06,,,,0.227
2026-04-07,,,,15.345
2026-04-08,6693871.0,,748376.0,0.177
2026-04-09,,,,0.402
2026-04-10,,,,0.507
2026-04-13,,,,0.227
2026-04-14,,,,0.306
2026-04-15,6705696.0,,751354.0,0.223
2026-04-16,,,,0.158
2026-04-17,,,,0.137
2026-04-20,,,,0.503
2026-04-21,,,,0.807
2026-04-22,6707419.0,,1005968.0,0.538
2026-04-23,,,,0.114
2026-04-24,,,,0.082
2026-04-27,,,,0.363
2026-04-28,,,,0.643
2026-04-29,6699950.0,,981929.0,0.747
2026-04-30,,,,8.261
2026-05-01,,,,0.607
2026-05-04,,,,0.618
2026-05-05,,,,1.122
2026-05-06,6709505.0,,877761.0,1.633
2026-05-07,,,,0.773
2026-05-08,,,,0.787
2026-05-11,,,,1.133
2026-05-12,,,,1.199
2026-05-13,6728502.0,,838584.0,3.719
2026-05-14,,,,2.034
2026-05-15,,,,0.647
2026-05-18,,,,7.193
2026-05-19,,,,12.911
2026-05-20,6713643.0,,781293.0,24.867
2026-05-21,,,,3.281
2026-05-22,,,,0.965
2026-05-25,,,,
2026-05-26,,,,1.787
2026-05-27,6704383.0,,830296.0,1.853
2026-05-28,,,,1.163
