date;price;dix;gex
02/05/2011;1361219971;3,78842E+16;1,89731E+13
03/05/2011;1356619995;3,83411E+16;1,85973E+13
04/05/2011;1347319946;3,92122E+16;1,71776E+13
05/05/2011;1335099976;4,05457E+15;1,36186E+13
06/05/2011;1340199951;4,18649E+16;1,49033E+13
09/05/2011;1346290039;4,10321E+15;1,67706E+13
10/05/2011;1357160034;3,92851E+15;2,03495E+13
11/05/2011;1342079956;4,00814E+16;1,53677E+13
12/05/2011;1348650024;3,87534E+15;1,67492E+13
13/05/2011;133777002;4,05595E+15;1,21815E+13
16/05/2011;1329469971;3,89703E+14;7,79596E+12
17/05/2011;132897998;3,94747E+15;8,41851E+12
18/05/2011;1340680054;4,0233E+15;1,36616E+13
19/05/2011;1343599976;3,94634E+15;1,54369E+13
20/05/2011;133327002;4,13202E+16;1,28808E+13
23/05/2011;1317369995;4,05847E+15;5,39697E+12
24/05/2011;1316280029;3,8938E+16;5,10244E+12
25/05/2011;1320469971;3,97291E+14;7,40695E+12
26/05/2011;1325689941;3,97656E+15;7,94681E+12
27/05/2011;1331099976;4,00935E+14;9,18665E+12
31/05/2011;1345199951;4,02477E+15;1,50102E+13
01/06/2011;1314550049;4,41582E+16;7,65473E+12
02/06/2011;1312939941;4,1307E+15;7,37054E+12
03/06/2011;1300160034;4,3611E+15;4,05957E+12
06/06/2011;1286170044;4,00147E+15;2,41197E+11
07/06/2011;1284939941;4,06774E+15;-1,72403E+12
08/06/2011;1279560059;4,04581E+15;-2,85917E+12
09/06/2011;12890;4,14451E+15;-1,10999E+12
10/06/2011;127097998;4,36126E+16;-4,59228E+12
13/06/2011;1271829956;4,08851E+16;-4,49818E+12
14/06/2011;1287869995;4,2697E+16;9,78446E+11
15/06/2011;1265420044;4,3026E+16;-6,18829E+12
16/06/2011;1267640015;3,87975E+16;-6,43027E+12
17/06/2011;12715;4,08968E+15;-4,44256E+12
20/06/2011;1278359985;3,71378E+16;1,30642E+12
21/06/2011;129552002;4,23486E+15;5,94237E+12
22/06/2011;1287140015;4,4721E+16;4,21966E+12
23/06/2011;12835;4,46167E+16;6,73524E+12
24/06/2011;1268449951;4,47478E+15;1,97913E+12
27/06/2011;1280099976;4,22969E+16;5,33995E+12
28/06/2011;1296670044;4,34609E+15;1,0003E+13
29/06/2011;1307410034;4,19141E+15;1,26324E+13
30/06/2011;1320640015;4,11933E+15;1,73112E+13
01/07/2011;1339670044;4,14437E+16;2,0199E+13
05/07/2011;1337880005;4,18297E+16;2,20469E+13
06/07/2011;1339219971;4,29513E+15;2,23678E+13
07/07/2011;1353219971;4,16198E+15;2,7293E+13
08/07/2011;1343800049;4,39627E+15;2,49017E+13
11/07/2011;131948999;4,27681E+15;1,73734E+13
12/07/2011;1313640015;4,28388E+16;1,53384E+13
13/07/2011;1317719971;4,2802E+15;1,95765E+13
14/07/2011;1308869995;4,33803E+16;1,65021E+13
15/07/2011;1316140015;4,26378E+16;4,17634E+13
18/07/2011;1305439941;4,16248E+16;8,87183E+12
19/07/2011;132672998;4,10345E+16;1,30459E+13
20/07/2011;1325839966;4,39685E+15;1,54911E+13
21/07/2011;1343800049;4,22326E+16;1,76311E+13
22/07/2011;134502002;4,45173E+16;1,63585E+13
25/07/2011;1337430054;4,44489E+16;1,59483E+13
26/07/2011;1331939941;4,2153E+16;1,54106E+13
27/07/2011;1304890015;4,18012E+16;8,39162E+12
28/07/2011;1300670044;4,0852E+16;7,27984E+12
29/07/2011;1292280029;4,03608E+15;6,3486E+12
01/08/2011;1286939941;4,4031E+15;6,45134E+12
02/08/2011;1254050049;4,41316E+15;5,43694E+11
03/08/2011;1260339966;4,31169E+14;2,2493E+12
04/08/2011;1200069946;4,29702E+15;-6,6036E+12
05/08/2011;1199380005;4,21319E+16;-4,63212E+12
08/08/2011;1119459961;4,22791E+15;-8,02755E+12
09/08/2011;1172530029;4,19587E+15;-3,74593E+12
10/08/2011;112076001;4,64857E+16;-7,59559E+12
11/08/2011;1172640015;4,27854E+16;-2,64887E+12
12/08/2011;1178810059;4,5699E+15;-3,09019E+12
15/08/2011;120448999;4,64636E+16;-2,30471E+11
16/08/2011;119276001;4,69079E+15;-2,25224E+12
17/08/2011;1193890015;4,82254E+16;-2,51706E+12
18/08/2011;1140650024;4,62808E+14;-8,36497E+12
19/08/2011;1123530029;4,58593E+16;-1,18704E+13
22/08/2011;1123819946;4,48567E+15;-3,61898E+12
23/08/2011;1162349976;4,61559E+16;5,4581E+11
24/08/2011;1177599976;4,79698E+16;2,05416E+12
25/08/2011;115927002;4,88769E+15;27999836600
26/08/2011;1176800049;4,79699E+16;1,37694E+12
29/08/2011;1210079956;4,81064E+15;5,61222E+12
30/08/2011;1212920044;4,78343E+16;6,35378E+12
31/08/2011;1218890015;4,60571E+14;6,05715E+12
01/09/2011;1204420044;4,87541E+16;3,20553E+12
02/09/2011;1173969971;4,9409E+15;-1,53993E+11
06/09/2011;116523999;5,03255E+14;-9748257100
07/09/2011;1198619995;4,63618E+16;4,24298E+12
08/09/2011;1185900024;4,73642E+16;2,9411E+12
09/09/2011;115422998;5,00488E+15;-1,64918E+12
12/09/2011;116227002;4,69095E+15;-5,54015E+11
13/09/2011;1172869995;4,83554E+15;1,80811E+12
14/09/2011;1188680054;4,67059E+16;5,16499E+12
15/09/2011;1209109985;4,45066E+15;9,24225E+12
16/09/2011;121601001;4,74804E+15;1,62787E+13
19/09/2011;1204089966;4,71532E+16;8,19792E+12
20/09/2011;1202089966;4,60588E+15;8,64559E+12
21/09/2011;116676001;4,487E+16;4,80323E+12
22/09/2011;1129560059;4,81429E+15;4,26889E+11
23/09/2011;1136430054;4,57091E+16;2,46153E+12
26/09/2011;1162949951;4,56608E+14;4,15708E+12
27/09/2011;1175380005;4,49152E+15;5,0671E+12
28/09/2011;1151060059;4,83849E+15;3,03391E+12
29/09/2011;1160400024;4,51187E+16;2,53516E+12
30/09/2011;1131420044;4,75507E+15;1,16402E+11
03/10/2011;109922998;4,80298E+15;-2,20425E+12
04/10/2011;1123949951;4,62602E+15;-8,53661E+11
05/10/2011;1144030029;4,8463E+16;1,68194E+12
06/10/2011;1164969971;4,81192E+15;4,01723E+12
07/10/2011;1155459961;4,77111E+15;2,19499E+12
10/10/2011;1194890015;4,47478E+15;9,31951E+12
11/10/2011;1195540039;4,75651E+16;1,1288E+13
12/10/2011;120725;4,71813E+15;1,32649E+13
13/10/2011;1203660034;4,96293E+14;1,37802E+13
14/10/2011;1224579956;4,56943E+16;1,78337E+13
17/10/2011;1200859985;4,91525E+16;1,32984E+13
18/10/2011;1225380005;4,60549E+15;1,78473E+13
19/10/2011;1209880005;4,71041E+15;1,07055E+13
20/10/2011;1215390015;4,80243E+15;1,01283E+13
21/10/2011;123825;4,48862E+16;2,34747E+13
24/10/2011;1254189941;4,2841E+16;1,15888E+13
25/10/2011;1229050049;4,46383E+16;7,99721E+12
26/10/2011;12420;4,23915E+13;1,00933E+13
27/10/2011;1284589966;3,97064E+16;1,6881E+13
28/10/2011;1285089966;4,32942E+14;1,58169E+13
31/10/2011;1253300049;4,45037E+15;1,17166E+13
01/11/2011;1218280029;4,54848E+15;5,62856E+12
02/11/2011;1237900024;4,50534E+15;8,51142E+12
03/11/2011;1261150024;4,43652E+16;1,43868E+13
04/11/2011;125322998;4,68467E+15;1,14543E+13
07/11/2011;1261119995;4,45332E+15;1,32956E+13
08/11/2011;1275920044;4,26427E+15;1,80711E+13
09/11/2011;1229099976;4,82996E+15;6,15505E+12
10/11/2011;1239699951;4,22354E+15;6,65816E+12
11/11/2011;1263849976;4,23078E+15;1,25385E+13
14/11/2011;1251780029;4,53277E+16;1,05169E+13
15/11/2011;1257810059;4,36228E+15;1,33763E+13
16/11/2011;1236910034;4,61608E+16;7,45625E+12
17/11/2011;1216130005;4,69087E+14;1,6452E+12
18/11/2011;1215650024;4,55749E+16;-9,48429E+12
21/11/2011;119297998;4,50129E+14;7,07206E+11
22/11/2011;1188040039;4,67619E+15;1,56202E+12
23/11/2011;1161790039;4,65279E+16;-2,52171E+12
25/11/2011;1158670044;4,7087E+16;-2,06204E+12
28/11/2011;1192550049;4,60612E+15;2,50687E+12
29/11/2011;1195189941;4,49603E+16;2,60319E+12
30/11/2011;1246959961;4,02893E+15;1,21995E+13
01/12/2011;1244579956;4,3885E+16;1,31009E+13
02/12/2011;1244280029;4,27454E+15;1,12201E+13
05/12/2011;1257079956;4,34155E+16;1,40754E+13
06/12/2011;1258469971;4,35047E+14;1,38513E+13
07/12/2011;126101001;4,41974E+16;1,40028E+13
08/12/2011;1234349976;4,75578E+15;9,27913E+12
09/12/2011;1255189941;4,40306E+16;1,45237E+13
12/12/2011;1236469971;4,95129E+15;1,022E+13
13/12/2011;122572998;4,58171E+16;7,07628E+12
14/12/2011;1211819946;4,39288E+15;1,82965E+12
15/12/2011;121575;4,27443E+16;1,81228E+12
16/12/2011;1219660034;4,55177E+14;8,09949E+12
19/12/2011;1205349976;4,49237E+15;5,4798E+12
20/12/2011;1241300049;4,05726E+16;1,24495E+13
21/12/2011;1243719971;4,28636E+16;1,4179E+13
22/12/2011;12540;4,31686E+16;1,6818E+13
23/12/2011;1265329956;4,29021E+16;1,66786E+13
27/12/2011;1265430054;4,35375E+15;1,82336E+13
28/12/2011;1249640015;4,54748E+16;1,42017E+13
29/12/2011;126302002;4,40781E+15;1,77065E+13
30/12/2011;1257599976;4,29171E+15;1,55584E+13
03/01/2012;1277060059;4,11853E+16;2,01394E+13
04/01/2012;1277300049;4,56286E+16;2,14948E+13
05/01/2012;1281060059;4,59538E+15;2,29112E+13
06/01/2012;1277810059;4,55722E+16;2,05034E+13
09/01/2012;1280699951;4,4314E+15;2,09957E+13
10/01/2012;1292079956;4,20541E+15;2,36563E+13
11/01/2012;129247998;4,44768E+16;2,32804E+13
12/01/2012;12955;4,5308E+16;2,40009E+13
13/01/2012;1289089966;4,57141E+16;2,24435E+13
17/01/2012;1293670044;4,22817E+16;2,4879E+13
18/01/2012;1308040039;4,37661E+15;2,78924E+13
19/01/2012;13145;4,41143E+15;3,0206E+13
20/01/2012;1315380005;4,3847E+15;5,35838E+13
23/01/2012;13160;4,24406E+16;1,36048E+13
24/01/2012;1314650024;4,27809E+15;1,32664E+13
25/01/2012;1326060059;4,16994E+15;2,07356E+13
26/01/2012;1318430054;4,22394E+15;1,84706E+13
27/01/2012;1316329956;4,31316E+15;1,57909E+13
30/01/2012;131301001;4,6547E+16;1,68594E+13
31/01/2012;1312410034;4,51847E+15;1,78859E+13
01/02/2012;1324089966;4,19721E+15;1,94269E+13
02/02/2012;1325540039;4,32155E+16;1,98829E+13
03/02/2012;1344900024;4,15764E+15;2,25678E+13
06/02/2012;1344329956;4,36427E+15;2,38009E+13
07/02/2012;1347050049;4,43992E+14;2,55574E+13
08/02/2012;1349959961;4,39762E+15;2,67663E+13
09/02/2012;1351949951;4,33545E+15;2,60667E+13
10/02/2012;1342640015;4,54488E+15;2,16603E+13
13/02/2012;135177002;4,35652E+16;2,3831E+13
14/02/2012;13505;4,36871E+15;2,37569E+13
15/02/2012;134322998;4,22881E+16;1,94633E+13
16/02/2012;1358040039;4,03361E+15;2,40321E+13
17/02/2012;136122998;4,13584E+15;3,96326E+13
21/02/2012;1362209961;4,22478E+15;1,83644E+13
22/02/2012;1357660034;4,20993E+15;1,84799E+13
23/02/2012;1363459961;4,13213E+15;2,17845E+13
24/02/2012;136573999;4,31161E+15;2,04807E+13
27/02/2012;1367589966;4,38857E+16;2,1431E+13
28/02/2012;1372180054;4,20327E+15;2,48902E+13
29/02/2012;1365680054;4,56481E+16;2,27968E+13
01/03/2012;1374089966;4,60734E+16;2,53217E+13
02/03/2012;1369630005;4,5173E+15;2,19372E+13
05/03/2012;1364329956;4,38912E+16;1,9681E+13
06/03/2012;1343359985;4,32709E+16;1,36727E+13
07/03/2012;1352630005;4,64863E+16;1,66304E+13
08/03/2012;1365910034;4,4127E+14;2,461E+13
09/03/2012;1370869995;4,57584E+16;2,42237E+13
12/03/2012;1371089966;4,62078E+16;2,73908E+13
13/03/2012;1395949951;4,42058E+15;3,39041E+13
14/03/2012;1394280029;4,51866E+16;3,25685E+13
15/03/2012;1402599976;4,59551E+15;3,40473E+13
16/03/2012;1404170044;4,5747E+15;4,95913E+13
19/03/2012;140975;4,19983E+16;2,24954E+13
20/03/2012;140552002;4,18008E+15;2,38375E+13
21/03/2012;1402890015;4,35422E+15;2,38571E+13
22/03/2012;1392780029;4,33344E+15;2,05924E+13
23/03/2012;1397109985;4,32944E+15;1,99295E+13
26/03/2012;141651001;4,22078E+16;2,62011E+13
27/03/2012;141252002;4,25787E+15;2,80321E+13
28/03/2012;1405540039;4,46511E+15;2,64958E+13
29/03/2012;1403280029;4,57585E+16;2,33234E+13
30/03/2012;1408469971;4,23634E+15;2,2827E+13
02/04/2012;1419040039;4,19369E+16;2,91692E+13
03/04/2012;1413380005;4,46405E+15;3,0338E+13
04/04/2012;1398959961;4,46128E+16;2,60657E+13
05/04/2012;1398079956;4,40183E+15;2,33609E+13
09/04/2012;1382199951;4,42141E+15;2,11517E+13
10/04/2012;1358589966;4,48563E+16;1,36822E+13
11/04/2012;1368709961;4,64258E+16;1,46234E+13
12/04/2012;1387569946;4,43339E+15;1,95804E+13
13/04/2012;137026001;4,45218E+16;1,33773E+13
16/04/2012;1369569946;4,0292E+16;1,02836E+13
17/04/2012;1390780029;4,28623E+16;2,23374E+13
18/04/2012;1385140015;4,37122E+16;2,12078E+13
19/04/2012;1376920044;4,36355E+16;1,24524E+13
20/04/2012;1378530029;3,97272E+16;1,70615E+13
23/04/2012;1366939941;4,25108E+16;8,88536E+12
24/04/2012;1371969971;3,96245E+16;9,13084E+12
25/04/2012;1390689941;4,31299E+16;2,1108E+13
26/04/2012;139997998;4,40532E+16;2,26978E+13
27/04/2012;1403359985;4,30271E+15;1,93406E+13
30/04/2012;1397910034;4,26574E+15;1,62461E+13
01/05/2012;1405819946;4,26657E+16;1,75159E+13
02/05/2012;1402310059;4,49408E+16;1,79549E+13
03/05/2012;1391569946;4,40657E+16;1,32659E+13
04/05/2012;1369099976;4,37688E+16;8,50669E+12
07/05/2012;1369579956;4,2345E+16;9,02222E+12
08/05/2012;1363719971;4,56116E+16;7,1082E+12
09/05/2012;1354579956;4,52376E+15;5,68596E+12
10/05/2012;135798999;4,39342E+14;6,31565E+12
11/05/2012;1353390015;4,32142E+16;5,55887E+12
14/05/2012;1338349976;4,21752E+14;8,91355E+11
15/05/2012;1330660034;4,5914E+16;-1,25632E+12
16/05/2012;1324800049;4,36529E+16;-4,17012E+12
17/05/2012;1304859985;4,15799E+16;-8,46538E+12
18/05/2012;1295219971;4,40722E+16;-6,7297E+12
21/05/2012;131598999;4,45945E+15;4,99778E+12
22/05/2012;1316630005;4,57412E+15;5,52166E+12
23/05/2012;1318859985;4,63389E+14;7,86424E+12
24/05/2012;1320680054;4,62337E+15;7,56275E+12
25/05/2012;1317819946;4,45284E+14;5,22649E+12
29/05/2012;1332420044;4,39827E+15;8,93471E+12
30/05/2012;1313319946;4,68596E+15;7,39225E+12
31/05/2012;1310329956;4,68428E+16;7,0536E+12
01/06/2012;1278040039;4,68816E+16;32854518320
04/06/2012;1278180054;4,32497E+16;1,12625E+12
05/06/2012;12855;4,59361E+16;2,27443E+12
06/06/2012;1315130005;4,38661E+16;9,17404E+12
07/06/2012;131498999;4,36468E+16;9,11195E+12
08/06/2012;1325660034;4,55917E+16;1,09235E+13
11/06/2012;1308930054;4,81045E+15;6,00861E+12
12/06/2012;1324180054;4,6845E+16;1,00229E+13
13/06/2012;1314880005;4,93659E+16;6,21053E+12
14/06/2012;1329099976;4,57118E+16;8,53415E+12
15/06/2012;1342839966;4,27043E+15;1,58585E+13
18/06/2012;1344780029;4,36563E+16;1,37848E+13
19/06/2012;135797998;4,36886E+16;1,69986E+13
20/06/2012;1355689941;4,23885E+15;1,64228E+13
21/06/2012;132551001;4,52301E+15;8,15506E+12
22/06/2012;133502002;4,50757E+15;1,17371E+13
25/06/2012;1313719971;4,41823E+16;7,33649E+12
26/06/2012;131998999;4,48756E+16;9,09516E+12
27/06/2012;1331849976;4,26649E+15;1,11517E+13
28/06/2012;1329040039;4,40784E+16;8,12546E+12
29/06/2012;1362160034;4,13238E+16;1,80786E+13
02/07/2012;136551001;4,12606E+15;2,07771E+13
03/07/2012;137402002;3,90983E+16;2,45666E+13
05/07/2012;1367579956;4,26481E+16;2,47347E+13
06/07/2012;1354680054;4,36077E+15;1,79628E+13
09/07/2012;1352459961;4,20281E+16;1,98566E+13
10/07/2012;1341469971;4,42498E+16;1,58623E+13
11/07/2012;1341449951;4,20723E+15;1,44957E+13
12/07/2012;133476001;4,32421E+14;1,09835E+13
13/07/2012;1356780029;4,40963E+14;2,02815E+13
16/07/2012;1353640015;4,36274E+15;2,06202E+13
17/07/2012;1363670044;4,5143E+16;2,41873E+13
18/07/2012;1372780029;4,36627E+14;2,55313E+13
19/07/2012;137651001;4,41872E+15;3,09787E+13
20/07/2012;1362660034;4,64461E+16;1,37999E+13
23/07/2012;135052002;4,43219E+14;0
24/07/2012;1338310059;4,31072E+16;9,83971E+12
25/07/2012;1337890015;4,30703E+16;5,53912E+12
26/07/2012;136002002;4,21724E+16;1,11434E+13
27/07/2012;1385969971;4,24714E+15;1,81783E+13
30/07/2012;1385300049;4,28437E+15;2,0683E+13
31/07/2012;1379319946;4,28534E+16;2,21039E+13
01/08/2012;1375319946;4,57859E+13;1,93895E+13
02/08/2012;13650;4,64334E+16;1,7269E+13
03/08/2012;139098999;3,90105E+15;2,36686E+13
06/08/2012;139422998;4,23803E+15;2,60016E+13
07/08/2012;1401349976;4,11676E+15;2,86817E+13
08/08/2012;1402219971;4,26888E+16;2,72486E+13
09/08/2012;1402800049;4,39395E+16;2,58951E+13
10/08/2012;1405869995;4,28783E+15;2,57403E+13
13/08/2012;1404109985;4,46491E+15;2,7159E+13
14/08/2012;1403930054;4,29195E+16;2,87683E+13
15/08/2012;1405530029;4,32183E+16;2,77302E+13
16/08/2012;141551001;4,26202E+15;3,42687E+13
17/08/2012;1418160034;3,98142E+16;4,0283E+13
20/08/2012;1418130005;4,13355E+16;2,34841E+13
21/08/2012;1413170044;4,18816E+16;2,11677E+13
22/08/2012;141348999;4,08272E+16;2,47016E+13
23/08/2012;1402079956;4,33468E+16;2,0934E+13
24/08/2012;1411130005;4,1261E+16;2,16208E+13
27/08/2012;1410439941;4,38513E+15;2,40291E+13
28/08/2012;1409300049;4,47268E+16;2,4449E+13
29/08/2012;141048999;4,48132E+16;2,45077E+13
30/08/2012;139947998;4,51029E+15;1,71344E+13
31/08/2012;1406579956;4,4626E+15;2,15986E+13
04/09/2012;1404939941;4,45828E+15;2,36633E+13
05/09/2012;1403439941;4,50947E+15;2,18489E+13
06/09/2012;1432119995;4,2191E+15;3,38325E+13
07/09/2012;1437920044;4,20361E+15;3,21313E+13
10/09/2012;1429079956;3,98505E+16;2,68856E+13
11/09/2012;1433560059;3,83375E+15;2,75113E+13
12/09/2012;1436560059;4,00705E+16;3,14343E+13
13/09/2012;145998999;3,9147E+15;4,50179E+13
14/09/2012;146577002;3,96848E+16;4,07919E+13
17/09/2012;1461189941;3,65391E+16;4,19467E+13
18/09/2012;1459319946;3,91424E+15;4,34851E+13
19/09/2012;1461050049;4,18006E+15;4,60632E+13
20/09/2012;146026001;3,99077E+16;4,24281E+13
21/09/2012;1460150024;3,97217E+16;8,99265E+13
24/09/2012;1456890015;3,93884E+15;2,63754E+13
25/09/2012;1441589966;3,83623E+14;1,82614E+13
26/09/2012;1433319946;3,6314E+16;1,3361E+13
27/09/2012;1447150024;3,79372E+16;2,57278E+13
28/09/2012;1440670044;4,16806E+16;2,17449E+13
01/10/2012;144448999;3,44328E+16;2,05808E+13
02/10/2012;144575;3,5035E+16;2,01985E+13
03/10/2012;145098999;3,80016E+15;2,7514E+13
04/10/2012;1461400024;3,78389E+16;2,87596E+13
05/10/2012;1460930054;3,427E+15;2,27624E+13
08/10/2012;1455880005;3,37064E+16;1,91416E+13
09/10/2012;144147998;3,37286E+15;1,52958E+13
10/10/2012;1432560059;3,81649E+16;1,58512E+13
11/10/2012;1432839966;3,65229E+15;1,16671E+13
12/10/2012;1428589966;3,66632E+15;1,36643E+13
15/10/2012;1440130005;4,11181E+16;1,79902E+13
16/10/2012;1454920044;4,16879E+15;2,79294E+13
17/10/2012;1460910034;4,17819E+16;2,88274E+13
18/10/2012;1457339966;3,99642E+15;2,16663E+13
19/10/2012;1433189941;4,03054E+16;-1,22049E+13
22/10/2012;1433819946;3,95741E+16;1,36509E+13
23/10/2012;1413109985;4,0411E+16;8,56532E+12
24/10/2012;140875;3,92616E+16;8,27957E+12
25/10/2012;1412969971;3,90722E+15;8,87953E+12
26/10/2012;1411939941;3,97319E+16;8,69165E+12
31/10/2012;1412160034;4,00017E+16;7,87647E+12
01/11/2012;1427589966;3,80986E+15;1,27833E+13
02/11/2012;1414199951;3,88379E+16;7,4567E+12
05/11/2012;141726001;3,92869E+15;9,37015E+12
06/11/2012;1428390015;3,89892E+15;1,28222E+13
07/11/2012;1394530029;3,91995E+15;-6,15734E+11
08/11/2012;137751001;3,56133E+15;-6,40366E+12
09/11/2012;1379849976;3,82498E+15;-1,8346E+12
12/11/2012;1380030029;4,14914E+16;-1,61567E+12
13/11/2012;1374530029;3,89635E+16;-3,26649E+12
14/11/2012;135548999;3,95428E+15;-8,96279E+12
15/11/2012;1353329956;3,66305E+15;-1,06466E+13
16/11/2012;1359880005;3,77838E+15;-9,02628E+12
19/11/2012;1386890015;4,43029E+16;8,33109E+12
20/11/2012;1387810059;4,31525E+16;9,36082E+12
21/11/2012;1391030029;3,9955E+15;1,07423E+13
23/11/2012;1409150024;4,09277E+15;1,28595E+13
26/11/2012;1406290039;4,2565E+15;1,48987E+13
27/11/2012;1398939941;4,15661E+16;1,19546E+13
28/11/2012;1409930054;3,99101E+15;1,45846E+13
29/11/2012;1415949951;4,19258E+15;1,96613E+13
30/11/2012;1416180054;4,05114E+15;1,46204E+13
03/12/2012;1409459961;4,22903E+16;1,31925E+13
04/12/2012;1407050049;3,81616E+16;9,87939E+12
05/12/2012;1409280029;3,65734E+15;6,19549E+12
06/12/2012;1413939941;3,90734E+16;8,6302E+12
07/12/2012;1418069946;4,01575E+16;9,99761E+12
10/12/2012;1418550049;3,82851E+16;9,62074E+12
11/12/2012;1427839966;3,97593E+15;1,41074E+13
12/12/2012;142847998;3,98401E+15;1,37969E+13
13/12/2012;1419449951;3,87779E+16;8,98421E+12
14/12/2012;1413579956;3,66797E+16;7,57602E+12
17/12/2012;1430359985;3,65082E+16;1,34975E+13
18/12/2012;1446790039;3,996E+16;2,14341E+13
19/12/2012;1435810059;3,98091E+16;1,71168E+13
20/12/2012;1443689941;3,89809E+16;1,799E+13
21/12/2012;1430150024;3,99591E+16;8,67379E+12
24/12/2012;1426660034;3,75662E+14;8,74453E+12
26/12/2012;1419829956;3,66132E+16;5,89989E+12
27/12/2012;1418099976;3,82921E+15;6,48807E+12
28/12/2012;1402430054;3,7318E+16;3,13375E+12
31/12/2012;1426189941;3,67613E+16;1,03737E+13
02/01/2013;1462420044;4,08387E+14;2,27195E+13
03/01/2013;1459369995;4,11084E+16;2,11515E+13
04/01/2013;1466469971;4,00858E+15;1,92702E+13
07/01/2013;1461890015;4,2102E+15;1,82454E+13
08/01/2013;1457150024;4,26408E+16;1,68706E+13
09/01/2013;146102002;4,01299E+16;1,69244E+13
10/01/2013;1472119995;4,06522E+15;2,16522E+13
11/01/2013;1472050049;4,06955E+15;2,15159E+13
14/01/2013;1470680054;3,96407E+16;1,94803E+13
15/01/2013;1472339966;3,77454E+16;1,91541E+13
16/01/2013;1472630005;4,00469E+15;2,25267E+13
17/01/2013;1480939941;4,05456E+16;2,79781E+13
18/01/2013;148597998;4,20186E+16;6,62607E+13
22/01/2013;1492560059;4,04838E+15;1,40104E+13
23/01/2013;1494810059;3,99655E+15;1,66067E+13
24/01/2013;1494819946;3,70458E+13;1,21745E+13
25/01/2013;1502959961;3,87115E+12;1,41685E+13
28/01/2013;1500180054;3,84003E+15;1,41417E+13
29/01/2013;1507839966;4,20941E+16;1,65024E+13
30/01/2013;1501959961;4,16476E+15;1,55697E+13
31/01/2013;1498109985;4,05992E+15;1,36768E+13
01/02/2013;1513170044;4,0275E+14;1,69559E+13
04/02/2013;1495709961;4,07472E+16;1,25471E+13
05/02/2013;1511290039;4,06997E+15;1,92642E+13
06/02/2013;1512119995;4,29159E+16;1,9495E+13
07/02/2013;1509390015;4,2384E+16;1,9494E+13
08/02/2013;1517930054;4,23994E+15;2,0967E+13
11/02/2013;151701001;4,14465E+16;2,18432E+13
12/02/2013;1519430054;4,05188E+15;2,1283E+13
13/02/2013;1520329956;3,89955E+15;2,01224E+13
14/02/2013;1521380005;3,99621E+16;2,16151E+13
15/02/2013;1519790039;4,10504E+16;3,15897E+13
19/02/2013;1530939941;3,7933E+14;1,43054E+13
20/02/2013;1511949951;3,95198E+15;9,01839E+12
21/02/2013;1502420044;4,05178E+15;6,36557E+12
22/02/2013;1515599976;4,06511E+16;1,11069E+13
25/02/2013;1487849976;4,15834E+16;4,97997E+12
26/02/2013;1496939941;4,15661E+15;7,03612E+12
27/02/2013;151598999;3,92457E+14;1,15248E+13
28/02/2013;1514680054;4,03156E+15;1,01146E+13
01/03/2013;1518199951;4,08235E+16;1,08386E+13
04/03/2013;1525199951;3,92598E+15;1,2778E+13
05/03/2013;1539790039;3,83489E+16;1,81345E+13
06/03/2013;1541459961;3,85604E+15;1,77545E+13
07/03/2013;154426001;3,89068E+15;1,93812E+13
08/03/2013;1551180054;3,97393E+16;2,02953E+13
11/03/2013;1556219971;3,87689E+16;2,21599E+13
12/03/2013;155247998;4,02902E+15;2,02978E+13
13/03/2013;155452002;3,94323E+16;2,03531E+13
14/03/2013;156322998;3,86227E+16;2,38481E+13
15/03/2013;1560699951;4,10386E+15;2,73277E+13
18/03/2013;1552099976;4,36842E+16;1,52845E+13
19/03/2013;1548339966;4,1785E+16;1,40911E+13
20/03/2013;1558709961;3,88588E+15;1,62952E+13
21/03/2013;1545800049;4,2377E+15;1,32577E+13
22/03/2013;1556890015;4,04141E+16;1,58211E+13
25/03/2013;1551689941;4,14668E+15;1,55058E+13
26/03/2013;156377002;4,10086E+15;1,80927E+13
27/03/2013;1562849976;4,16105E+15;1,57896E+13
28/03/2013;1569189941;3,94637E+15;1,65009E+13
01/04/2013;1562170044;3,99881E+16;1,36544E+13
02/04/2013;157025;3,77484E+15;1,55056E+13
03/04/2013;1553689941;4,09944E+15;1,11976E+13
04/04/2013;155997998;4,12179E+16;1,15569E+13
05/04/2013;1553280029;4,30149E+15;1,14111E+13
08/04/2013;1563069946;4,03979E+16;1,39973E+13
09/04/2013;1568609985;4,10513E+16;1,60492E+13
10/04/2013;158772998;4,02281E+15;2,29423E+13
11/04/2013;1593369995;3,90855E+15;2,32948E+13
12/04/2013;1588849976;4,06332E+16;1,92504E+13
15/04/2013;1552359985;4,06749E+15;9,02992E+12
16/04/2013;1574569946;4,11591E+16;1,5662E+13
17/04/2013;155201001;4,07343E+16;7,77019E+12
18/04/2013;1541609985;4,15607E+16;5,03584E+12
19/04/2013;155525;4,08835E+16;7,50724E+12
22/04/2013;15625;3,96856E+14;9,47229E+12
23/04/2013;1578780029;4,00387E+15;1,38672E+13
24/04/2013;1578790039;3,82758E+16;1,46674E+13
25/04/2013;1585160034;3,86077E+15;1,68149E+13
26/04/2013;158223999;3,73328E+15;1,50201E+13
29/04/2013;1593609985;3,80111E+14;1,85656E+13
30/04/2013;1597569946;3,8463E+15;2,13509E+13
01/05/2013;1582699951;3,80459E+15;1,68778E+13
02/05/2013;1597589966;3,99661E+15;2,28925E+13
03/05/2013;1614420044;3,82531E+16;2,45369E+13
06/05/2013;16175;4,02812E+15;2,75664E+13
07/05/2013;1625959961;3,98132E+15;2,91077E+13
08/05/2013;1632689941;3,95806E+16;3,21102E+13
09/05/2013;1626670044;4,08071E+14;2,56389E+13
10/05/2013;1633699951;4,06451E+16;2,62073E+13
13/05/2013;163377002;4,06054E+14;2,74831E+13
14/05/2013;1650339966;3,83586E+15;2,87943E+13
15/05/2013;1658780029;3,68617E+15;2,73614E+13
16/05/2013;1650469971;3,97763E+16;2,74667E+13
17/05/2013;1667469971;3,95276E+15;3,97004E+13
20/05/2013;1666290039;3,93909E+16;2,13704E+13
21/05/2013;1669160034;3,88424E+16;2,11675E+13
22/05/2013;1655349976;4,08876E+16;1,80634E+13
23/05/2013;165051001;4,11155E+15;1,66675E+13
24/05/2013;1649599976;4,1817E+15;1,74941E+13
28/05/2013;1660060059;4,0566E+15;1,95444E+13
29/05/2013;1648359985;4,20452E+15;1,73627E+13
30/05/2013;1654410034;4,26907E+16;2,04516E+13
31/05/2013;163073999;4,22519E+16;1,41901E+13
03/06/2013;1640420044;4,12657E+16;1,64795E+13
04/06/2013;1631380005;4,39063E+16;1,48763E+13
05/06/2013;1608900024;4,33239E+16;8,93998E+12
06/06/2013;1622560059;4,28611E+15;1,05572E+13
07/06/2013;1643380005;4,17191E+16;1,72601E+13
10/06/2013;1642810059;4,17006E+16;1,69245E+13
11/06/2013;1626130005;4,22938E+16;1,20328E+13
12/06/2013;161252002;4,29578E+15;7,0789E+12
13/06/2013;1636359985;4,2316E+15;1,47745E+13
14/06/2013;162672998;4,31184E+15;1,15578E+13
17/06/2013;1639040039;3,95962E+13;1,57419E+13
18/06/2013;1651810059;4,22241E+15;1,94778E+13
19/06/2013;1628930054;4,54881E+15;1,13876E+13
20/06/2013;1588189941;4,68162E+16;-2,79176E+12
21/06/2013;1592430054;4,40914E+16;-5,48825E+11
24/06/2013;1573089966;3,89949E+15;7,62339E+11
25/06/2013;1588030029;4,04327E+16;3,89026E+12
26/06/2013;160326001;4,17489E+15;6,87598E+12
27/06/2013;1613199951;4,22762E+16;8,99621E+12
28/06/2013;1606280029;3,9837E+15;8,11382E+12
01/07/2013;1614959961;3,98039E+15;1,15513E+13
02/07/2013;1614079956;4,26264E+15;1,28423E+13
03/07/2013;1615410034;3,88394E+16;1,35473E+13
05/07/2013;1631890015;4,22657E+16;1,48567E+13
08/07/2013;1640459961;4,11378E+15;1,65323E+13
09/07/2013;1652319946;3,99287E+15;2,14051E+13
10/07/2013;1652619995;4,22499E+16;2,1217E+13
11/07/2013;167502002;4,00345E+15;2,98861E+13
12/07/2013;1680189941;4,06725E+16;2,59807E+13
15/07/2013;16825;3,891E+15;2,71301E+13
16/07/2013;167626001;3,92957E+15;2,63484E+13
17/07/2013;1680910034;4,05943E+16;2,78798E+13
18/07/2013;1689369995;3,95381E+16;3,04679E+13
19/07/2013;1692089966;4,08126E+16;2,85709E+13
22/07/2013;1695530029;4,0227E+15;1,92038E+13
23/07/2013;1692390015;3,83448E+16;1,83245E+13
24/07/2013;1685939941;4,05335E+16;2,04612E+13
25/07/2013;169025;3,89339E+16;2,17053E+13
26/07/2013;1691650024;4,08254E+16;2,14989E+13
29/07/2013;1685329956;4,14334E+15;2,13031E+13
30/07/2013;1685959961;4,00847E+15;2,24042E+13
31/07/2013;168572998;4,01067E+16;2,15209E+13
01/08/2013;1706869995;3,96481E+15;2,96083E+13
02/08/2013;1709670044;4,06785E+14;2,77603E+13
05/08/2013;1707140015;4,21548E+15;2,84649E+13
06/08/2013;1697369995;4,21424E+15;2,63151E+13
07/08/2013;1690910034;4,17692E+15;2,34635E+13
08/08/2013;169747998;4,05643E+16;2,24562E+13
09/08/2013;1691420044;4,12347E+15;2,13679E+13
12/08/2013;1689469971;4,13042E+16;2,40174E+13
13/08/2013;1694160034;4,36397E+15;2,71154E+13
14/08/2013;1685390015;4,46253E+15;2,44502E+13
15/08/2013;1661319946;4,449E+16;1,66948E+13
16/08/2013;1655829956;4,43468E+15;2,33884E+13
19/08/2013;1646060059;4,31693E+15;1,37965E+13
20/08/2013;1652349976;4,2055E+15;1,34594E+13
21/08/2013;1642800049;4,52575E+15;1,1748E+13
22/08/2013;1656959961;4,03793E+15;1,66273E+13
23/08/2013;16635;4,40462E+16;1,70923E+13
26/08/2013;1656780029;4,11763E+15;1,6056E+13
27/08/2013;163047998;4,34131E+15;7,91502E+12
28/08/2013;1634959961;4,09053E+15;9,51028E+12
29/08/2013;1638170044;4,54437E+15;9,71156E+12
30/08/2013;1632969971;4,7233E+16;1,00131E+13
03/09/2013;163977002;4,47017E+15;1,1831E+13
04/09/2013;1653079956;4,17624E+16;1,77631E+13
05/09/2013;1655079956;4,2455E+16;1,78287E+13
06/09/2013;1655170044;4,21621E+15;1,65346E+13
09/09/2013;1671709961;3,91557E+15;2,27465E+13
10/09/2013;168398999;3,98334E+16;2,57659E+13
11/09/2013;1689130005;3,99407E+16;2,34643E+13
12/09/2013;1683420044;4,10145E+16;2,18137E+13
13/09/2013;168798999;4,0825E+16;2,20551E+13
16/09/2013;1697599976;3,83937E+15;2,38611E+13
17/09/2013;170476001;4,06313E+13;2,68424E+13
18/09/2013;172552002;4,10992E+15;3,62767E+13
19/09/2013;1722339966;4,06221E+16;3,80589E+13
20/09/2013;1709910034;4,32773E+15;2,5363E+13
23/09/2013;1701839966;4,11562E+16;2,11465E+13
24/09/2013;1697420044;4,24947E+15;2,03846E+13
25/09/2013;169277002;4,08926E+15;1,68499E+13
26/09/2013;1698670044;4,01254E+16;2,10162E+13
27/09/2013;169175;4,23958E+15;1,76695E+13
30/09/2013;1681550049;4,43371E+16;1,46021E+13
01/10/2013;16950;4,30852E+14;2,03587E+13
02/10/2013;1693869995;4,30643E+14;2,19352E+13
03/10/2013;1678660034;4,48045E+16;1,51536E+13
04/10/2013;16905;4,09511E+15;1,83969E+13
07/10/2013;1676119995;4,25328E+16;1,57661E+13
08/10/2013;1655449951;4,25965E+15;7,62661E+12
09/10/2013;1656400024;4,23214E+15;8,3479E+12
10/10/2013;1692560059;4,21183E+15;2,2305E+13
11/10/2013;1703199951;4,26665E+16;2,45644E+13
14/10/2013;1710140015;4,18107E+16;2,78352E+13
15/10/2013;1698060059;4,30754E+16;2,51913E+13
16/10/2013;1721540039;3,96052E+16;3,5585E+13
17/10/2013;1733150024;4,20039E+15;4,02983E+13
18/10/2013;17445;4,24057E+15;4,2876E+13
21/10/2013;1744660034;4,12008E+15;2,80846E+13
22/10/2013;1754670044;3,92492E+15;2,98292E+13
23/10/2013;1746380005;4,20586E+14;2,78605E+13
24/10/2013;1752069946;3,85372E+15;3,25563E+13
25/10/2013;175977002;3,99745E+16;2,86936E+13
28/10/2013;1762109985;4,01926E+16;3,05909E+13
29/10/2013;1771949951;4,0636E+15;3,28599E+13
30/10/2013;1763310059;4,15524E+15;3,25683E+13
31/10/2013;1756540039;4,29896E+15;2,95116E+13
01/11/2013;1761640015;4,3059E+16;2,90637E+13
04/11/2013;1767930054;4,11233E+15;3,29326E+13
05/11/2013;1762969971;4,46062E+16;3,26532E+13
06/11/2013;177048999;4,24634E+16;3,08095E+13
07/11/2013;1747150024;4,3452E+15;1,90331E+13
08/11/2013;1770609985;4,31595E+16;3,11151E+13
11/11/2013;1771890015;4,3895E+15;3,36455E+13
12/11/2013;1767689941;4,36025E+16;3,368E+13
13/11/2013;17820;4,19537E+16;4,06762E+13
14/11/2013;1790619995;4,07755E+15;4,79481E+13
15/11/2013;1798180054;4,2241E+16;8,99265E+13
18/11/2013;1791530029;4,08629E+16;2,83557E+13
19/11/2013;1787869995;4,19945E+16;2,76721E+13
20/11/2013;1781369995;4,21092E+16;2,48639E+13
21/11/2013;1795849976;4,00147E+15;3,35612E+13
22/11/2013;180476001;4,07609E+16;3,14539E+13
25/11/2013;180247998;4,08742E+15;3,29217E+13
26/11/2013;180275;4,15059E+15;3,61798E+13
27/11/2013;180722998;4,19096E+15;3,98775E+13
29/11/2013;1805810059;4,26886E+15;3,44461E+13
02/12/2013;1800900024;4,28374E+15;3,2784E+13
03/12/2013;1795150024;4,20989E+16;3,2863E+13
04/12/2013;1792810059;4,18822E+15;3,19386E+13
05/12/2013;1785030029;4,41306E+16;3,07357E+13
06/12/2013;1805089966;4,17096E+15;3,29755E+13
09/12/2013;1808369995;3,88848E+16;3,57239E+13
10/12/2013;1802619995;3,98717E+15;3,42167E+13
11/12/2013;1782219971;4,08033E+15;2,5369E+13
12/12/2013;17755;4,10604E+15;2,13473E+13
13/12/2013;1775319946;3,94282E+15;2,36411E+13
16/12/2013;1786540039;3,87877E+15;2,87463E+13
17/12/2013;17810;4,01374E+14;2,63499E+13
18/12/2013;1810650024;4,0164E+16;3,68788E+13
19/12/2013;1809599976;4,08457E+15;3,72468E+13
20/12/2013;1818319946;4,15456E+16;3,81104E+13
23/12/2013;182798999;3,95686E+15;3,70426E+13
24/12/2013;1833319946;3,96379E+16;3,7992E+13
26/12/2013;184202002;3,97998E+15;4,19622E+13
27/12/2013;1841400024;4,16254E+15;3,54584E+13
30/12/2013;1841069946;4,06697E+15;3,45643E+13
31/12/2013;1848359985;4,06297E+15;3,97957E+13
02/01/2014;183197998;4,11626E+15;3,2336E+13
03/01/2014;1831369995;4,11462E+15;3,15603E+13
06/01/2014;182677002;3,99217E+16;3,07398E+13
07/01/2014;1837880005;3,9053E+15;3,5582E+13
08/01/2014;183748999;3,8608E+15;3,49571E+13
09/01/2014;1838130005;4,04745E+16;3,19776E+13
10/01/2014;1842369995;3,97266E+15;3,34908E+13
13/01/2014;1819199951;4,12152E+16;2,57116E+13
14/01/2014;1838880005;3,93537E+14;3,68028E+13
15/01/2014;1848380005;3,86071E+16;4,67052E+13
16/01/2014;1845890015;4,07258E+16;4,45565E+13
17/01/2014;1838699951;4,26788E+15;6,6594E+13
21/01/2014;1843800049;3,69255E+15;1,86299E+13
22/01/2014;1844859985;4,00515E+15;2,02228E+13
23/01/2014;1828459961;4,00968E+16;1,94877E+13
24/01/2014;1790290039;4,10183E+14;8,48505E+12
27/01/2014;1781560059;3,77789E+15;7,23387E+12
28/01/2014;17925;3,90696E+16;5,66026E+12
29/01/2014;1774199951;4,17754E+15;5,17098E+11
30/01/2014;1794189941;3,7662E+16;7,48439E+12
31/01/2014;1782589966;4,07178E+15;6,52138E+12
03/02/2014;1741890015;4,30097E+16;5,28376E+11
04/02/2014;1755199951;4,02793E+16;5,944E+12
05/02/2014;1751640015;3,96992E+16;6,43492E+12
06/02/2014;1773430054;3,91452E+16;1,02519E+13
07/02/2014;179702002;4,08045E+16;1,53917E+13
10/02/2014;1799839966;4,05557E+15;1,87384E+13
11/02/2014;181975;3,89227E+16;2,60822E+13
12/02/2014;181926001;4,18907E+15;2,51253E+13
13/02/2014;1829829956;3,93442E+15;3,28015E+13
14/02/2014;1838630005;3,96713E+15;2,89721E+13
18/02/2014;184076001;4,09099E+16;3,05059E+13
19/02/2014;182875;4,21331E+15;2,27226E+13
20/02/2014;1839780029;3,9377E+14;2,56634E+13
21/02/2014;183625;4,15673E+16;4,89327E+13
24/02/2014;1847609985;3,88094E+16;2,00241E+13
25/02/2014;1845119995;4,02801E+15;1,91611E+13
26/02/2014;1845160034;4,07613E+15;1,83603E+13
27/02/2014;1854290039;3,98701E+15;2,71276E+13
28/02/2014;1859449951;4,11559E+16;2,32367E+13
03/03/2014;184572998;4,32351E+14;2,00328E+13
04/03/2014;1873910034;3,9917E+16;3,17369E+13
05/03/2014;1873810059;4,10747E+16;3,27199E+13
06/03/2014;1877030029;4,10708E+15;3,27472E+13
07/03/2014;1878040039;4,16443E+15;2,85031E+13
10/03/2014;1877170044;4,19936E+16;2,87482E+13
11/03/2014;1867630005;4,18294E+15;2,73618E+13
12/03/2014;1868199951;4,0185E+14;2,7871E+13
13/03/2014;1846339966;4,22459E+16;1,33695E+13
14/03/2014;1841130005;3,94081E+15;1,39176E+13
17/03/2014;1858829956;4,00936E+15;2,1167E+13
18/03/2014;187225;3,97202E+15;2,95583E+13
19/03/2014;186077002;4,4347E+16;2,41595E+13
20/03/2014;187201001;4,20562E+16;2,9076E+13
21/03/2014;186652002;4,20882E+16;3,50067E+13
24/03/2014;1857439941;4,05005E+16;1,98696E+13
25/03/2014;1865619995;4,01021E+16;2,40759E+13
26/03/2014;1852560059;3,88621E+15;1,75426E+13
27/03/2014;1849040039;3,86547E+16;1,52624E+13
28/03/2014;1857619995;3,9914E+15;1,96219E+13
31/03/2014;1872339966;4,03332E+15;2,32862E+13
01/04/2014;188552002;3,77561E+15;3,08101E+13
02/04/2014;1890900024;3,93701E+15;3,40179E+13
03/04/2014;188877002;3,98268E+15;2,94071E+13
04/04/2014;1865089966;3,93144E+16;2,0136E+13
07/04/2014;1845040039;3,77137E+16;1,358E+13
08/04/2014;1851959961;3,68941E+15;1,66123E+13
09/04/2014;1872180054;3,78247E+16;2,7388E+13
10/04/2014;1833079956;4,17789E+16;9,6631E+12
11/04/2014;1815689941;3,93055E+14;7,38014E+12
14/04/2014;1830609985;4,03438E+16;1,40456E+13
15/04/2014;184297998;4,08854E+15;1,78346E+13
16/04/2014;1862310059;4,06396E+15;2,88512E+13
17/04/2014;1864849976;4,31651E+16;2,71842E+13
21/04/2014;1871890015;4,03986E+16;2,13402E+13
22/04/2014;1879550049;4,00956E+16;2,4349E+13
23/04/2014;1875390015;4,03179E+15;2,16734E+13
24/04/2014;1878609985;3,71125E+16;2,97094E+13
25/04/2014;1863400024;4,05602E+15;2,20631E+13
28/04/2014;1869430054;3,81054E+15;2,43606E+13
29/04/2014;1878329956;3,72979E+16;2,98998E+13
30/04/2014;1883949951;4,03252E+15;3,14418E+13
01/05/2014;1883680054;4,15292E+15;3,08815E+13
02/05/2014;1881140015;4,26635E+16;2,84716E+13
05/05/2014;1884660034;3,96784E+16;3,07258E+13
06/05/2014;1867719971;4,10473E+15;2,52111E+13
07/05/2014;1878209961;4,0438E+15;2,67368E+13
08/05/2014;1875630005;4,12564E+15;2,12071E+13
09/05/2014;187847998;3,92498E+15;2,35604E+13
12/05/2014;1896650024;3,88428E+16;3,35584E+13
13/05/2014;1897449951;3,84958E+15;3,51907E+13
14/05/2014;1888530029;4,09828E+15;3,05854E+13
15/05/2014;1870849976;4,2325E+16;1,77977E+13
16/05/2014;1877859985;4,00566E+15;4,12695E+13
19/05/2014;1885079956;3,98586E+16;2,50903E+13
20/05/2014;1872829956;4,33377E+14;2,21423E+13
21/05/2014;1888030029;4,02056E+16;3,0852E+13
22/05/2014;189248999;4,02673E+15;3,40168E+13
23/05/2014;1900530029;4,04528E+15;3,03819E+13
27/05/2014;1911910034;3,8075E+14;3,59669E+13
28/05/2014;1909780029;3,87002E+15;3,59087E+13
29/05/2014;1920030029;3,89201E+15;4,30714E+13
30/05/2014;1923569946;4,05881E+15;3,51914E+13
02/06/2014;1924969971;4,03648E+15;3,56254E+13
03/06/2014;192423999;4,09582E+16;3,88247E+13
04/06/2014;1927880005;3,9346E+16;4,13582E+13
05/06/2014;1940459961;3,83983E+15;4,78351E+13
06/06/2014;1949439941;3,92023E+16;4,1459E+13
09/06/2014;195127002;3,98294E+16;3,21765E+13
10/06/2014;1950790039;3,86255E+15;4,44769E+13
11/06/2014;1943890015;4,11642E+15;4,1654E+13
12/06/2014;1930109985;3,99892E+16;3,18868E+13
13/06/2014;1936160034;3,99909E+15;3,37841E+13
16/06/2014;1937780029;4,04646E+15;3,58383E+13
17/06/2014;194198999;4,00773E+16;3,76061E+13
18/06/2014;195697998;3,8949E+15;4,73938E+13
19/06/2014;195947998;4,05198E+15;4,76711E+13
20/06/2014;1962869995;3,93901E+15;5,5333E+13
23/06/2014;1962609985;3,92919E+15;3,22365E+13
24/06/2014;194997998;3,84878E+15;2,82988E+13
25/06/2014;1959530029;3,74541E+15;3,31905E+13
26/06/2014;1957219971;3,94993E+15;3,28232E+13
27/06/2014;1960959961;3,93935E+16;3,17155E+13
30/06/2014;196022998;3,89391E+16;3,22103E+13
01/07/2014;1973319946;3,82699E+15;4,12099E+13
02/07/2014;1974619995;3,72063E+16;4,12609E+13
03/07/2014;1985439941;3,64143E+16;4,01294E+13
07/07/2014;1977650024;3,87949E+16;3,98979E+13
08/07/2014;1963709961;3,7453E+13;3,14393E+13
09/07/2014;1972829956;3,77106E+16;3,74405E+13
10/07/2014;1964680054;3,79831E+16;3,10165E+13
11/07/2014;1967569946;3,9261E+16;3,42598E+13
14/07/2014;1977099976;3,78822E+15;4,09812E+13
15/07/2014;1973280029;3,89664E+16;3,90246E+13
16/07/2014;1981569946;3,84983E+15;4,14824E+13
17/07/2014;1958119995;4,01798E+15;2,67018E+13
18/07/2014;1978219971;4,08957E+16;5,25143E+13
21/07/2014;1973630005;3,95295E+15;2,60601E+13
22/07/2014;1983530029;3,75404E+15;3,10564E+13
23/07/2014;198701001;3,6387E+16;3,62984E+13
24/07/2014;198797998;3,7011E+15;3,6989E+13
25/07/2014;1978339966;3,84126E+15;2,81492E+13
28/07/2014;1978910034;3,67051E+15;3,05242E+13
29/07/2014;1969949951;3,91568E+16;2,82867E+13
30/07/2014;1970069946;3,74182E+15;3,08412E+13
31/07/2014;1930670044;3,89536E+16;1,28749E+13
01/08/2014;1925150024;3,77984E+15;1,46093E+13
04/08/2014;193898999;3,88827E+15;1,92676E+13
05/08/2014;1920209961;4,20462E+14;1,32411E+13
06/08/2014;192023999;3,9713E+16;1,43287E+13
07/08/2014;1909569946;4,16941E+16;1,03676E+13
08/08/2014;1931589966;3,89455E+15;1,79566E+13
11/08/2014;1936920044;4,34053E+15;2,20501E+13
12/08/2014;193375;4,19674E+15;1,98543E+13
13/08/2014;1946719971;3,97596E+16;2,86922E+13
14/08/2014;1955180054;3,9126E+15;3,22181E+13
15/08/2014;1955060059;4,33309E+15;3,38772E+13
18/08/2014;197173999;3,74125E+16;2,89013E+13
19/08/2014;1981599976;3,67713E+15;3,36452E+13
20/08/2014;198651001;3,86949E+16;3,58239E+13
21/08/2014;1992369995;3,91912E+15;3,80081E+13
22/08/2014;1988400024;4,0256E+15;3,2746E+13
25/08/2014;1997920044;3,78064E+15;3,68624E+13
26/08/2014;200002002;3,6228E+16;3,79425E+13
27/08/2014;2000119995;3,82865E+15;3,69124E+13
28/08/2014;199673999;3,69678E+15;3,28739E+13
29/08/2014;2003369995;3,83083E+16;3,56924E+13
02/09/2014;2002280029;3,94892E+15;3,64224E+13
03/09/2014;2000719971;3,74052E+15;3,14987E+13
04/09/2014;1997650024;4,0354E+16;2,94076E+13
05/09/2014;2007709961;3,77857E+15;3,43355E+13
08/09/2014;2001540039;4,0797E+15;3,21396E+13
09/09/2014;1988439941;3,90597E+16;2,45773E+13
10/09/2014;1995689941;3,76001E+15;3,16905E+13
11/09/2014;1997449951;3,98072E+15;3,29273E+13
12/09/2014;1985540039;4,17705E+15;2,62698E+13
15/09/2014;1984130005;3,89824E+15;2,4528E+13
16/09/2014;199897998;3,74042E+16;3,23342E+13
17/09/2014;2001569946;4,16406E+16;3,58161E+13
18/09/2014;2011359985;4,10996E+15;4,36084E+13
19/09/2014;2010400024;4,04161E+16;2,89747E+13
22/09/2014;1994290039;3,71639E+15;2,44723E+13
23/09/2014;198277002;3,81579E+16;2,2404E+13
24/09/2014;1998300049;3,85399E+16;2,88312E+13
25/09/2014;196598999;4,09672E+14;1,03747E+13
26/09/2014;1982849976;3,77809E+16;2,35332E+13
29/09/2014;1977800049;4,03518E+15;2,17729E+13
30/09/2014;1972290039;4,01689E+16;2,17179E+13
01/10/2014;1946160034;4,12983E+16;9,35643E+12
02/10/2014;1946170044;3,85785E+16;1,24771E+13
03/10/2014;1967900024;3,97658E+15;2,14717E+13
06/10/2014;1964819946;4,07406E+15;2,11207E+13
07/10/2014;1935099976;4,25135E+15;8,95363E+12
08/10/2014;1968890015;3,94782E+15;2,51174E+13
09/10/2014;1928209961;4,10798E+16;9,53074E+12
10/10/2014;1906130005;3,81868E+15;6,20254E+12
13/10/2014;187473999;4,01738E+16;-5,42738E+11
14/10/2014;1877699951;3,96898E+15;-3,727E+11
15/10/2014;186248999;3,64921E+15;-3,54604E+12
16/10/2014;186276001;3,97124E+16;-4,86466E+12
17/10/2014;188676001;3,99204E+15;-8,06335E+11
20/10/2014;190401001;4,07932E+16;1,0234E+13
21/10/2014;1941280029;3,85346E+15;2,10353E+13
22/10/2014;1927109985;4,08955E+16;1,7879E+13
23/10/2014;1950819946;4,08436E+15;2,59444E+13
24/10/2014;1964579956;4,01524E+15;2,32799E+13
27/10/2014;1961630005;4,05896E+16;2,38573E+13
28/10/2014;1985050049;3,92943E+15;3,1792E+13
29/10/2014;1982300049;3,83634E+15;3,07466E+13
30/10/2014;1994650024;3,87146E+15;3,37668E+13
31/10/2014;2018050049;3,63808E+15;3,57716E+13
03/11/2014;2017810059;3,89604E+15;3,63014E+13
04/11/2014;2012099976;3,79008E+15;3,27094E+13
05/11/2014;2023569946;3,94725E+16;3,46932E+13
06/11/2014;2031209961;3,78503E+16;3,63288E+13
07/11/2014;2031920044;3,84529E+15;3,53782E+13
10/11/2014;203826001;3,82658E+16;3,86166E+13
11/11/2014;2039680054;3,77888E+16;4,08198E+13
12/11/2014;203825;3,91469E+15;4,30551E+13
13/11/2014;2039329956;4,01996E+15;4,44505E+13
14/11/2014;2039819946;3,92504E+15;4,17314E+13
17/11/2014;2041319946;3,84595E+15;4,23407E+13
18/11/2014;2051800049;3,88906E+16;4,4313E+13
19/11/2014;2048719971;4,08257E+16;4,41899E+13
20/11/2014;205275;3,941E+15;4,80524E+13
21/11/2014;20635;3,97911E+15;5,90055E+13
24/11/2014;2069409912;3,68172E+16;3,6048E+13
25/11/2014;2067030029;3,88519E+15;3,61775E+13
26/11/2014;2072830078;4,0371E+16;3,86888E+13
28/11/2014;2067560059;3,68255E+16;3,35557E+13
01/12/2014;2053439941;3,7538E+16;2,75728E+13
02/12/2014;2066550049;3,92804E+15;3,15935E+13
03/12/2014;2074330078;4,05234E+15;3,3199E+13
04/12/2014;2071919922;3,93392E+15;3,47619E+13
05/12/2014;2075370117;3,76663E+15;3,37639E+13
08/12/2014;2060310059;3,89248E+15;2,82869E+13
09/12/2014;2059820068;3,76547E+14;2,94513E+13
10/12/2014;2026140015;4,14184E+15;1,72142E+13
11/12/2014;2035329956;3,70983E+15;1,97309E+13
12/12/2014;2002329956;4,12041E+16;1,28349E+13
15/12/2014;1989630005;3,71311E+15;9,41479E+12
16/12/2014;197273999;3,69142E+15;3,09244E+12
17/12/2014;2012890015;3,93855E+15;1,67243E+13
18/12/2014;206122998;3,56262E+15;3,71202E+13
19/12/2014;2070649902;3,62593E+15;3,9455E+13
22/12/2014;2078540039;3,53498E+15;3,23192E+13
23/12/2014;2082169922;3,46123E+16;3,38527E+13
24/12/2014;2081879883;3,673E+16;3,27316E+13
26/12/2014;208877002;3,85223E+16;3,24296E+13
29/12/2014;2090570068;3,77913E+15;3,37972E+13
30/12/2014;2080350098;3,93444E+15;3,00618E+13
31/12/2014;2058899902;4,22317E+16;2,25091E+13
02/01/2015;2058199951;3,96344E+16;2,3928E+13
05/01/2015;2020579956;4,39579E+15;1,32264E+13
06/01/2015;2002609985;4,27564E+15;8,54915E+12
07/01/2015;2025900024;4,0887E+15;1,6383E+13
08/01/2015;2062139893;3,8255E+15;3,00337E+13
09/01/2015;2044810059;4,27926E+15;2,19627E+13
12/01/2015;202826001;4,21051E+15;1,71447E+13
13/01/2015;2023030029;4,03435E+14;1,75555E+13
14/01/2015;201127002;4,28629E+15;1,29871E+13
15/01/2015;1992670044;4,38355E+16;4,35398E+12
16/01/2015;2019420044;4,13192E+15;2,3425E+13
20/01/2015;2022550049;4,06133E+15;1,00017E+13
21/01/2015;2032119995;4,17359E+16;1,35801E+13
22/01/2015;2063149902;3,93151E+15;2,31504E+13
23/01/2015;2051820068;3,9848E+15;1,5462E+13
26/01/2015;2057090088;3,94478E+16;1,72424E+13
27/01/2015;2029550049;4,15547E+15;9,45326E+12
28/01/2015;2002160034;3,99433E+16;6,27881E+12
29/01/2015;202125;3,89569E+16;1,31711E+13
30/01/2015;199498999;4,25253E+16;7,51992E+12
02/02/2015;2020849976;4,31074E+15;1,32239E+13
03/02/2015;2050030029;4,01543E+16;2,20166E+13
04/02/2015;204151001;4,1895E+16;1,98647E+13
05/02/2015;206252002;4,01684E+15;2,65118E+13
06/02/2015;2055469971;4,17915E+15;1,96323E+13
09/02/2015;204673999;4,12567E+15;1,84755E+13
10/02/2015;2068590088;3,97392E+16;2,86821E+13
11/02/2015;2068530029;4,21003E+16;2,94587E+13
12/02/2015;208847998;4,05082E+15;3,79775E+13
13/02/2015;209698999;4,00861E+16;3,34875E+13
17/02/2015;2100340088;3,84416E+16;3,58082E+13
18/02/2015;2099679932;4,08603E+15;3,54647E+13
19/02/2015;2097449951;4,30727E+16;3,74394E+13
20/02/2015;2110300049;4,09254E+16;2,55513E+13
23/02/2015;2109659912;3,79816E+16;2,55721E+13
24/02/2015;211547998;3,86856E+15;2,9061E+13
25/02/2015;2113860107;3,93384E+16;3,17453E+13
26/02/2015;211073999;3,92647E+15;3,21357E+13
27/02/2015;21045;3,90965E+15;2,53946E+13
02/03/2015;2117389893;3,93051E+15;3,10113E+13
03/03/2015;2107780029;4,16967E+16;2,88607E+13
04/03/2015;2098530029;4,18046E+15;2,46077E+13
05/03/2015;2101040039;4,06124E+16;2,56565E+13
06/03/2015;207126001;4,37306E+15;1,67427E+13
09/03/2015;2079429932;3,92025E+15;1,90567E+13
10/03/2015;2044160034;4,16049E+15;6,0078E+12
11/03/2015;204023999;4,08282E+15;4,18278E+12
12/03/2015;2065949951;3,94027E+15;1,5476E+13
13/03/2015;2053399902;4,35879E+16;1,15943E+13
16/03/2015;2081189941;3,81458E+16;2,06449E+13
17/03/2015;2074280029;4,13796E+16;1,78828E+13
18/03/2015;20995;4,20741E+16;3,14016E+13
19/03/2015;208927002;4,32581E+15;2,7443E+13
20/03/2015;2108100098;4,07331E+15;2,02851E+13
23/03/2015;2104419922;3,85255E+16;2,07519E+13
24/03/2015;20915;4,04023E+15;1,91257E+13
25/03/2015;2061050049;4,26294E+16;5,90575E+12
26/03/2015;2056149902;4,10964E+16;3,67453E+12
27/03/2015;206102002;3,97105E+15;8,31056E+12
30/03/2015;208623999;3,91228E+15;1,70005E+13
31/03/2015;2067889893;4,12077E+16;9,44429E+12
01/04/2015;2059689941;4,1222E+16;6,18894E+12
02/04/2015;2066959961;3,98479E+14;1,07494E+13
06/04/2015;2080620117;3,9383E+16;1,73557E+13
07/04/2015;2076330078;4,22461E+14;1,68933E+13
08/04/2015;2081899902;4,15447E+15;1,8043E+13
09/04/2015;2091179932;4,03608E+16;2,31498E+13
10/04/2015;2102060059;3,96202E+16;2,37523E+13
13/04/2015;2092429932;4,10255E+15;2,17086E+13
14/04/2015;2095840088;4,21983E+15;2,4221E+13
15/04/2015;2106629883;4,20915E+15;2,97584E+13
16/04/2015;210498999;4,36933E+15;3,05253E+13
17/04/2015;2081179932;4,70028E+16;1,2025E+13
20/04/2015;2100399902;4,05284E+16;1,89483E+13
21/04/2015;2097290039;3,90417E+16;1,81387E+13
22/04/2015;2107959961;4,15414E+16;2,38593E+13
23/04/2015;2112929932;4,21432E+15;2,68349E+13
24/04/2015;2117689941;4,2065E+15;2,41736E+13
27/04/2015;2108919922;3,97305E+16;2,27385E+13
28/04/2015;211476001;3,92426E+16;2,41873E+13
29/04/2015;2106850098;3,99647E+15;2,08251E+13
30/04/2015;208551001;4,2323E+15;1,07542E+13
01/05/2015;2108290039;4,0367E+15;2,19076E+13
04/05/2015;211448999;4,11089E+15;2,4715E+13
05/05/2015;2089459961;4,26825E+15;1,49692E+13
06/05/2015;2080149902;4,33388E+14;1,0094E+13
07/05/2015;20880;3,94054E+16;1,26477E+13
08/05/2015;2116100098;3,8093E+16;2,52664E+13
11/05/2015;2105330078;4,24137E+16;1,98245E+13
12/05/2015;2099120117;4,33052E+15;1,62377E+13
13/05/2015;209847998;4,10201E+15;1,67507E+13
14/05/2015;2121100098;4,10381E+15;3,50237E+13
15/05/2015;212272998;4,3707E+16;2,0796E+13
18/05/2015;2129199951;4,27545E+16;2,55661E+13
19/05/2015;2127830078;4,08486E+16;2,57126E+13
20/05/2015;2125850098;4,12286E+16;2,54985E+13
21/05/2015;2130820068;4,11811E+16;3,33961E+13
22/05/2015;2126060059;4,14809E+15;2,362E+13
26/05/2015;2104199951;4,19802E+15;1,4345E+13
27/05/2015;212347998;3,96952E+16;2,59202E+13
28/05/2015;2120790039;4,24645E+16;2,3729E+13
29/05/2015;2107389893;4,46652E+15;1,36731E+13
01/06/2015;211172998;3,93701E+16;1,67672E+13
02/06/2015;2109600098;4,16316E+15;1,76435E+13
03/06/2015;2114070068;4,11907E+15;2,19298E+13
04/06/2015;2095840088;4,29859E+15;1,36259E+13
05/06/2015;2092830078;4,35449E+16;1,24699E+13
08/06/2015;2079280029;3,98094E+16;5,37458E+12
09/06/2015;2080149902;3,88403E+15;6,3336E+12
10/06/2015;2105199951;3,91088E+15;2,18569E+13
11/06/2015;2108860107;3,98022E+15;2,10723E+13
12/06/2015;2094110107;4,37459E+15;1,15844E+13
15/06/2015;2084429932;4,28516E+14;7,00941E+12
16/06/2015;2096290039;4,12913E+15;1,42983E+13
17/06/2015;2100439941;4,14396E+15;1,58868E+13
18/06/2015;212123999;3,92957E+16;3,21502E+13
19/06/2015;210998999;4,26265E+15;1,56011E+13
22/06/2015;2122850098;3,88841E+16;2,19344E+13
23/06/2015;2124199951;3,961E+16;2,44018E+13
24/06/2015;2108580078;4,09668E+15;1,97818E+13
25/06/2015;2102310059;4,05293E+15;1,21576E+13
26/06/2015;210148999;4,02175E+16;1,41969E+13
29/06/2015;2057639893;4,37908E+15;8,47386E+11
30/06/2015;2063110107;4,48341E+15;3,22709E+12
01/07/2015;2077419922;4,2697E+15;9,54814E+12
02/07/2015;2076780029;4,47393E+16;8,81344E+12
06/07/2015;206876001;4,2776E+15;6,9746E+12
07/07/2015;2081340088;4,0611E+16;1,10345E+13
08/07/2015;2046680054;4,11578E+15;-2,99521E+12
09/07/2015;2051310059;3,56849E+16;234907250
10/07/2015;2076620117;4,01404E+16;1,11127E+13
13/07/2015;2099600098;4,12881E+15;2,25504E+13
14/07/2015;2108949951;4,18734E+16;2,70244E+13
15/07/2015;2107399902;4,24574E+15;2,69321E+13
16/07/2015;2124290039;4,10219E+15;3,75194E+13
17/07/2015;2126639893;4,1957E+15;2,17773E+13
20/07/2015;2128280029;4,0904E+15;2,31254E+13
21/07/2015;2119209961;4,22091E+16;2,17236E+13
22/07/2015;2114149902;4,30951E+14;1,81791E+13
23/07/2015;2102149902;4,11368E+16;1,38273E+13
24/07/2015;2079649902;3,92952E+15;1,00815E+13
27/07/2015;2067639893;3,77974E+16;6,49502E+12
28/07/2015;209325;3,71116E+16;1,33245E+13
29/07/2015;2108570068;3,9045E+16;2,00072E+13
30/07/2015;2108629883;4,08493E+16;2,12457E+13
31/07/2015;2103840088;4,14557E+15;1,75255E+13
03/08/2015;2098040039;4,09111E+16;1,64802E+13
04/08/2015;2093320068;3,66307E+16;1,596E+13
05/08/2015;2099840088;4,01164E+15;2,14111E+13
06/08/2015;2083560059;3,86379E+16;1,28859E+13
07/08/2015;2077570068;4,17334E+16;1,09624E+13
10/08/2015;2104179932;3,93317E+15;2,05717E+13
11/08/2015;2084070068;4,08702E+15;1,27586E+13
12/08/2015;2086050049;3,96455E+16;1,22306E+13
13/08/2015;2083389893;4,27727E+15;1,08986E+13
14/08/2015;2091540039;4,24192E+15;1,48721E+13
17/08/2015;2102439941;4,38906E+15;2,15234E+13
18/08/2015;2096919922;4,21337E+15;1,86837E+13
19/08/2015;2079610107;4,38127E+15;1,19014E+13
20/08/2015;203572998;4,31575E+15;-1,0308E+13
21/08/2015;1970890015;4,40897E+15;-7,00178E+12
24/08/2015;1893209961;4,26944E+16;-1,09625E+13
25/08/2015;1867609985;4,31429E+16;-1,2684E+13
26/08/2015;194051001;4,63385E+15;-5,31337E+12
27/08/2015;1987660034;4,49515E+16;3,92227E+12
28/08/2015;1988869995;4,65449E+16;6,25393E+11
31/08/2015;1972180054;4,74039E+14;-2,60571E+12
01/09/2015;1913849976;5,13793E+15;-9,83006E+12
02/09/2015;1948859985;4,62993E+15;-3,58189E+12
03/09/2015;1951130005;4,54932E+15;-6,23883E+12
04/09/2015;1921219971;4,80545E+16;-8,55189E+12
08/09/2015;1969410034;4,45796E+16;-8,49565E+11
09/09/2015;1942040039;4,79576E+16;-5,60124E+12
10/09/2015;1952290039;4,55827E+15;-2,07741E+12
11/09/2015;1961050049;4,78372E+15;-92485192300
14/09/2015;1953030029;4,69195E+15;-2,05729E+12
15/09/2015;1978089966;4,3915E+15;4,50945E+12
16/09/2015;1995310059;4,57902E+15;8,67296E+12
17/09/2015;1990199951;4,74563E+16;5,88318E+12
18/09/2015;1958030029;5,06006E+15;7,09671E+11
21/09/2015;1966969971;4,69593E+14;3,27056E+12
22/09/2015;194273999;4,79207E+15;-1,71286E+12
23/09/2015;193876001;4,67163E+15;-1,11861E+12
24/09/2015;193223999;4,51061E+15;-7,3622E+11
25/09/2015;1931339966;4,56268E+16;-4,27965E+11
28/09/2015;188177002;4,26093E+16;-7,54864E+12
29/09/2015;1884089966;4,38698E+14;-8,23791E+12
30/09/2015;1920030029;4,56084E+15;-1,27505E+12
01/10/2015;1923819946;4,86594E+15;1,0177E+12
02/10/2015;1951359985;4,71074E+16;4,64894E+12
05/10/2015;1987050049;4,52516E+16;1,19034E+13
06/10/2015;1979920044;4,52322E+16;1,07486E+13
07/10/2015;1995829956;4,32521E+16;1,37663E+13
08/10/2015;2013430054;4,38178E+16;1,7023E+13
09/10/2015;2014890015;4,36253E+16;1,53462E+13
12/10/2015;2017459961;4,43927E+16;1,78577E+13
13/10/2015;2003689941;4,51541E+16;1,55856E+13
14/10/2015;199423999;4,59109E+14;1,07523E+13
15/10/2015;2023859985;4,5683E+14;2,48349E+13
16/10/2015;2033109985;4,62128E+16;1,46843E+13
19/10/2015;2033660034;4,58756E+15;1,64752E+13
20/10/2015;203077002;4,42877E+15;1,59358E+13
21/10/2015;2018939941;4,45496E+15;1,29832E+13
22/10/2015;205251001;4,01994E+15;2,14631E+13
23/10/2015;2075149902;4,34201E+16;2,27764E+13
26/10/2015;2071179932;4,44942E+15;2,23925E+13
27/10/2015;2065889893;4,40911E+15;2,22312E+13
28/10/2015;2090350098;4,27433E+15;3,02631E+13
29/10/2015;2089409912;4,4399E+16;3,36366E+13
30/10/2015;2079360107;4,30729E+15;2,32584E+13
02/11/2015;2104050049;4,32327E+15;3,05713E+13
03/11/2015;2109790039;4,36479E+16;3,34167E+13
04/11/2015;2102310059;4,49301E+15;3,1639E+13
05/11/2015;2099929932;4,31229E+16;3,08062E+13
06/11/2015;2099199951;4,45625E+15;2,72273E+13
09/11/2015;2078580078;4,64286E+16;2,00267E+13
10/11/2015;2081719971;4,2288E+15;2,16283E+13
11/11/2015;20750;4,23607E+15;2,14277E+13
12/11/2015;2045969971;4,5869E+15;9,36173E+12
13/11/2015;2023040039;4,4463E+14;5,05858E+12
16/11/2015;2053189941;4,32936E+14;1,31718E+13
17/11/2015;2050439941;4,51291E+15;1,23306E+13
18/11/2015;2083580078;4,17545E+15;3,05452E+13
19/11/2015;208123999;4,31942E+16;3,22742E+13
20/11/2015;2089169922;4,37069E+16;2,10759E+13
23/11/2015;2086590088;4,23119E+16;2,0411E+13
24/11/2015;2089139893;4,13855E+15;2,06833E+13
25/11/2015;2088870117;4,22459E+15;2,22652E+13
27/11/2015;2090110107;4,31573E+15;2,04412E+13
30/11/2015;2080409912;4,29764E+15;1,7188E+13
01/12/2015;2102629883;4,23868E+16;2,68164E+13
02/12/2015;207951001;4,32012E+14;1,91448E+13
03/12/2015;2049620117;4,34723E+16;7,62878E+12
04/12/2015;2091689941;4,17115E+16;2,38731E+13
07/12/2015;2077070068;4,32052E+16;2,05613E+13
08/12/2015;2063590088;4,30658E+16;1,708E+13
09/12/2015;2047619995;4,47072E+15;8,88828E+12
10/12/2015;205222998;4,20716E+16;1,11733E+13
11/12/2015;2012369995;4,46562E+15;1,4534E+12
14/12/2015;2021939941;4,02805E+16;5,84072E+12
15/12/2015;2043410034;3,79995E+14;1,02537E+13
16/12/2015;2073070068;3,97226E+15;2,54114E+13
17/12/2015;2041890015;4,40758E+16;1,18289E+13
18/12/2015;2005550049;4,54173E+15;2,96092E+12
21/12/2015;2021150024;4,26885E+16;6,87768E+12
22/12/2015;2038969971;4,28664E+16;1,20175E+13
23/12/2015;2064290039;4,11391E+15;1,97633E+13
24/12/2015;206098999;4,29225E+15;1,56047E+13
28/12/2015;20565;4,51281E+15;1,63358E+13
29/12/2015;2078360107;4,20889E+15;2,59664E+13
30/12/2015;2063360107;4,41124E+15;1,90302E+13
31/12/2015;2043939941;4,75103E+16;1,06569E+13
04/01/2016;2012660034;4,92902E+16;1,36715E+12
05/01/2016;2016709961;4,56153E+15;2,37414E+12
06/01/2016;199026001;4,3857E+16;-3,59511E+12
07/01/2016;1943089966;4,41222E+15;-1,34206E+13
08/01/2016;1922030029;4,50488E+16;-1,25064E+13
11/01/2016;1923670044;4,34142E+16;-1,24339E+13
12/01/2016;1938680054;4,54452E+15;-7,64107E+12
13/01/2016;1890280029;4,7967E+16;-1,81701E+13
14/01/2016;1921839966;4,48384E+15;-1,17788E+13
15/01/2016;1880329956;4,73987E+15;-3,7545E+12
19/01/2016;1881329956;4,24266E+15;-3,97256E+12
20/01/2016;1859329956;4,37331E+15;-4,98465E+12
21/01/2016;186898999;4,64422E+16;-2,8136E+12
22/01/2016;1906900024;4,60117E+16;1,99435E+12
25/01/2016;1877079956;4,89102E+15;-8,2724E+11
26/01/2016;1903630005;4,70503E+15;2,78271E+12
27/01/2016;1882949951;4,75383E+16;-2,16293E+12
28/01/2016;1893359985;4,4743E+16;3,00343E+12
29/01/2016;194023999;4,42943E+15;7,26299E+12
01/02/2016;1939380005;4,70476E+16;7,34733E+12
02/02/2016;1903030029;4,92498E+16;3,05046E+12
03/02/2016;1912530029;4,64939E+16;2,37204E+12
04/02/2016;1915449951;4,55521E+15;2,52079E+12
05/02/2016;1880050049;4,42532E+15;-1,71172E+12
08/02/2016;1853439941;4,2253E+16;-3,25607E+12
09/02/2016;1852209961;4,43607E+15;-3,04581E+12
10/02/2016;1851859985;4,70626E+15;-3,5932E+12
11/02/2016;1829079956;4,59195E+15;-5,34835E+12
12/02/2016;1864780029;4,49328E+15;-6,7018E+11
16/02/2016;1895579956;4,4189E+15;4,71933E+12
17/02/2016;1926819946;4,40718E+15;1,27154E+13
18/02/2016;1917829956;4,59855E+15;8,6978E+12
19/02/2016;1917780029;4,79825E+14;6,56854E+12
22/02/2016;19455;4,31895E+14;1,10062E+13
23/02/2016;192127002;4,44796E+15;6,79181E+12
24/02/2016;1929800049;4,68365E+15;9,54122E+12
25/02/2016;1951699951;4,42665E+15;1,65354E+13
26/02/2016;1948050049;4,48092E+16;1,0376E+13
29/02/2016;193222998;4,43849E+15;7,46723E+12
01/03/2016;1978349976;4,21748E+16;2,06054E+13
02/03/2016;1986449951;4,37546E+16;2,24181E+13
03/03/2016;1993400024;4,36685E+15;2,44821E+13
04/03/2016;199998999;4,37602E+15;2,08022E+13
07/03/2016;200176001;4,374E+16;1,99156E+13
08/03/2016;197926001;4,58244E+15;1,56741E+13
09/03/2016;198926001;4,4419E+16;1,89573E+13
10/03/2016;1989569946;4,63337E+15;2,03878E+13
11/03/2016;2022189941;4,14504E+16;2,57754E+13
14/03/2016;2019640015;4,59795E+16;2,70693E+13
15/03/2016;2015930054;4,54868E+15;2,85409E+13
16/03/2016;2027219971;4,6021E+16;3,32552E+13
17/03/2016;2040589966;4,25773E+15;3,58707E+13
18/03/2016;2049580078;4,22042E+15;1,98291E+13
21/03/2016;2051600098;4,23199E+16;2,19775E+13
22/03/2016;2049800049;4,25371E+16;2,21765E+13
23/03/2016;2036709961;4,43948E+15;1,94577E+13
24/03/2016;2035939941;4,63186E+16;1,81805E+13
28/03/2016;2037050049;4,37741E+16;1,9048E+13
29/03/2016;205501001;4,53389E+15;2,57731E+13
30/03/2016;2063949951;4,47184E+15;2,94427E+13
31/03/2016;205973999;4,43977E+15;2,48657E+13
01/04/2016;2072780029;4,46E+16;2,66277E+13
04/04/2016;2066129883;4,44518E+15;2,50254E+13
05/04/2016;2045170044;4,40979E+16;1,92538E+13
06/04/2016;2066659912;4,25092E+16;2,6999E+13
07/04/2016;2041910034;4,74031E+15;1,77837E+13
08/04/2016;2047599976;4,50602E+16;1,92959E+13
11/04/2016;204198999;4,37727E+15;1,75904E+13
12/04/2016;2061719971;4,20874E+15;2,6207E+13
13/04/2016;2082419922;4,36223E+16;3,66523E+13
14/04/2016;2082780029;4,30578E+16;3,745E+13
15/04/2016;208072998;4,54194E+16;1,6122E+13
18/04/2016;2094340088;4,22089E+15;1,94169E+13
19/04/2016;2100800049;4,27862E+15;2,09323E+13
20/04/2016;2102399902;4,14997E+16;2,18477E+13
21/04/2016;209147998;4,08793E+15;1,91579E+13
22/04/2016;2091580078;4,26699E+16;1,54388E+13
25/04/2016;2087790039;4,18552E+15;1,59829E+13
26/04/2016;2091699951;4,12431E+16;1,60649E+13
27/04/2016;2095149902;4,2262E+16;1,593E+13
28/04/2016;2075810059;4,29198E+15;1,18144E+13
29/04/2016;2065300049;4,48884E+15;1,14049E+13
02/05/2016;2081429932;4,26599E+15;1,70769E+13
03/05/2016;2063370117;4,50783E+15;1,32628E+13
04/05/2016;2051120117;4,56375E+15;9,41402E+12
05/05/2016;2050629883;4,65035E+16;8,73688E+12
06/05/2016;2057139893;4,33583E+15;1,23812E+13
09/05/2016;2058689941;4,60313E+15;1,37676E+13
10/05/2016;2084389893;4,42544E+16;2,38943E+13
11/05/2016;2064459961;4,77911E+15;1,42248E+13
12/05/2016;2064110107;4,41187E+15;1,40729E+13
13/05/2016;2046609985;4,38415E+16;7,47016E+12
16/05/2016;2066659912;4,38661E+15;1,34504E+13
17/05/2016;2047209961;4,78401E+14;6,08208E+12
18/05/2016;2047630005;4,63532E+15;6,23282E+12
19/05/2016;2040040039;4,61415E+16;2,32951E+12
20/05/2016;2052320068;4,60683E+16;8,35992E+12
23/05/2016;2048040039;4,47004E+15;7,68651E+12
24/05/2016;2076060059;4,012E+15;1,76229E+13
25/05/2016;2090540039;4,33919E+16;2,3688E+13
26/05/2016;2090100098;4,43469E+16;2,63343E+13
27/05/2016;2099060059;4,23958E+16;2,13858E+13
31/05/2016;2096949951;4,41098E+15;2,0841E+13
01/06/2016;2099330078;4,32036E+15;2,09291E+13
02/06/2016;210526001;4,20858E+15;2,45277E+13
03/06/2016;2099129883;4,57608E+16;1,9746E+13
06/06/2016;2109409912;4,22349E+15;2,38688E+13
07/06/2016;2112129883;4,12989E+15;2,46405E+13
08/06/2016;2119120117;4,08116E+16;2,90366E+13
09/06/2016;211547998;4,28691E+15;2,82822E+13
10/06/2016;2096070068;4,70277E+16;1,82552E+13
13/06/2016;2079060059;4,41382E+16;1,09198E+13
14/06/2016;2075320068;4,18567E+16;1,21848E+13
15/06/2016;20715;4,34683E+15;1,02231E+13
16/06/2016;207798999;4,31125E+15;1,42982E+13
17/06/2016;2071219971;4,46233E+16;7,05725E+12
20/06/2016;208325;3,93791E+15;9,7705E+12
21/06/2016;2088899902;4,06909E+15;1,13907E+13
22/06/2016;2085449951;4,12466E+16;1,04051E+13
23/06/2016;2113320068;4,11953E+15;2,07084E+13
24/06/2016;2037410034;4,65283E+16;1,43336E+12
27/06/2016;2000540039;4,10988E+15;-3,88124E+12
28/06/2016;2036089966;4,26925E+16;3,93042E+12
29/06/2016;207077002;4,34963E+16;1,44781E+13
30/06/2016;2098860107;4,19786E+15;2,27887E+13
01/07/2016;2102949951;4,16266E+15;1,9677E+13
05/07/2016;2088550049;4,45242E+15;1,649E+13
06/07/2016;209972998;4,11286E+16;2,1137E+13
07/07/2016;2097899902;4,31303E+16;2,17633E+13
08/07/2016;2129899902;3,97014E+14;2,90512E+13
11/07/2016;2137159912;4,01994E+15;3,32833E+13
12/07/2016;2152139893;3,98662E+15;3,7261E+13
13/07/2016;2152429932;4,03261E+16;3,52913E+13
14/07/2016;216375;3,98327E+16;4,33589E+13
15/07/2016;216173999;4,10285E+14;2,21211E+13
18/07/2016;2166889893;3,89321E+16;2,54259E+13
19/07/2016;2163780029;4,02348E+15;2,59207E+13
20/07/2016;217302002;4,03489E+16;3,04413E+13
21/07/2016;2165169922;4,05976E+16;2,68317E+13
22/07/2016;2175030029;4,11137E+15;2,49723E+13
25/07/2016;216847998;3,89421E+14;2,3516E+13
26/07/2016;2169179932;3,93702E+15;2,26524E+13
27/07/2016;2166580078;3,9799E+15;2,53995E+13
28/07/2016;2170060059;4,07462E+16;2,75043E+13
29/07/2016;2173600098;4,20351E+15;2,5441E+13
01/08/2016;2170840088;4,12736E+15;2,64051E+13
02/08/2016;2157030029;4,30009E+15;2,16147E+13
03/08/2016;2163790039;4,41997E+15;2,42912E+13
04/08/2016;216425;4,2506E+15;2,61151E+13
05/08/2016;218287;4,23369E+15;3,19283E+13
08/08/2016;2180889893;4,12823E+16;3,03887E+13
09/08/2016;218173999;4,14925E+16;3,21881E+13
10/08/2016;217548999;4,19241E+16;2,94922E+13
11/08/2016;2185790039;4,00014E+15;3,43795E+13
12/08/2016;2184050049;4,16645E+15;2,93343E+13
15/08/2016;2190149902;3,91054E+15;3,23394E+13
16/08/2016;2178149902;4,12727E+16;2,63189E+13
17/08/2016;2182219971;4,04956E+16;2,97277E+13
18/08/2016;218702002;4,14598E+16;3,2379E+13
19/08/2016;2183870117;4,17959E+13;1,88677E+13
22/08/2016;2182639893;3,84854E+16;1,95738E+13
23/08/2016;2186899902;3,90312E+15;2,25535E+13
24/08/2016;2175439941;4,18053E+14;1,67037E+13
25/08/2016;2172469971;4,22939E+16;1,67629E+13
26/08/2016;2169040039;4,3499E+15;1,66665E+13
29/08/2016;2180379883;4,09401E+16;2,21109E+13
30/08/2016;2176120117;4,21012E+15;1,83778E+13
31/08/2016;2170949951;4,17393E+16;1,69281E+13
01/09/2016;2170860107;4,33967E+16;1,92252E+13
02/09/2016;217997998;4,26141E+16;2,15985E+13
06/09/2016;218647998;4,41932E+16;2,85773E+13
07/09/2016;218616;4,56692E+15;3,01192E+13
08/09/2016;2181300049;4,4109E+16;2,63982E+13
09/09/2016;212781;4,85357E+16;1,38347E+12
12/09/2016;215904;4,1589E+16;1,46711E+13
13/09/2016;212702;4,72376E+16;2,06432E+12
14/09/2016;212577;4,54349E+16;4,5319E+12
15/09/2016;214726;4,36489E+15;1,76328E+13
16/09/2016;213916;4,92593E+16;1,18765E+13
19/09/2016;213912;4,41446E+16;1,08114E+13
20/09/2016;213976;4,69373E+16;1,26266E+13
21/09/2016;216312;4,47374E+15;2,20894E+13
22/09/2016;217718;4,34221E+16;3,27878E+13
23/09/2016;216469;4,49445E+16;1,75229E+13
26/09/2016;214610;4,59215E+16;1,09699E+13
27/09/2016;215993;4,33279E+16;1,90193E+13
28/09/2016;217137;4,80763E+16;2,39644E+13
29/09/2016;215113;4,81161E+15;1,46382E+13
30/09/2016;216827;4,12165E+15;1,83383E+13
03/10/2016;216120;4,91606E+15;1,82774E+13
04/10/2016;215049;4,86276E+15;1,68548E+13
05/10/2016;215973;4,6455E+16;2,24786E+13
06/10/2016;216077;4,51761E+15;2,31831E+13
07/10/2016;215374;4,66306E+15;1,85734E+13
10/10/2016;216366;4,13108E+15;2,55459E+13
11/10/2016;213673;4,87977E+16;1,48996E+13
12/10/2016;213918;4,38017E+16;1,67595E+13
13/10/2016;213255;4,57916E+15;1,00835E+13
14/10/2016;213298;4,5885E+14;1,39217E+13
17/10/2016;212650;4,42259E+16;1,13718E+13
18/10/2016;213960;4,57746E+16;1,92899E+13
19/10/2016;214429;4,66572E+16;2,30082E+13
20/10/2016;214134;4,76145E+15;2,05164E+13
21/10/2016;214116;4,61492E+15;1,42035E+13
24/10/2016;215133;4,59779E+15;1,89431E+13
25/10/2016;214316;4,38076E+15;1,73557E+13
26/10/2016;213943;4,59614E+15;1,49102E+13
27/10/2016;213304;4,50342E+16;1,28238E+13
28/10/2016;212641;4,38512E+15;1,10912E+13
31/10/2016;212615;4,51038E+16;1,11164E+13
01/11/2016;211172;4,50684E+16;6,75195E+12
02/11/2016;209794;4,44757E+16;3,78475E+11
03/11/2016;208866;4,55304E+14;-4,38478E+12
04/11/2016;208518;4,42731E+15;-5,81732E+11
07/11/2016;213152;4,10896E+15;1,34454E+13
08/11/2016;213956;4,30407E+15;1,79467E+13
09/11/2016;216326;4,45401E+16;2,19202E+13
10/11/2016;216748;4,42384E+16;1,53767E+13
11/11/2016;216445;4,32583E+16;1,61831E+13
14/11/2016;216420;4,32129E+16;1,30179E+13
15/11/2016;218039;4,24198E+15;1,88566E+13
16/11/2016;217694;4,52437E+15;2,14382E+13
17/11/2016;218712;4,49503E+16;2,64642E+13
18/11/2016;218190;4,54072E+15;1,62551E+13
21/11/2016;219818;4,33355E+16;2,3338E+13
22/11/2016;220294;4,3362E+16;2,60078E+13
23/11/2016;220472;4,34333E+16;2,51396E+13
25/11/2016;221335;4,62714E+15;2,43258E+13
28/11/2016;220172;4,20242E+16;2,1216E+13
29/11/2016;220466;4,18964E+16;2,05547E+13
30/11/2016;219881;4,47242E+15;1,53947E+13
01/12/2016;219108;4,47619E+16;1,08534E+13
02/12/2016;219195;4,36378E+16;1,41974E+13
05/12/2016;220471;4,23945E+16;1,87856E+13
06/12/2016;221223;4,25363E+14;2,18548E+13
07/12/2016;224135;4,24503E+16;3,25515E+13
08/12/2016;224619;4,2089E+15;3,45444E+13
09/12/2016;225953;4,14545E+14;3,40221E+13
12/12/2016;225696;4,25342E+16;3,28007E+13
13/12/2016;227172;4,25957E+15;4,2793E+13
14/12/2016;225328;4,62885E+16;3,63129E+13
15/12/2016;226203;4,4319E+16;4,17894E+13
16/12/2016;225807;4,48955E+14;2,50964E+13
19/12/2016;226253;4,17453E+15;2,83979E+13
20/12/2016;227076;4,15901E+15;3,17353E+13
21/12/2016;226518;4,36415E+15;3,06608E+13
22/12/2016;226096;4,37705E+15;2,5836E+13
23/12/2016;226379;4,31497E+16;2,50088E+13
27/12/2016;226888;4,43987E+15;2,82019E+13
28/12/2016;224992;4,71166E+15;2,13229E+13
29/12/2016;224926;4,55022E+16;1,8565E+13
30/12/2016;223883;4,62484E+15;1,60928E+13
03/01/2017;225783;4,19044E+15;2,28916E+13
04/01/2017;227075;4,47651E+15;2,75153E+13
05/01/2017;226900;4,56314E+15;3,31891E+13
06/01/2017;227698;4,32638E+14;3,21164E+13
09/01/2017;226890;4,45014E+16;3,1992E+13
10/01/2017;226890;4,46321E+16;3,28031E+13
11/01/2017;227532;4,54319E+16;3,70048E+13
12/01/2017;227044;4,38331E+16;3,70798E+13
13/01/2017;227464;4,58905E+16;3,51171E+13
17/01/2017;226789;4,54039E+15;3,42934E+13
18/01/2017;227189;4,35875E+16;3,76847E+13
19/01/2017;226369;4,41959E+15;3,2977E+13
20/01/2017;227131;4,36632E+15;1,5781E+13
23/01/2017;226520;4,31359E+15;1,70875E+13
24/01/2017;228007;4,27471E+16;2,28929E+13
25/01/2017;229837;4,28455E+16;3,11176E+13
26/01/2017;229668;4,26886E+15;3,14321E+13
27/01/2017;229469;4,41714E+15;2,34883E+13
30/01/2017;228090;4,1989E+15;1,93052E+13
31/01/2017;227887;4,28199E+15;1,67347E+13
01/02/2017;227955;4,42321E+15;1,96905E+13
02/02/2017;228085;4,22789E+15;2,05558E+13
03/02/2017;229742;4,36298E+16;2,40264E+13
06/02/2017;229256;4,41742E+16;2,45059E+13
07/02/2017;229308;4,60393E+15;2,78692E+13
08/02/2017;229467;4,38993E+15;3,02253E+13
09/02/2017;230787;4,4745E+16;3,69089E+13
10/02/2017;231610;4,35258E+15;3,35584E+13
13/02/2017;232825;4,22552E+15;3,97626E+13
14/02/2017;233758;4,23785E+16;4,28399E+13
15/02/2017;234925;4,39635E+16;4,82174E+13
16/02/2017;234722;4,40638E+15;5,05247E+13
17/02/2017;235116;4,36034E+16;2,95737E+13
21/02/2017;236538;4,22297E+15;3,60115E+13
22/02/2017;236282;4,27525E+16;3,78631E+13
23/02/2017;236381;4,41064E+16;3,61369E+13
24/02/2017;236734;4,26958E+16;3,06369E+13
27/02/2017;236975;4,34018E+15;3,30813E+13
28/02/2017;236364;4,31355E+15;3,14204E+13
01/03/2017;239596;4,02711E+16;4,68776E+13
02/03/2017;238192;4,58812E+15;3,83267E+13
03/03/2017;238312;4,7274E+16;3,38058E+13
06/03/2017;237531;4,43609E+16;3,25422E+13
07/03/2017;236838;4,64111E+16;3,25529E+13
08/03/2017;236298;4,47574E+16;3,17538E+13
09/03/2017;236487;4,38602E+16;3,50607E+13
10/03/2017;237260;4,37783E+16;3,27958E+13
13/03/2017;237347;4,39503E+16;3,42998E+13
14/03/2017;236545;4,46126E+16;3,13466E+13
15/03/2017;238526;4,51518E+14;4,23026E+13
16/03/2017;238138;4,48376E+16;4,48965E+13
17/03/2017;237825;4,68815E+15;2,35807E+13
20/03/2017;237347;4,36213E+16;2,49043E+13
21/03/2017;234402;4,45828E+16;8,88776E+12
22/03/2017;234845;4,13406E+15;1,23262E+13
23/03/2017;234596;4,35439E+15;9,14841E+12
24/03/2017;234398;4,4304E+16;1,28465E+13
27/03/2017;234159;4,20953E+15;1,34242E+13
28/03/2017;235857;4,19241E+16;2,63291E+13
29/03/2017;236113;4,48392E+15;3,18145E+13
30/03/2017;236806;4,47036E+16;3,80534E+13
31/03/2017;236272;4,4171E+16;2,47717E+13
03/04/2017;235884;4,68472E+15;2,58601E+13
04/04/2017;236016;4,3086E+16;2,85952E+13
05/04/2017;235295;4,47498E+15;2,37911E+13
06/04/2017;235749;4,43262E+15;2,07546E+13
07/04/2017;235554;4,33787E+16;2,01551E+13
10/04/2017;235716;4,43317E+15;2,31083E+13
11/04/2017;235378;4,56265E+15;1,93559E+13
12/04/2017;234493;4,19695E+15;1,4108E+13
13/04/2017;232895;4,33158E+15;8,97467E+12
17/04/2017;234901;4,37827E+16;2,34456E+13
18/04/2017;234219;4,80253E+15;2,14674E+13
19/04/2017;233817;4,62372E+16;1,93769E+13
20/04/2017;235584;4,53632E+15;3,25625E+13
21/04/2017;234869;4,64718E+15;1,50457E+13
24/04/2017;237415;3,99984E+16;2,54235E+13
25/04/2017;238861;4,32502E+15;3,04618E+13
26/04/2017;238745;4,46438E+16;3,00412E+13
27/04/2017;238877;4,48392E+15;3,17259E+13
28/04/2017;238420;4,59727E+16;2,66153E+13
01/05/2017;238833;4,57717E+16;2,93651E+13
02/05/2017;239117;4,50857E+15;3,23625E+13
03/05/2017;238813;4,46221E+16;3,32904E+13
04/05/2017;238952;4,55712E+15;3,55777E+13
05/05/2017;239929;4,30112E+15;3,22845E+13
08/05/2017;239938;4,34442E+16;3,61802E+13
09/05/2017;239692;4,28232E+16;3,80822E+13
10/05/2017;239963;4,3003E+16;3,39001E+13
11/05/2017;239444;4,18804E+15;3,17254E+13
12/05/2017;239090;4,48229E+15;3,11411E+13
15/05/2017;240232;4,27286E+16;3,63044E+13
16/05/2017;240067;4,38619E+16;3,95207E+13
17/05/2017;235703;4,41799E+15;3,98856E+12
18/05/2017;236572;4,3131E+16;1,33128E+13
19/05/2017;238173;4,21304E+16;1,85273E+13
22/05/2017;239402;4,01591E+16;2,51977E+13
23/05/2017;239842;4,06205E+16;2,86734E+13
24/05/2017;240439;4,06951E+16;3,65734E+13
25/05/2017;241507;4,01791E+15;4,30061E+13
26/05/2017;241582;3,95214E+16;3,21099E+13
30/05/2017;241291;3,96819E+14;3,1904E+13
31/05/2017;241180;4,15669E+16;2,96218E+13
01/06/2017;243006;4,11766E+16;3,94502E+13
02/06/2017;243907;3,94867E+15;3,82172E+13
05/06/2017;243610;4,27115E+16;3,84493E+13
06/06/2017;242933;4,21427E+16;3,41849E+13
07/06/2017;243314;4,17801E+15;3,71745E+13
08/06/2017;243379;4,15767E+16;4,12529E+13
09/06/2017;243177;4,30201E+15;2,64537E+13
12/06/2017;242939;3,93553E+16;2,26865E+13
13/06/2017;244035;4,40416E+16;3,16366E+13
14/06/2017;243792;4,54407E+15;2,9563E+13
15/06/2017;243246;4,30379E+16;2,12969E+13
16/06/2017;243315;4,47625E+15;1,65717E+13
19/06/2017;245346;4,17101E+16;2,72758E+13
20/06/2017;243703;4,24535E+15;2,15374E+13
21/06/2017;243561;4,20797E+15;2,60658E+13
22/06/2017;243450;4,22975E+15;2,43988E+13
23/06/2017;243830;4,27507E+15;2,24087E+13
26/06/2017;243907;4,17957E+16;2,10197E+13
27/06/2017;241938;4,16977E+15;9,04884E+12
28/06/2017;244069;4,06576E+14;2,1896E+13
29/06/2017;241970;4,32567E+16;7,83131E+12
30/06/2017;242341;4,12161E+16;1,31182E+13
03/07/2017;242901;4,1552E+15;1,22469E+13
05/07/2017;243254;3,91467E+16;1,63481E+13
06/07/2017;240975;4,1295E+16;7,41087E+12
07/07/2017;242518;4,1143E+15;1,74868E+13
10/07/2017;242743;4,40325E+16;2,23699E+13
11/07/2017;242553;4,31297E+16;2,40696E+13
12/07/2017;244325;4,12462E+16;3,56838E+13
13/07/2017;244783;4,26098E+15;3,70087E+13
14/07/2017;245927;4,13886E+15;3,57802E+13
17/07/2017;245914;4,24636E+15;3,70319E+13
18/07/2017;246061;4,40039E+16;4,07261E+13
19/07/2017;247383;4,34789E+16;4,84008E+13
20/07/2017;247345;4,27214E+15;4,89644E+13
21/07/2017;247254;4,12827E+15;2,57148E+13
24/07/2017;246991;3,84875E+16;2,65929E+13
25/07/2017;247713;4,02832E+15;2,99449E+13
26/07/2017;247783;4,23718E+15;3,25829E+13
27/07/2017;247542;4,3413E+15;2,75469E+13
28/07/2017;247210;4,17921E+16;2,48596E+13
31/07/2017;247030;3,91139E+16;2,20049E+13
01/08/2017;247635;3,92661E+16;2,61883E+13
02/08/2017;247757;3,94948E+16;2,86327E+13
03/08/2017;247216;3,96442E+16;2,45582E+13
04/08/2017;247683;4,01827E+15;2,74563E+13
07/08/2017;248091;3,98231E+16;2,42747E+13
08/08/2017;247492;4,05327E+15;2,83373E+13
09/08/2017;247402;3,99491E+16;2,21219E+13
10/08/2017;243821;3,92699E+16;-7,18633E+11
11/08/2017;244132;4,00712E+16;1,00467E+13
14/08/2017;246584;4,06275E+15;2,44427E+13
15/08/2017;246461;4,15967E+16;2,46532E+13
16/08/2017;246811;4,04188E+15;2,49452E+13
17/08/2017;243001;4,37992E+15;-1,50856E+12
18/08/2017;242555;4,25031E+16;6,60228E+12
21/08/2017;242837;3,9028E+16;5,82867E+12
22/08/2017;245251;3,9031E+16;1,8677E+13
23/08/2017;244404;4,09688E+16;1,54022E+13
24/08/2017;243897;3,95916E+15;1,25658E+13
25/08/2017;244305;4,19788E+16;1,29697E+13
28/08/2017;244424;4,13434E+15;1,42496E+13
29/08/2017;244630;4,21705E+15;1,83673E+13
30/08/2017;245759;4,24533E+15;2,98826E+13
31/08/2017;247165;4,34656E+15;4,14002E+13
01/09/2017;247655;4,36811E+16;3,1292E+13
05/09/2017;245785;4,18397E+15;2,21113E+13
06/09/2017;246554;4,13845E+15;2,68959E+13
07/09/2017;246510;4,12572E+16;3,31276E+13
08/09/2017;246143;4,10667E+16;2,11482E+13
11/09/2017;248811;3,87101E+15;3,61973E+13
12/09/2017;249648;4,21415E+15;4,25518E+13
13/09/2017;249837;4,10814E+15;4,94282E+13
14/09/2017;249562;4,17555E+16;3,82046E+13
15/09/2017;250023;4,19786E+16;2,40058E+13
18/09/2017;250387;3,91772E+15;2,31505E+13
19/09/2017;250665;3,92477E+16;2,561E+13
20/09/2017;250824;4,08271E+15;2,94604E+13
21/09/2017;250060;3,89328E+15;2,44688E+13
22/09/2017;250222;3,83795E+16;2,27264E+13
25/09/2017;249666;3,87631E+16;1,78257E+13
26/09/2017;249684;3,89116E+16;2,00856E+13
27/09/2017;250704;4,02368E+16;2,92571E+13
28/09/2017;251006;4,03039E+14;3,30718E+13
29/09/2017;251936;4,00528E+15;3,13777E+13
02/10/2017;252912;4,06005E+15;3,39333E+13
03/10/2017;253458;4,03984E+15;3,7651E+13
04/10/2017;253774;3,9694E+16;3,90387E+13
05/10/2017;255207;4,04194E+15;5,25862E+13
06/10/2017;254933;4,31491E+16;4,10655E+13
09/10/2017;254473;4,06523E+16;4,17044E+13
10/10/2017;255064;4,04307E+15;4,30323E+13
11/10/2017;255524;4,10021E+16;5,02398E+13
12/10/2017;255093;3,95998E+16;5,11198E+13
13/10/2017;255317;3,79597E+16;4,51696E+13
16/10/2017;255764;3,85315E+15;4,99556E+13
17/10/2017;255936;4,01742E+16;5,48736E+13
18/10/2017;256126;3,97128E+14;5,47478E+13
19/10/2017;256210;4,05628E+16;4,84799E+13
20/10/2017;257521;3,97406E+16;3,15833E+13
23/10/2017;256498;3,94108E+15;2,74639E+13
24/10/2017;256913;3,79049E+15;3,08827E+13
25/10/2017;255715;4,08205E+16;2,58768E+13
26/10/2017;256040;3,85882E+16;2,92532E+13
27/10/2017;258107;3,73217E+16;3,70154E+13
30/10/2017;257283;3,97258E+15;3,56667E+13
31/10/2017;257526;4,04549E+15;3,69671E+13
01/11/2017;257936;4,0497E+16;4,09659E+13
02/11/2017;257985;4,19914E+15;4,12524E+13
03/11/2017;258784;4,09576E+15;3,97577E+13
06/11/2017;259113;4,13734E+15;4,21976E+13
07/11/2017;259064;4,2456E+15;4,2323E+13
08/11/2017;259438;3,9373E+15;4,6258E+13
09/11/2017;258462;3,89473E+15;4,37997E+13
10/11/2017;25823;3,73569E+13;3,67143E+13
13/11/2017;258484;3,7116E+15;3,98833E+13
14/11/2017;257887;3,52843E+16;3,77536E+13
15/11/2017;256462;3,50469E+16;2,97309E+13
16/11/2017;258564;3,56192E+15;4,70818E+13
17/11/2017;257885;3,85371E+16;2,5511E+13
20/11/2017;258214;3,4109E+16;2,79833E+13
21/11/2017;259903;3,42632E+16;4,23432E+13
22/11/2017;259708;3,60926E+15;4,4526E+13
24/11/2017;260242;3,38536E+16;3,68175E+13
27/11/2017;260142;3,60859E+16;3,82485E+13
28/11/2017;262704;3,40461E+15;4,41571E+13
29/11/2017;262607;3,46608E+15;3,07755E+13
30/11/2017;264758;3,50456E+16;4,00544E+13
01/12/2017;264218;3,84371E+15;3,56529E+13
04/12/2017;263941;3,54492E+16;3,17914E+13
05/12/2017;262957;3,56842E+16;3,00632E+13
06/12/2017;262927;3,66033E+15;3,2216E+13
07/12/2017;263699;3,60674E+16;4,07886E+13
08/12/2017;26515;3,61941E+16;4,28675E+13
11/12/2017;265999;3,5835E+16;5,00286E+13
12/12/2017;266413;3,59853E+16;4,813E+13
13/12/2017;266286;3,53007E+16;4,92552E+13
14/12/2017;265207;3,59297E+16;4,99592E+13
15/12/2017;267571;3,52079E+15;4,05238E+13
18/12/2017;269022;3,52538E+15;4,78924E+13
19/12/2017;268147;3,42626E+16;4,48795E+13
20/12/2017;267925;3,75863E+16;4,19534E+13
21/12/2017;268459;3,66569E+15;4,419E+13
22/12/2017;268336;3,83273E+16;4,09634E+13
26/12/2017;26805;3,98048E+15;3,82573E+13
27/12/2017;26826;3,56079E+15;4,12888E+13
28/12/2017;268752;3,70436E+15;4,6648E+13
29/12/2017;267409;3,91726E+16;3,35177E+13
02/01/2018;269579;3,58659E+15;5,10467E+13
03/01/2018;271306;3,61731E+16;6,22758E+13
04/01/2018;272398;3,79652E+15;6,81765E+13
05/01/2018;274298;3,76493E+16;6,57271E+13
08/01/2018;274768;3,82067E+15;6,87088E+13
09/01/2018;27513;3,76748E+15;6,77087E+13
10/01/2018;274822;3,80226E+15;6,78955E+13
11/01/2018;276755;3,60009E+16;7,95192E+13
12/01/2018;278622;3,80578E+16;7,1732E+13
16/01/2018;277642;3,7207E+16;6,95981E+13
17/01/2018;280256;3,60791E+16;7,57713E+13
18/01/2018;279807;3,60227E+16;7,64401E+13
19/01/2018;281029;3,64109E+15;3,59397E+13
22/01/2018;283297;3,30555E+16;4,37302E+13
23/01/2018;283919;3,54174E+16;4,80093E+13
24/01/2018;28376;3,53703E+16;4,41171E+13
25/01/2018;283928;3,5221E+15;4,76033E+13
26/01/2018;28728;3,39766E+15;4,2054E+13
29/01/2018;28535;3,54522E+15;3,70281E+13
30/01/2018;282246;3,41565E+14;3,16766E+13
31/01/2018;28239;3,62764E+15;3,28385E+13
01/02/2018;282202;3,60814E+16;3,5867E+13
02/02/2018;276194;3,70625E+16;1,75975E+13
05/02/2018;264896;3,79319E+15;-2,90859E+12
06/02/2018;269519;4,18813E+16;8,80534E+12
07/02/2018;268162;3,92755E+16;3,9224E+12
08/02/2018;258103;4,22435E+15;-1,57247E+13
09/02/2018;261955;3,98705E+16;-4,07018E+12
12/02/2018;265595;4,17384E+16;2,4714E+12
13/02/2018;266297;4,13469E+16;6,44933E+12
14/02/2018;269866;4,09502E+16;2,19467E+13
15/02/2018;27312;4,07739E+16;3,75542E+13
16/02/2018;273221;3,97865E+15;2,20524E+13
20/02/2018;271626;3,93641E+15;1,94437E+13
21/02/2018;270139;4,18555E+15;2,10915E+13
22/02/2018;270396;4,08431E+16;2,10896E+13
23/02/2018;274736;3,88439E+16;3,05012E+13
26/02/2018;27796;3,69525E+16;4,12067E+13
27/02/2018;274428;4,00324E+16;3,08341E+13
28/02/2018;271378;3,99303E+15;1,97784E+13
01/03/2018;267751;4,24326E+16;6,6957E+12
02/03/2018;269126;4,12245E+16;1,60376E+13
05/03/2018;272095;3,98803E+16;2,56228E+13
06/03/2018;272813;4,20585E+16;3,11907E+13
07/03/2018;272687;4,32698E+15;3,33791E+13
08/03/2018;273896;4,0972E+15;4,14333E+13
09/03/2018;278653;3,86554E+15;4,76483E+13
12/03/2018;278303;4,35475E+15;4,86025E+13
13/03/2018;27653;4,41726E+15;3,83602E+13
14/03/2018;274951;4,36697E+16;3,37864E+13
15/03/2018;274733;4,10977E+16;3,30574E+13
16/03/2018;275179;4,06717E+16;2,37723E+13
19/03/2018;271293;4,29743E+16;1,17515E+13
20/03/2018;271694;4,0646E+15;1,69982E+13
21/03/2018;271192;4,18608E+15;1,53776E+13
22/03/2018;26437;4,21783E+16;-3,14436E+12
23/03/2018;258825;4,33509E+15;-4,5889E+12
26/03/2018;265855;4,25434E+16;8,30561E+12
27/03/2018;261262;4,47238E+15;-3,86192E+12
28/03/2018;26050;4,35993E+15;-7,00364E+12
29/03/2018;264191;4,21633E+15;5,03863E+12
02/04/2018;258182;4,54455E+15;-5,29524E+12
03/04/2018;261443;4,32859E+15;5,58328E+11
04/04/2018;264468;4,26617E+15;8,82951E+12
05/04/2018;266281;4,26214E+15;1,95775E+13
06/04/2018;260444;4,77098E+14;5,56139E+11
09/04/2018;261316;4,11357E+16;1,8335E+12
10/04/2018;265685;4,38805E+15;1,54575E+13
11/04/2018;264219;4,54881E+16;1,19621E+13
12/04/2018;266401;4,36538E+16;2,19065E+13
13/04/2018;265631;4,40381E+16;1,37302E+13
16/04/2018;267789;4,20743E+15;2,18916E+13
17/04/2018;270639;4,14632E+16;3,8253E+13
18/04/2018;270865;4,18295E+15;4,08723E+13
19/04/2018;269313;4,35714E+16;3,82562E+13
20/04/2018;267015;4,31034E+16;1,57665E+13
23/04/2018;267028;4,20143E+15;1,51452E+13
24/04/2018;263457;4,49122E+15;5,04609E+12
25/04/2018;263936;4,52213E+15;6,50554E+12
26/04/2018;266712;4,32441E+15;1,95065E+13
27/04/2018;266994;4,14847E+12;1,9562E+13
30/04/2018;264807;4,26687E+16;1,34665E+13
01/05/2018;26547;4,30257E+16;1,85059E+13
02/05/2018;263566;4,18075E+14;1,58184E+13
03/05/2018;262974;4,2248E+16;1,41259E+13
04/05/2018;266347;4,23301E+15;2,38453E+13
07/05/2018;26726;4,20294E+16;3,1459E+13
08/05/2018;267192;4,27669E+16;3,19653E+13
09/05/2018;269779;4,13022E+16;4,71583E+13
10/05/2018;272305;4,26656E+16;5,56194E+13
11/05/2018;272773;4,1656E+14;4,42522E+13
14/05/2018;273037;4,30681E+15;4,75465E+13
15/05/2018;271147;4,42139E+16;3,33106E+13
16/05/2018;272248;4,22996E+15;4,2454E+13
17/05/2018;272012;4,44272E+15;3,59424E+13
18/05/2018;271302;4,26842E+15;2,15146E+13
21/05/2018;273303;4,2656E+16;3,06268E+13
22/05/2018;27245;4,32233E+16;2,81297E+13
23/05/2018;273328;4,39137E+15;3,87608E+13
24/05/2018;272779;4,49491E+15;4,0458E+13
25/05/2018;27213;4,30207E+15;3,1556E+13
29/05/2018;268983;4,51675E+15;2,30799E+13
30/05/2018;272406;4,15445E+15;3,78884E+13
31/05/2018;270532;4,46179E+16;3,66851E+13
01/06/2018;273458;4,27263E+16;3,98811E+13
04/06/2018;274687;4,23654E+15;4,65247E+13
05/06/2018;274881;4,44178E+15;4,76973E+13
06/06/2018;27723;4,17673E+15;5,83061E+13
07/06/2018;277033;4,34916E+16;5,33991E+13
08/06/2018;277898;4,43661E+14;4,91265E+13
11/06/2018;27820;4,27977E+16;5,31963E+13
12/06/2018;278684;4,10424E+16;6,02369E+13
13/06/2018;277563;4,5195E+16;5,81543E+13
14/06/2018;278255;4,44743E+16;6,72766E+13
15/06/2018;277944;4,38162E+16;2,86467E+13
18/06/2018;277387;4,27017E+15;3,10557E+13
19/06/2018;276257;4,35071E+15;2,97883E+13
20/06/2018;276734;4,36895E+15;3,63512E+13
21/06/2018;274976;4,43745E+16;2,14007E+13
22/06/2018;275489;4,09717E+15;2,16525E+13
25/06/2018;271708;4,34981E+16;5,4037E+12
26/06/2018;272304;4,30594E+15;1,17614E+13
27/06/2018;269966;4,46382E+15;1,38805E+12
28/06/2018;271632;4,35326E+14;1,27715E+13
29/06/2018;271857;4,33991E+15;1,32749E+13
02/07/2018;272656;4,32672E+16;1,84945E+13
03/07/2018;271322;4,3065E+16;1,02159E+13
05/07/2018;27367;4,36161E+16;2,2144E+13
06/07/2018;275979;4,15794E+15;2,6941E+13
09/07/2018;27842;4,38094E+15;4,12499E+13
10/07/2018;279382;4,23026E+15;4,66582E+13
11/07/2018;277404;4,34278E+15;3,98898E+13
12/07/2018;279833;4,07568E+15;5,80447E+13
13/07/2018;280126;4,2401E+15;4,31872E+13
16/07/2018;279844;4,34196E+16;4,53661E+13
17/07/2018;28096;4,55127E+16;5,27495E+13
18/07/2018;281562;4,18787E+16;5,67988E+13
19/07/2018;280452;4,40081E+16;4,6567E+13
20/07/2018;280184;4,24741E+15;2,44105E+13
23/07/2018;280697;4,06856E+16;2,63739E+13
24/07/2018;282034;4,04956E+16;3,4464E+13
25/07/2018;284601;4,11538E+15;4,53389E+13
26/07/2018;283743;3,99653E+16;4,42008E+13
27/07/2018;281885;3,99813E+16;2,9253E+13
30/07/2018;280261;3,95288E+16;1,92761E+13
31/07/2018;281623;4,00889E+15;2,17687E+13
01/08/2018;281342;4,09217E+15;2,65286E+13
02/08/2018;282727;3,94403E+16;4,2217E+13
03/08/2018;284035;4,11971E+16;3,55109E+13
06/08/2018;285045;4,02296E+15;4,43234E+13
07/08/2018;285848;3,99062E+16;5,10837E+13
08/08/2018;285772;4,02709E+15;5,29211E+13
09/08/2018;285358;4,07079E+15;5,21123E+13
10/08/2018;283327;4,2279E+15;3,07784E+13
13/08/2018;282195;4,20325E+15;2,83713E+13
14/08/2018;283999;4,08223E+16;4,02319E+13
15/08/2018;281842;4,20971E+16;2,08525E+13
16/08/2018;284072;3,89178E+16;3,26318E+13
17/08/2018;285014;4,15842E+15;2,41193E+13
20/08/2018;285705;4,022E+15;2,69375E+13
21/08/2018;286288;4,01938E+16;3,27686E+13
22/08/2018;286183;4,02946E+16;3,99948E+13
23/08/2018;285698;4,025E+15;3,82479E+13
24/08/2018;28747;3,92919E+15;3,5012E+13
27/08/2018;289671;3,9596E+16;4,94188E+13
28/08/2018;289757;4,02434E+15;5,11895E+13
29/08/2018;291404;4,1002E+16;6,27032E+13
30/08/2018;290113;4,28323E+15;5,97564E+13
31/08/2018;290144;4,25852E+16;3,96696E+13
04/09/2018;289673;4,07935E+15;3,36618E+13
05/09/2018;288866;3,93478E+16;2,71151E+13
06/09/2018;287808;3,91743E+15;1,17827E+13
07/09/2018;287173;4,15158E+15;2,47337E+13
10/09/2018;287716;4,26192E+16;2,21788E+13
11/09/2018;288791;3,85127E+16;3,52447E+13
12/09/2018;288892;4,12938E+15;3,88632E+13
13/09/2018;29042;4,03668E+15;5,05506E+13
14/09/2018;290502;3,9279E+16;3,67716E+13
17/09/2018;288885;4,25656E+16;2,45643E+13
18/09/2018;290432;3,94043E+15;3,27802E+13
19/09/2018;290794;3,89525E+15;3,95137E+13
20/09/2018;293075;4,01492E+16;5,91035E+13
21/09/2018;292922;4,29212E+15;2,72444E+13
24/09/2018;291937;3,90623E+15;2,70319E+13
25/09/2018;291558;3,85311E+16;3,37975E+13
26/09/2018;290602;3,97648E+14;3,27684E+13
27/09/2018;29140;3,73775E+16;4,84376E+13
28/09/2018;291395;3,97763E+14;3,11453E+13
01/10/2018;292464;3,81176E+15;3,67222E+13
02/10/2018;292342;3,99149E+15;2,93435E+13
03/10/2018;292548;4,11943E+15;3,02822E+13
04/10/2018;290161;4,11823E+15;1,13613E+13
05/10/2018;288557;3,97386E+14;1,31054E+13
08/10/2018;288455;3,80631E+16;1,11541E+13
09/10/2018;288035;3,93601E+15;1,03414E+13
10/10/2018;278576;3,99704E+14;-1,39639E+13
11/10/2018;272839;3,95368E+15;-2,20421E+13
12/10/2018;276703;4,34085E+15;-7,99233E+12
15/10/2018;27508;4,18944E+16;-1,38185E+13
16/10/2018;281003;3,89104E+16;4,74268E+12
17/10/2018;28092;4,1472E+16;7,58334E+12
18/10/2018;276915;4,14964E+16;-1,02944E+13
19/10/2018;276773;4,15111E+15;1,63142E+12
22/10/2018;275587;4,00998E+15;4,44053E+11
23/10/2018;274068;3,96488E+16;7219319100
24/10/2018;265629;4,27342E+15;-1,07704E+13
25/10/2018;270561;4,01267E+16;-2,74658E+12
26/10/2018;26585;4,13577E+15;-6,71402E+12
29/10/2018;264112;3,98753E+16;-8,58555E+12
30/10/2018;268264;3,82259E+15;-3,92313E+12
31/10/2018;27117;4,13647E+15;5,10464E+12
01/11/2018;274034;4,12549E+15;1,40382E+13
02/11/2018;27227;4,46351E+15;4,7626E+12
05/11/2018;273831;3,93047E+16;5,2875E+12
06/11/2018;27555;4,05237E+16;9,98457E+12
07/11/2018;281379;3,97721E+15;3,23743E+13
08/11/2018;280684;4,08625E+15;2,80611E+13
09/11/2018;278113;4,06634E+16;1,14413E+13
12/11/2018;272626;4,03697E+15;-1,44822E+12
13/11/2018;272204;4,11928E+16;-1,47306E+12
14/11/2018;270174;4,00896E+16;-6,1906E+12
15/11/2018;273036;4,06066E+15;1,74033E+12
16/11/2018;273629;4,13744E+15;5,32425E+12
19/11/2018;269078;3,76248E+15;-7,48096E+11
20/11/2018;26418;3,8209E+15;-6,81335E+12
21/11/2018;264999;4,17514E+16;-6,01903E+12
23/11/2018;263256;4,23969E+15;-5,16122E+12
26/11/2018;267345;4,13214E+13;9,35131E+11
27/11/2018;268212;4,04162E+16;4,36332E+12
28/11/2018;274378;4,32847E+15;2,23254E+13
29/11/2018;273776;4,39273E+14;2,25685E+13
30/11/2018;276016;4,33297E+15;1,74692E+13
03/12/2018;279037;4,04002E+15;2,85273E+13
04/12/2018;270006;4,21299E+16;2,11889E+12
06/12/2018;269595;4,07808E+16;4,31714E+12
07/12/2018;263299;4,35784E+15;-5,04674E+12
10/12/2018;263772;3,78044E+15;-3,75947E+12
11/12/2018;263703;4,02325E+15;-2,01598E+12
12/12/2018;265107;3,87921E+15;2,36728E+12
13/12/2018;265054;4,02136E+15;2,65021E+12
14/12/2018;259995;4,06526E+15;-8,04334E+12
17/12/2018;254594;4,02538E+16;-1,67334E+13
18/12/2018;254616;4,10975E+16;-1,42475E+13
19/12/2018;250696;4,37996E+15;-2,23591E+13
20/12/2018;246741;4,14744E+16;-2,56787E+13
21/12/2018;241663;4,09249E+15;-1,35055E+13
24/12/2018;23511;4,27741E+15;-1,72617E+13
26/12/2018;24677;4,55107E+16;-6,24663E+12
27/12/2018;248883;4,71026E+15;-2,18527E+12
28/12/2018;248574;4,50826E+16;-5,23374E+12
31/12/2018;250685;4,47223E+15;-2,46393E+12
02/01/2019;251003;4,82259E+16;-9,66968E+11
03/01/2019;244789;4,62777E+16;-1,01571E+13
04/01/2019;253194;4,43922E+16;8,8481E+11
07/01/2019;254969;4,5371E+16;4,72253E+12
08/01/2019;257441;4,51863E+15;1,08723E+13
09/01/2019;258496;4,66266E+15;1,29444E+13
10/01/2019;259663;4,52927E+16;1,53466E+13
11/01/2019;259626;4,61464E+16;1,11838E+13
14/01/2019;258261;4,59229E+15;6,88458E+12
15/01/2019;26103;4,56362E+15;1,96601E+13
16/01/2019;26161;4,57716E+16;2,08964E+13
17/01/2019;263596;4,6812E+16;3,0186E+13
18/01/2019;267071;4,5752E+15;1,55937E+13
22/01/2019;26329;4,28778E+16;7,41812E+12
23/01/2019;26387;4,31434E+16;9,24567E+12
24/01/2019;264233;4,29371E+16;1,20502E+13
25/01/2019;266476;4,17002E+15;1,31597E+13
28/01/2019;264385;4,33483E+15;1,02907E+13
29/01/2019;26400;4,2323E+16;8,72711E+12
30/01/2019;268105;4,30947E+15;2,05977E+13
31/01/2019;27041;4,17917E+15;2,81657E+13
01/02/2019;270653;4,32838E+15;2,03789E+13
04/02/2019;272487;4,27349E+15;2,65132E+13
05/02/2019;27377;4,34038E+15;3,4021E+13
06/02/2019;273161;4,40681E+16;2,89926E+13
07/02/2019;270604;4,49229E+16;1,47831E+13
08/02/2019;270788;4,44658E+16;1,67851E+13
11/02/2019;27098;4,10362E+14;1,69715E+13
12/02/2019;274473;4,10974E+16;3,15221E+13
13/02/2019;275303;4,29149E+15;3,50746E+13
14/02/2019;274573;4,4933E+16;3,0904E+13
15/02/2019;27756;4,1926E+15;2,11021E+13
19/02/2019;277976;4,05681E+15;2,49534E+13
20/02/2019;27847;4,3383E+16;2,64797E+13
21/02/2019;277488;4,35948E+16;2,19183E+13
22/02/2019;279267;4,14608E+16;2,56457E+13
25/02/2019;279611;4,02778E+15;2,71834E+13
26/02/2019;27939;4,362E+16;2,77931E+13
27/02/2019;279238;4,36161E+15;2,8212E+13
28/02/2019;278449;4,28611E+15;2,45729E+13
01/03/2019;280369;4,32005E+15;2,84971E+13
04/03/2019;279281;4,25424E+15;2,81484E+13
05/03/2019;278965;4,25535E+16;2,83408E+13
06/03/2019;277145;4,82175E+16;2,11179E+13
07/03/2019;274893;4,77602E+16;5,57643E+12
08/03/2019;274307;4,53461E+14;8,75458E+12
11/03/2019;27833;4,4355E+16;2,81144E+13
12/03/2019;279152;4,50529E+13;3,36178E+13
13/03/2019;281093;4,32314E+14;4,41676E+13
14/03/2019;280848;4,31501E+16;4,136E+13
15/03/2019;282248;4,37207E+16;2,27811E+13
18/03/2019;283294;4,36652E+16;2,70789E+13
19/03/2019;283257;4,42802E+15;2,88637E+13
20/03/2019;282423;4,64114E+16;3,15095E+13
21/03/2019;285488;4,41359E+15;4,39153E+13
22/03/2019;280071;4,4534E+15;1,68472E+13
25/03/2019;279836;4,34858E+16;1,65274E+13
26/03/2019;281846;4,1815E+15;2,28949E+13
27/03/2019;280537;4,25703E+16;1,71409E+13
28/03/2019;281544;4,20448E+15;2,16105E+13
29/03/2019;283441;4,29682E+16;2,53673E+13
01/04/2019;286719;4E+15;3,82872E+13
02/04/2019;286724;4,10677E+15;4,00712E+13
03/04/2019;28734;3,96499E+15;4,50842E+13
04/04/2019;287939;4,13461E+15;4,91929E+13
05/04/2019;289274;4,0074E+16;4,1722E+13
08/04/2019;289577;4,38381E+14;4,38661E+13
09/04/2019;28782;4,37836E+15;3,71587E+13
10/04/2019;288821;4,16684E+15;4,48451E+13
11/04/2019;288832;4,1333E+16;4,72175E+13
12/04/2019;290741;4,12939E+16;4,36497E+13
15/04/2019;290558;4,00961E+15;4,54371E+13
16/04/2019;290706;4,01121E+15;5,21164E+13
17/04/2019;290047;4,02648E+15;5,27555E+13
18/04/2019;290503;4,07546E+15;2,59583E+13
22/04/2019;290797;4,03422E+15;2,88383E+13
23/04/2019;293368;3,96442E+16;3,70852E+13
24/04/2019;292725;4,1522E+15;3,34783E+13
25/04/2019;292617;4,32309E+16;3,46194E+13
26/04/2019;293988;4,14497E+16;3,31603E+13
29/04/2019;294303;3,94486E+15;3,4893E+13
30/04/2019;294583;3,92714E+16;3,02237E+13
01/05/2019;292373;4,07588E+15;2,29444E+13
02/05/2019;291752;4,09265E+15;1,58814E+13
03/05/2019;294564;3,82392E+15;3,68363E+13
06/05/2019;293247;4,15699E+15;3,26951E+13
07/05/2019;288405;4,21404E+16;1,3877E+13
08/05/2019;287942;4,10671E+16;1,31536E+13
09/05/2019;287072;4,10291E+15;6,11176E+12
10/05/2019;28814;4,23493E+14;1,40778E+13
13/05/2019;281187;4,19037E+15;-6,60388E+12
14/05/2019;283441;4,20424E+15;-1,37879E+12
15/05/2019;285096;4,19398E+15;1,15477E+13
16/05/2019;287632;4,40078E+16;3,1144E+13
17/05/2019;285951;4,63386E+16;1,10137E+13
20/05/2019;284023;4,19202E+15;5,1123E+12
21/05/2019;286436;4,24296E+15;1,07728E+13
22/05/2019;285627;4,27029E+16;9,70566E+12
23/05/2019;282224;4,34489E+15;-3,22306E+12
24/05/2019;282606;4,43533E+15;4,25214E+12
28/05/2019;280239;4,33762E+16;8,69973E+11
29/05/2019;278302;4,36875E+16;-6,17453E+12
30/05/2019;278887;4,42365E+16;-2,49168E+12
31/05/2019;275206;4,55025E+15;-6,55604E+12
03/06/2019;274431;4,29222E+15;-9,98686E+12
04/06/2019;280327;4,44235E+15;5,08859E+12
05/06/2019;282615;4,36803E+15;1,31683E+13
06/06/2019;284349;4,25732E+16;2,13945E+13
07/06/2019;287334;4,19331E+15;2,31246E+13
10/06/2019;288673;4,29005E+16;2,99205E+13
11/06/2019;288572;4,27218E+16;2,91937E+13
12/06/2019;287984;4,30424E+16;2,53463E+13
13/06/2019;289164;4,41995E+15;3,34113E+13
14/06/2019;288699;4,34905E+15;2,60172E+13
17/06/2019;288967;4,08897E+15;3,02695E+13
18/06/2019;291775;3,75277E+16;4,23136E+13
19/06/2019;292646;4,00693E+15;4,65516E+13
20/06/2019;295418;4,26389E+16;6,80935E+13
21/06/2019;29505;4,26156E+15;2,78828E+13
24/06/2019;294536;4,33619E+15;2,68208E+13
25/06/2019;291738;3,97519E+15;1,71505E+13
26/06/2019;291378;4,08468E+15;1,97909E+13
27/06/2019;292492;4,03991E+15;2,23567E+13
28/06/2019;294176;3,97685E+16;2,15012E+13
01/07/2019;296433;4,04681E+15;3,00929E+13
02/07/2019;297301;4,13374E+16;4,03239E+13
03/07/2019;299582;3,69264E+15;6,00156E+13
05/07/2019;299041;4,29075E+16;3,60549E+13
08/07/2019;297595;3,943E+16;3,36392E+13
09/07/2019;297963;3,95008E+16;5,03114E+13
10/07/2019;299307;3,8688E+16;6,79986E+13
11/07/2019;299991;3,88058E+16;6,11454E+13
12/07/2019;301377;3,95606E+15;6,59251E+13
15/07/2019;30143;3,92038E+16;7,69249E+13
16/07/2019;300404;3,78023E+16;7,10024E+13
17/07/2019;298442;4,08526E+16;5,11462E+13
18/07/2019;29951;4,20136E+16;3,28283E+13
19/07/2019;297661;4,37924E+15;1,38302E+13
22/07/2019;298502;4,24543E+16;1,77152E+13
23/07/2019;300547;4,18682E+15;2,82068E+13
24/07/2019;301956;4,06973E+15;3,46801E+13
25/07/2019;300367;4,40735E+15;2,96817E+13
26/07/2019;302586;4,30798E+15;2,87968E+13
29/07/2019;302097;3,93661E+14;2,44865E+13
30/07/2019;301318;4,14655E+16;2,24231E+13
31/07/2019;298036;4,27295E+16;1,01492E+13
01/08/2019;295356;4,28041E+16;2,22746E+12
02/08/2019;293205;4,29892E+16;4,44633E+12
05/08/2019;284474;4,26661E+15;-1,09068E+13
06/08/2019;288177;4,36042E+15;-2,3441E+12
07/08/2019;288398;4,47901E+16;-2,21866E+12
08/08/2019;293809;4,23342E+15;3,15683E+13
09/08/2019;291865;4,40176E+16;1,14537E+13
12/08/2019;288269;4,2451E+14;3,28898E+12
13/08/2019;292632;4,15325E+15;8,95203E+12
14/08/2019;28406;4,53332E+16;-1,22715E+13
15/08/2019;28476;4,20818E+15;-5,91406E+12
16/08/2019;288868;4,22214E+16;3,23775E+12
19/08/2019;292364;4,08195E+15;1,25721E+13
20/08/2019;290051;4,34719E+15;6,29628E+12
21/08/2019;292443;4,11912E+15;1,62036E+13
22/08/2019;292295;4,25539E+15;1,25303E+13
23/08/2019;284711;4,68871E+16;-2,52363E+12
26/08/2019;287838;4,18623E+15;1,56623E+12
27/08/2019;286916;4,2335E+15;-7,01477E+11
28/08/2019;288794;4,20443E+15;-2,7898E+12
29/08/2019;292458;4,13043E+16;2,74442E+13
30/08/2019;292646;4,40891E+12;1,67308E+13
03/09/2019;290627;4,41009E+15;6,55099E+12
04/09/2019;293778;4,03885E+15;1,60785E+13
05/09/2019;29760;4,08715E+15;5,78973E+13
06/09/2019;297871;4,15886E+16;2,96318E+13
09/09/2019;297843;4,20456E+15;2,73891E+13
10/09/2019;297939;4,19917E+15;2,94824E+13
11/09/2019;30009;4,17609E+16;4,26466E+13
12/09/2019;300957;4,23266E+15;6,17556E+13
13/09/2019;300737;4,21092E+15;4,76036E+13
16/09/2019;299796;4,30684E+16;3,59689E+13
17/09/2019;300564;4,35117E+16;4,60409E+13
18/09/2019;300673;4,50169E+16;4,34391E+13
19/09/2019;300676;4,43462E+15;4,31454E+13
20/09/2019;299198;4,57076E+15;1,46097E+13
23/09/2019;299179;4,27479E+15;1,15939E+13
24/09/2019;296661;4,1851E+16;3,11839E+12
25/09/2019;298486;4,01699E+16;4,46765E+12
26/09/2019;297762;4,05759E+16;9,53488E+12
27/09/2019;296179;4,1731E+15;1,0473E+13
30/09/2019;297674;3,75823E+16;1,54609E+13
01/10/2019;294025;3,9518E+16;7,52857E+12
02/10/2019;288762;4,06432E+15;-8,00325E+12
03/10/2019;291064;4,08614E+15;2,10502E+12
04/10/2019;295197;4,17775E+16;1,41485E+13
07/10/2019;293879;4,07421E+15;1,12051E+13
08/10/2019;289306;4,17541E+16;1,30746E+11
09/10/2019;29194;3,98611E+15;9,49703E+12
10/10/2019;293813;4,16704E+16;1,31251E+13
11/10/2019;297027;4,02998E+16;2,25438E+13
14/10/2019;296615;4,34897E+16;2,25002E+13
15/10/2019;299568;4,33857E+16;4,66662E+13
16/10/2019;298969;4,05418E+16;4,37017E+13
17/10/2019;299795;4,32071E+16;4,94147E+13
18/10/2019;29862;4,2825E+15;1,44821E+13
21/10/2019;300673;4,11886E+15;2,03523E+13
22/10/2019;299599;4,26552E+15;1,8105E+13
23/10/2019;300452;4,16393E+16;2,08777E+13
24/10/2019;301027;4,22679E+15;2,69385E+13
25/10/2019;302251;4,62804E+15;2,23949E+13
28/10/2019;303942;4,18665E+15;3,27792E+13
29/10/2019;303688;4,27211E+15;2,83708E+13
30/10/2019;304677;4,41827E+15;3,83618E+13
31/10/2019;303758;4,52065E+16;3,94436E+13
01/11/2019;306691;4,3402E+15;3,96401E+13
04/11/2019;307827;4,10867E+15;4,83718E+13
05/11/2019;307462;4,11903E+16;4,76106E+13
06/11/2019;307678;3,97407E+15;4,32985E+13
07/11/2019;308518;4,00258E+16;4,99196E+13
08/11/2019;309308;4,24019E+15;4,76646E+13
11/11/2019;308701;4,35015E+15;4,31183E+13
12/11/2019;309184;4,29753E+16;4,68972E+13
13/11/2019;309404;4,4232E+15;4,046E+13
14/11/2019;309663;4,31209E+16;2,74975E+13
15/11/2019;312046;4,36792E+15;2,9294E+13
18/11/2019;312203;4,2337E+15;3,32946E+13
19/11/2019;312018;4,2231E+16;3,36631E+13
20/11/2019;310846;4,35133E+15;2,6526E+13
21/11/2019;310354;4,31333E+16;2,21243E+13
22/11/2019;311029;4,17131E+16;2,48539E+13
25/11/2019;313364;3,81547E+15;4,53912E+13
26/11/2019;314052;3,9053E+15;5,85588E+13
27/11/2019;315363;3,95141E+15;8,22019E+13
29/11/2019;314098;4,22284E+16;3,67546E+13
02/12/2019;311387;4,06087E+16;2,32834E+13
03/12/2019;30932;3,96629E+15;1,56726E+13
04/12/2019;311276;3,99314E+16;3,0541E+13
05/12/2019;311743;4,10276E+16;2,51796E+13
06/12/2019;314591;4,1648E+15;4,62551E+13
09/12/2019;313596;4,07992E+15;4,07018E+13
10/12/2019;313252;4,1387E+16;3,03392E+13
11/12/2019;314163;4,26127E+16;4,09418E+13
12/12/2019;316857;4,32925E+15;6,66665E+13
13/12/2019;31688;4,70428E+15;6,19408E+13
16/12/2019;319145;4,12801E+16;8,35305E+13
17/12/2019;319252;4,05532E+14;8,6627E+13
18/12/2019;319114;4,18749E+15;7,67454E+13
19/12/2019;320537;4,55341E+15;9,99352E+13
20/12/2019;322122;4,66028E+16;4,95171E+13
23/12/2019;322401;4,36724E+16;5,44459E+13
24/12/2019;322338;4,78468E+15;5,65403E+13
26/12/2019;323991;4,69282E+16;9,47329E+13
27/12/2019;324002;4,33384E+15;5,56426E+13
30/12/2019;322129;4,41638E+16;5,17801E+13
31/12/2019;323078;4,33969E+16;4,92371E+13
02/01/2020;325785;4,28803E+15;9,61797E+13
03/01/2020;323485;4,40181E+16;4,75256E+13
06/01/2020;324628;4,01543E+15;7,56227E+13
07/01/2020;323718;4,00916E+16;7,55488E+13
08/01/2020;325305;3,87897E+16;9,87135E+13
09/01/2020;32747;4,10327E+16;1,15664E+14
10/01/2020;326535;4,28337E+15;1,02128E+14
13/01/2020;328813;4,13373E+15;9,05051E+13
14/01/2020;328315;4,16143E+16;8,22054E+13
15/01/2020;328929;4,25518E+16;9,00932E+13
16/01/2020;331681;4,26727E+16;8,26124E+13
17/01/2020;332962;4,3813E+16;3,69454E+13
21/01/2020;332079;4,31712E+15;4,02147E+13
22/01/2020;332175;4,37938E+16;4,08939E+13
23/01/2020;332554;4,3288E+16;4,02059E+13
24/01/2020;329547;4,59845E+15;1,95666E+13
27/01/2020;324363;4,24057E+16;6,37914E+12
28/01/2020;327624;4,36453E+16;1,61853E+13
29/01/2020;32734;4,49501E+15;1,74706E+13
30/01/2020;328366;4,37035E+16;2,07035E+13
31/01/2020;322552;4,24569E+16;1,546E+13
03/02/2020;324892;4,08136E+15;1,88617E+13
04/02/2020;329759;3,89276E+16;3,35912E+13
05/02/2020;333469;4,10363E+15;4,06794E+13
06/02/2020;334578;4,18595E+15;5,33633E+13
07/02/2020;33277;4,30928E+15;4,12095E+13
10/02/2020;33521;4,09942E+15;5,36152E+13
11/02/2020;335775;4,24073E+14;5,72225E+13
12/02/2020;337945;4,08969E+16;7,96721E+13
13/02/2020;337394;4,23863E+16;7,21136E+13
14/02/2020;338014;4,32182E+16;5,77009E+13
18/02/2020;337029;4,08374E+16;5,66022E+13
19/02/2020;338612;4,16881E+15;6,38154E+13
20/02/2020;337323;4,25312E+16;4,43731E+13
21/02/2020;333768;4,2091E+16;1,32277E+13
24/02/2020;322589;3,81211E+15;-7,73233E+12
25/02/2020;312827;3,93859E+16;-1,63193E+13
26/02/2020;311643;3,9889E+16;-1,62417E+13
27/02/2020;297856;3,61878E+15;-2,95842E+13
28/02/2020;295421;3,80413E+15;-1,42345E+13
02/03/2020;309026;4,48496E+15;-1,3209E+12
03/03/2020;300337;4,56905E+15;-1,09476E+13
04/03/2020;313012;4,203E+16;1,29249E+13
05/03/2020;302408;4,42533E+15;-9,92248E+12
06/03/2020;29724;4,52162E+14;-1,02698E+13
09/03/2020;274652;4,16465E+15;-1,66436E+13
10/03/2020;288224;4,1825E+16;-1,00025E+13
11/03/2020;274138;4,39415E+14;-1,62888E+13
12/03/2020;248064;3,77596E+15;-2,17093E+13
13/03/2020;271094;3,90936E+15;-1,54024E+13
16/03/2020;238613;3,72537E+15;-1,75824E+13
17/03/2020;252909;3,52458E+15;-1,15392E+13
18/03/2020;239842;3,54209E+16;-2,31406E+12
19/03/2020;240953;3,53335E+16;-1,00999E+13
20/03/2020;230488;4,11404E+16;-6,41779E+12
23/03/2020;22374;3,66571E+15;-6,78036E+11
24/03/2020;244733;4,02208E+16;6,0022E+12
25/03/2020;247556;4,61185E+15;-1,57647E+12
26/03/2020;263007;4,80941E+15;1,10673E+13
27/03/2020;254147;4,82826E+16;-2,89385E+12
30/03/2020;262665;4,7274E+16;9,86202E+11
31/03/2020;258459;4,97417E+16;-1,48211E+12
01/04/2020;24705;5,11401E+13;-7,7285E+12
02/04/2020;25269;4,85221E+15;-5,07398E+12
03/04/2020;248865;5,06475E+15;-4,6308E+12
06/04/2020;266368;4,46698E+16;1,55516E+13
07/04/2020;265941;4,8211E+16;1,53393E+13
08/04/2020;274998;5,01114E+15;3,33183E+13
09/04/2020;278982;4,88574E+16;2,60841E+13
13/04/2020;276163;4,9396E+16;3,42298E+13
14/04/2020;284606;4,77697E+14;5,90019E+13
15/04/2020;278336;5,11512E+15;5,00814E+13
16/04/2020;279955;5,04736E+15;6,41203E+13
17/04/2020;287456;4,63644E+16;1,90716E+13
20/04/2020;282316;4,49047E+15;2,39984E+13
21/04/2020;273656;4,68291E+16;7,15646E+12
22/04/2020;279931;4,57186E+16;1,82591E+13
23/04/2020;27978;4,51655E+15;2,1091E+13
24/04/2020;283674;4,39759E+16;1,26491E+13
27/04/2020;287848;4,32132E+15;1,28488E+13
28/04/2020;286339;4,40944E+15;9,31551E+12
29/04/2020;293951;4,45038E+16;2,50256E+13
30/04/2020;291243;4,57729E+15;3,33169E+13
01/05/2020;283071;4,83067E+15;7,21282E+12
04/05/2020;284274;4,63197E+15;1,43446E+13
05/05/2020;286844;4,54598E+15;1,59941E+13
06/05/2020;284842;4,73474E+15;2,84829E+13
07/05/2020;288119;4,57291E+15;5,53522E+13
08/05/2020;29298;4,40817E+15;3,7546E+13
11/05/2020;293019;4,75091E+15;3,69457E+13
12/05/2020;287012;4,6578E+16;3,17127E+13
13/05/2020;28200;4,66985E+16;1,69233E+13
14/05/2020;28525;4,8185E+16;2,00837E+13
15/05/2020;28637;4,83524E+15;9,51835E+12
18/05/2020;295391;4,32607E+16;1,89807E+13
19/05/2020;292294;4,76808E+15;2,18733E+13
20/05/2020;297161;4,62761E+16;3,91436E+13
21/05/2020;294851;4,94048E+16;2,24009E+13
22/05/2020;295545;5,11715E+15;1,63987E+13
26/05/2020;299177;4,71376E+15;1,84347E+13
27/05/2020;303613;4,77079E+16;2,00893E+13
28/05/2020;302973;4,91485E+16;2,08487E+13
29/05/2020;304431;5,22603E+15;2,56518E+13
01/06/2020;305573;4,70529E+15;3,29428E+13
02/06/2020;308082;4,80475E+14;3,8826E+13
03/06/2020;312287;4,41143E+15;4,1306E+13
04/06/2020;311235;4,76278E+16;3,29331E+13
05/06/2020;319393;4,52095E+16;4,23908E+13
08/06/2020;323239;4,61516E+15;5,71984E+13
09/06/2020;320718;4,73334E+16;8,31778E+13
10/06/2020;319014;4,66881E+16;9,66267E+13
11/06/2020;30021;4,77235E+16;2,60753E+13
12/06/2020;304131;4,97033E+16;5,51525E+13
15/06/2020;306659;4,96211E+16;5,22499E+13
16/06/2020;312474;4,83346E+15;6,30785E+13
17/06/2020;311349;5,00161E+14;7,56972E+13
18/06/2020;311534;5,12574E+15;6,01527E+13
19/06/2020;309799;5,25397E+15;2,19466E+13
22/06/2020;311786;4,69189E+15;2,96197E+13
23/06/2020;313129;4,81551E+16;4,44216E+13
24/06/2020;305033;4,81993E+15;2,40395E+13
25/06/2020;308376;4,56035E+15;3,74091E+13
26/06/2020;300905;4,57969E+16;6,26711E+12
29/06/2020;305324;4,57302E+16;1,32717E+13
30/06/2020;310029;4,47183E+15;4,12297E+13
01/07/2020;311586;4,36339E+16;8,06603E+13
02/07/2020;313001;4,60284E+15;3,22316E+13
06/07/2020;317972;4,44107E+15;7,16522E+13
07/07/2020;314532;4,50927E+15;4,79592E+13
08/07/2020;316994;4,72421E+16;7,93456E+13
09/07/2020;315205;4,67952E+16;1,01008E+14
10/07/2020;318504;4,42934E+16;5,25192E+13
13/07/2020;315522;4,41933E+16;7,83181E+13
14/07/2020;319752;4,09961E+16;6,707E+13
15/07/2020;322656;4,46399E+14;6,20891E+13
16/07/2020;321557;4,5212E+16;6,77166E+13
17/07/2020;322473;4,58157E+15;2,25772E+13
20/07/2020;325184;4,34332E+15;3,15137E+13
21/07/2020;32573;4,2505E+15;4,07139E+13
22/07/2020;327602;4,40697E+15;4,33863E+13
23/07/2020;323566;4,43137E+16;1,62597E+13
24/07/2020;321563;4,29317E+15;1,28119E+13
27/07/2020;323941;4,32975E+15;2,00308E+13
28/07/2020;321844;4,2064E+15;2,3827E+13
29/07/2020;325844;4,54182E+16;2,23346E+13
30/07/2020;324622;4,52095E+16;2,13108E+13
31/07/2020;327112;4,54496E+15;2,52025E+13
03/08/2020;329462;4,66478E+15;2,86998E+13
04/08/2020;330651;4,60279E+15;3,41924E+13
05/08/2020;332777;4,62651E+15;5,28277E+13
06/08/2020;334916;4,73273E+16;7,22871E+13
07/08/2020;335128;4,34109E+16;2,83555E+13
10/08/2020;336047;4,07575E+15;3,22967E+13
11/08/2020;333369;3,97686E+16;2,67547E+13
12/08/2020;338035;4,07709E+16;5,43541E+13
13/08/2020;337343;4,27764E+15;5,6023E+13
14/08/2020;337285;4,29965E+16;5,23518E+13
17/08/2020;338199;3,98189E+16;7,14367E+13
18/08/2020;338978;3,92576E+15;1,34976E+14
19/08/2020;337485;4,16979E+16;8,37012E+13
20/08/2020;338551;4,22101E+16;1,00501E+14
21/08/2020;339716;4,19865E+16;3,10956E+13
24/08/2020;343128;3,97554E+16;4,09418E+13
25/08/2020;344362;3,94405E+15;7,50513E+13
26/08/2020;347873;3,81934E+15;1,12708E+14
27/08/2020;348455;3,98854E+16;8,82478E+13
28/08/2020;350801;4,1014E+14;4,2639E+13
31/08/2020;350031;3,85338E+16;4,10943E+13
01/09/2020;352665;3,86906E+15;7,71576E+13
02/09/2020;358084;3,691E+15;9,87731E+13
03/09/2020;345506;3,5497E+15;2,84517E+13
04/09/2020;342696;3,59818E+16;1,92053E+13
08/09/2020;333184;3,97077E+15;5,85842E+12
09/09/2020;339896;3,93626E+16;2,62903E+13
10/09/2020;333919;4,2615E+16;8,28076E+12
11/09/2020;334097;4,20547E+16;1,97098E+13
14/09/2020;338354;4,2655E+15;4,69039E+13
15/09/2020;34012;4,20531E+16;3,69907E+13
16/09/2020;338549;4,08922E+15;2,43698E+13
17/09/2020;335701;4,38438E+15;-1,12837E+13
18/09/2020;331947;4,41945E+16;1,89695E+12
21/09/2020;328106;4,27333E+15;-2,81008E+12
22/09/2020;331557;4,17135E+16;5,7097E+13
23/09/2020;323692;4,26979E+15;3,69772E+12
24/09/2020;324659;4,29498E+15;9,00509E+12
25/09/2020;329846;4,21978E+15;1,15247E+13
28/09/2020;33516;4,02647E+16;4,5179E+13
29/09/2020;333548;4,01702E+15;4,01021E+13
30/09/2020;33630;4,08529E+15;5,55784E+13
01/10/2020;33808;4,31616E+16;6,23915E+13
02/10/2020;334844;4,47377E+15;9,21593E+12
05/10/2020;340862;3,95019E+15;3,27091E+13
06/10/2020;336095;4,30608E+16;1,63855E+13
07/10/2020;341944;4,05003E+15;5,08886E+13
08/10/2020;344683;4,06564E+16;5,69857E+13
09/10/2020;347713;3,96785E+16;8,49029E+13
12/10/2020;353422;3,66112E+16;1,14027E+14
13/10/2020;351193;4,05844E+14;1,53456E+14
14/10/2020;348867;3,8786E+15;9,65703E+13
15/10/2020;348334;3,88903E+15;1,04509E+14
16/10/2020;348381;4,11402E+15;3,1132E+13
19/10/2020;342692;4,04272E+14;1,7791E+13
20/10/2020;344312;4,10682E+15;1,91965E+13
21/10/2020;343555;3,99035E+15;2,5325E+13
22/10/2020;345349;4,04691E+15;1,91949E+13
23/10/2020;346539;4,08917E+14;2,05171E+13
26/10/2020;340097;4,0295E+15;1,25259E+13
27/10/2020;339068;4,10421E+16;1,77271E+13
28/10/2020;327103;4,02697E+15;-1,25777E+13
29/10/2020;331011;4,18546E+16;2,38674E+12
30/10/2020;326996;4,35696E+15;-7,8316E+11
02/11/2020;331024;4,00921E+15;-1,80394E+12
03/11/2020;336916;4,11049E+16;1,14854E+13
04/11/2020;344343;3,95382E+16;7,03142E+13
05/11/2020;351045;4,23485E+16;1,02996E+14
06/11/2020;350944;4,16941E+15;4,71526E+13
09/11/2020;35505;3,79178E+15;3,86807E+13
10/11/2020;354553;3,99241E+16;2,87603E+13
11/11/2020;357266;3,98529E+15;5,99155E+13
12/11/2020;353701;4,49155E+15;4,70676E+13
13/11/2020;358515;4,31061E+16;6,03239E+13
16/11/2020;362691;4,14971E+15;5,56867E+13
17/11/2020;360953;4,40556E+15;5,80466E+13
18/11/2020;35678;4,16999E+16;3,49818E+13
19/11/2020;358185;4,38597E+15;5,49797E+13
20/11/2020;355754;4,38085E+16;2,32516E+13
23/11/2020;357759;3,88784E+16;2,91827E+13
24/11/2020;363541;3,80916E+15;5,40345E+13
25/11/2020;362965;4,13174E+16;9,34396E+13
27/11/2020;363835;4,14977E+15;3,66836E+13
30/11/2020;362163;4,0179E+15;3,61519E+13
01/12/2020;366245;3,66608E+16;6,48966E+13
02/12/2020;366901;4,12535E+16;7,23439E+13
03/12/2020;366672;4,02422E+15;7,1505E+13
04/12/2020;369912;4,03976E+16;4,42923E+13
07/12/2020;369194;4,16136E+15;5,36417E+13
08/12/2020;370225;4,16285E+16;6,44519E+13
09/12/2020;367248;4,37235E+15;3,90418E+13
10/12/2020;366808;4,31019E+15;3,59275E+13
11/12/2020;366345;4,72777E+16;4,49048E+13
14/12/2020;364749;4,36716E+15;5,00108E+13
15/12/2020;369462;4,27981E+15;7,01598E+13
16/12/2020;370117;4,37737E+14;1,74421E+14
17/12/2020;372242;4,44473E+15;1,01626E+14
18/12/2020;370976;4,50521E+16;4,43663E+13
21/12/2020;369492;4,49182E+15;5,57062E+13
22/12/2020;368727;4,6511E+16;5,892E+13
23/12/2020;368998;4,51074E+16;5,06918E+13
24/12/2020;370306;4,41173E+15;3,49194E+13
28/12/2020;373536;4,09053E+16;8,65076E+13
29/12/2020;372704;4,17683E+16;1,44742E+14
30/12/2020;373204;4,4203E+15;1,15407E+14
31/12/2020;375607;4,56508E+15;4,34915E+13
04/01/2021;370065;4,65563E+15;2,93381E+13
05/01/2021;372686;4,46169E+15;5,42803E+13
06/01/2021;374814;4,41688E+15;4,89774E+13
07/01/2021;380379;4,50176E+15;8,93047E+13
08/01/2021;382468;4,79806E+15;1,40172E+14
11/01/2021;379961;4,54569E+16;2,24748E+14
12/01/2021;380119;4,6318E+16;6,32475E+13
13/01/2021;380984;4,3915E+15;1,35194E+14
14/01/2021;379554;4,40269E+15;5,89635E+13
15/01/2021;376825;4,16522E+15;1,08078E+13
19/01/2021;379891;3,96687E+16;3,14234E+13
20/01/2021;385185;4,08721E+15;1,41619E+14
21/01/2021;385307;4,11098E+16;1,56624E+14
22/01/2021;384147;4,1547E+15;5,2809E+13
25/01/2021;385536;4,02619E+16;5,93446E+13
26/01/2021;384962;4,0524E+15;8,51185E+13
27/01/2021;375077;3,65412E+14;1,42008E+13
28/01/2021;378738;4,08175E+14;4,34994E+13
29/01/2021;371424;4,17018E+15;1,0456E+12
01/02/2021;377377;4,09924E+15;4,56947E+13
02/02/2021;382631;3,83752E+15;5,97674E+13
03/02/2021;383017;3,80814E+15;7,62396E+13
04/02/2021;387174;3,8061E+15;7,51094E+13
05/02/2021;388683;3,82365E+16;4,12139E+13
08/02/2021;391559;3,87616E+15;5,72926E+13
09/02/2021;391124;3,64791E+15;6,32967E+13
10/02/2021;390988;4,05531E+16;4,66545E+13
11/02/2021;391638;4,14286E+16;5,25002E+13
12/02/2021;393483;4,44761E+16;1,34126E+14
16/02/2021;393259;4,08136E+16;1,2389E+14
17/02/2021;393133;3,97115E+15;1,06402E+14
18/02/2021;391397;4,23574E+16;1,07581E+14
19/02/2021;390671;4,14265E+16;1,43287E+13
22/02/2021;387649;3,84687E+15;8,46447E+11
23/02/2021;388136;3,70895E+16;2,49909E+12
24/02/2021;392543;3,96507E+15;3,31152E+12
25/02/2021;382934;4,20007E+15;-2,61573E+13
26/02/2021;381115;4,1592E+16;7,29966E+11
01/03/2021;390181;3,9496E+14;2,57061E+13
02/03/2021;387029;3,97455E+15;7,09349E+12
03/03/2021;381972;4,04127E+16;-1,18976E+13
04/03/2021;376847;4,03865E+16;-4,25575E+13
05/03/2021;384194;3,94713E+15;1,08873E+13
08/03/2021;382129;3,88914E+15;3,55127E+12
09/03/2021;387544;4,22894E+16;3,55979E+13
10/03/2021;389877;4,47457E+16;3,75146E+13
11/03/2021;393934;4,37867E+15;7,75988E+13
12/03/2021;394334;4,43326E+15;6,67647E+13
15/03/2021;396894;4,14322E+16;6,36329E+13
16/03/2021;396271;4,06728E+16;6,43877E+13
17/03/2021;397412;4,25854E+16;1,0793E+14
18/03/2021;391546;4,47205E+15;1,38669E+13
19/03/2021;39131;4,69951E+16;1,14476E+13
22/03/2021;394059;4,00128E+15;2,89999E+13
23/03/2021;391052;4,07436E+15;2,88961E+13
24/03/2021;388914;4,34725E+15;-9,72285E+11
25/03/2021;390952;4,38218E+15;-7,79267E+12
26/03/2021;397454;4,35691E+15;1,80532E+13
29/03/2021;39711;4,11596E+15;2,59239E+13
30/03/2021;395855;4,15401E+15;2,62729E+13
31/03/2021;397289;4,42058E+14;7,82365E+13
01/04/2021;401987;4,06997E+15;5,85768E+13
05/04/2021;407791;4,12064E+16;1,05206E+14
06/04/2021;407394;4,12021E+15;1,1522E+14
07/04/2021;407995;4,09673E+16;1,33828E+14
08/04/2021;409717;4,39303E+14;2,36335E+14
09/04/2021;41288;4,4311E+15;2,29959E+14
12/04/2021;412799;4,07077E+15;2,42187E+14
13/04/2021;414159;4,24503E+15;2,11893E+14
14/04/2021;412466;4,25657E+15;1,62231E+14
15/04/2021;417042;4,32918E+15;1,54399E+14
16/04/2021;418547;4,22348E+16;7,34381E+13
19/04/2021;416326;4,0931E+15;4,52905E+13
20/04/2021;413494;4,10875E+15;4,57389E+13
21/04/2021;417342;4,35992E+15;7,0807E+13
22/04/2021;413498;4,2228E+16;4,46204E+13
23/04/2021;418017;4,28798E+15;3,49281E+13
26/04/2021;418762;4,23273E+16;4,86365E+13
27/04/2021;418672;4,32579E+16;5,57155E+13
28/04/2021;418318;4,29591E+15;8,49683E+13
29/04/2021;421147;4,27657E+15;1,26604E+14
30/04/2021;418117;4,26761E+15;4,31126E+13
03/05/2021;419266;4,38544E+16;3,69295E+13
04/05/2021;416466;4,06691E+16;2,0634E+13
05/05/2021;416759;4,06959E+16;1,37523E+13
06/05/2021;420162;4,37333E+16;6,36176E+13
07/05/2021;42326;4,23298E+16;3,6136E+13
10/05/2021;418843;4,09662E+15;2,17225E+13
11/05/2021;41521;3,77101E+16;1,05986E+13
12/05/2021;406304;4,28312E+15;-1,30629E+13
13/05/2021;41125;3,95908E+16;-1,76134E+13
14/05/2021;4173850098;4,25861E+16;7,21889E+13
17/05/2021;4163290039;4,33235E+16;5,98487E+13
18/05/2021;4127830078;4,1939E+15;5,42799E+13
19/05/2021;4115680176;4,44595E+16;4,28389E+13
20/05/2021;4159120117;4,3195E+16;6,94395E+13
21/05/2021;4155859863;4,43989E+16;9,27839E+12
24/05/2021;4197049805;4,11966E+15;4,14437E+13
25/05/2021;4188129883;4,36343E+16;4,7611E+13
26/05/2021;4195990234;4,25839E+16;5,9098E+13
27/05/2021;4200879883;4,23226E+15;3,7782E+13
28/05/2021;4204109863;4,10119E+16;2,99474E+13
01/06/2021;4202040039;4,18425E+16;3,47316E+13
02/06/2021;4208120117;4,28627E+14;4,14237E+13
03/06/2021;4192850098;4,09328E+16;7,23554E+12
04/06/2021;4229890137;4,35628E+15;2,74922E+13
07/06/2021;422652002;4,5282E+16;6,38217E+13
08/06/2021;4227259766;4,34831E+16;6,68462E+13
09/06/2021;4219549805;4,43416E+16;7,4118E+13
10/06/2021;4239180176;4,24996E+15;1,42221E+14
11/06/2021;4247439941;4,20221E+15;1,24444E+14
14/06/2021;4255149902;4,33898E+14;1,38223E+14
15/06/2021;4246589844;4,32243E+15;1,48682E+14
16/06/2021;4223700195;4,45773E+15;1,61628E+14
17/06/2021;4221859863;4,53555E+15;1,95552E+14
18/06/2021;4166450195;4,64563E+16;3,01171E+13
21/06/2021;4224790039;4,19321E+15;4,15643E+13
22/06/2021;4246439941;4,21862E+15;7,25612E+13
23/06/2021;4241839844;4,31001E+15;8,97187E+13
24/06/2021;4266490234;3,96983E+15;8,60661E+13
25/06/2021;4280700195;4,23891E+15;3,75735E+13
28/06/2021;4290609863;4,16912E+15;1,17771E+14
29/06/2021;4291799805;4,10183E+15;6,45071E+13
30/06/2021;42975;4,09225E+15;7,78685E+13
01/07/2021;4319939941;4,23323E+16;9,71348E+13
02/07/2021;4352339844;4,26307E+16;8,80203E+13
06/07/2021;4343540039;4,4944E+16;1,35501E+14
07/07/2021;4358129883;4,69891E+16;1,57673E+14
08/07/2021;4320819824;4,39613E+16;2,16382E+14
09/07/2021;436955;4,59132E+16;1,40643E+14
12/07/2021;4384629883;4,47247E+15;2,19806E+14
13/07/2021;4369209961;4,68118E+15;1,62832E+14
14/07/2021;4374299805;4,68458E+15;1,32074E+14
15/07/2021;4360029785;4,43978E+15;8,97749E+13
16/07/2021;4327160156;4,63286E+15;4,11063E+13
19/07/2021;4258490234;4,26509E+15;1,1097E+13
20/07/2021;4323060059;4,40778E+16;4,41986E+13
21/07/2021;4358689941;4,42984E+15;4,99266E+13
22/07/2021;436747998;4,4871E+15;1,13242E+14
23/07/2021;4411790039;4,2231E+16;3,97596E+13
26/07/2021;4422299805;4,08972E+15;6,07099E+13
27/07/2021;4401459961;4,2306E+15;3,34604E+13
28/07/2021;4400640137;4,43501E+15;5,63321E+13
29/07/2021;4419149902;4,21905E+16;6,17733E+13
30/07/2021;4395259766;4,41515E+15;2,99665E+13
02/08/2021;4387160156;4,1859E+16;2,13119E+13
03/08/2021;4423149902;4,25054E+15;4,48326E+13
04/08/2021;4402660156;4,37832E+16;4,44624E+13
05/08/2021;4429100098;4,25626E+16;8,57447E+13
06/08/2021;443652002;4,39932E+15;3,82634E+13
09/08/2021;4432350098;4,51273E+16;2,75918E+12
10/08/2021;443675;4,28042E+16;4,96394E+13
11/08/2021;4447700195;4,21676E+15;4,4655E+13
12/08/2021;4460830078;4,2121E+15;4,69317E+13
13/08/2021;44680;4,11402E+16;7,93144E+13
16/08/2021;4479709961;4,34354E+16;6,58946E+13
17/08/2021;4448080078;4,45766E+16;3,2385E+13
18/08/2021;440027002;4,31168E+16;2,28518E+13
19/08/2021;4405799805;4,34962E+16;1,66881E+13
20/08/2021;4441669922;4,5489E+16;2,62411E+13
23/08/2021;4479529785;4,21556E+13;6,30906E+13
24/08/2021;448622998;4,05215E+15;8,42434E+13
25/08/2021;4496189941;4,03862E+16;8,5651E+13
26/08/2021;44700;4,03216E+16;1,15737E+14
27/08/2021;4509370117;3,73149E+15;5,41307E+13
30/08/2021;4528790039;4,14145E+15;1,18344E+14
31/08/2021;4522680176;3,96573E+15;1,17568E+14
01/09/2021;4524089844;4,08922E+15;1,2736E+14
02/09/2021;4536950195;3,80406E+15;7,89214E+13
03/09/2021;4535430176;4,03815E+16;6,11772E+13
07/09/2021;4520029785;4,273E+15;9,65109E+13
08/09/2021;4514069824;4,27533E+15;1,20859E+14
09/09/2021;4493279785;4,16553E+16;1,08505E+14
10/09/2021;4458580078;4,29448E+15;8,57553E+13
13/09/2021;446872998;4,20349E+16;1,08835E+14
14/09/2021;4443049805;4,21661E+15;8,33727E+13
15/09/2021;4480700195;4,00182E+15;1,0749E+14
16/09/2021;447375;4,3101E+16;9,69834E+13
17/09/2021;4432990234;4,75449E+15;2,43092E+13
20/09/2021;435772998;4,16729E+16;-5,1545E+12
21/09/2021;4354189941;4,04851E+15;-8,89559E+11
22/09/2021;4395640137;4,0289E+15;2,32564E+13
23/09/2021;444897998;3,99108E+15;9,90749E+13
24/09/2021;445547998;4,45732E+16;3,14451E+13
27/09/2021;4443109863;4,26074E+15;5,456E+13
28/09/2021;4352629883;4,31506E+15;-1,12251E+13
29/09/2021;4359459961;4,33489E+15;-8,47747E+12
30/09/2021;4307540039;4,43722E+14;-5,62698E+13
01/10/2021;4357040039;4,36924E+16;1,28231E+13
04/10/2021;4300459961;4,26011E+15;-6,7399E+12
05/10/2021;4345720215;4,30664E+15;2,32535E+13
06/10/2021;4363549805;4,42434E+15;3,6883E+13
07/10/2021;4399759766;4,30295E+15;1,06951E+14
08/10/2021;4391339844;4,42855E+15;4,51983E+13
11/10/2021;4361189941;4,49474E+15;2,94542E+13
12/10/2021;4350649902;4,48138E+15;1,76715E+13
13/10/2021;4363799805;4,54996E+16;5,01361E+13
14/10/2021;4438259766;4,54326E+15;1,27036E+14
15/10/2021;4471370117;4,46877E+16;7,34586E+13
18/10/2021;4486459961;4,1858E+15;1,53814E+14
19/10/2021;4519629883;4,42372E+15;1,16529E+14
20/10/2021;4536189941;4,20691E+16;1,19927E+14
21/10/2021;4549779785;4,09532E+15;1,35781E+14
22/10/2021;4544899902;4,40216E+15;4,02339E+13
25/10/2021;456647998;4,17529E+16;5,86574E+13
26/10/2021;4574790039;4,19487E+15;6,90366E+13
27/10/2021;4551680176;4,41288E+16;1,00527E+14
28/10/2021;4596419922;4,37919E+14;1,16957E+14
29/10/2021;4605379883;4,40606E+15;6,2865E+13
01/11/2021;4613669922;4,51484E+15;5,85915E+13
02/11/2021;4630649902;4,59713E+15;6,37873E+13
03/11/2021;4660569824;4,72099E+15;1,31817E+14
04/11/2021;4680060059;4,64699E+15;1,86508E+14
05/11/2021;4697529785;4,44131E+16;9,83399E+13
08/11/2021;4701700195;4,48682E+15;9,96886E+13
09/11/2021;468525;4,41317E+15;1,41114E+14
10/11/2021;4646709961;4,42347E+15;6,49128E+13
11/11/2021;464927002;4,62736E+15;1,13357E+14
12/11/2021;4682850098;4,32313E+15;1,60974E+14
15/11/2021;4682799805;4,36879E+15;1,73613E+14
16/11/2021;4700899902;4,2391E+15;1,51884E+14
17/11/2021;4688669922;4,25529E+15;1,64794E+14
18/11/2021;4704540039;4,14392E+16;2,34643E+14
19/11/2021;4697959961;4,43446E+16;6,1666E+13
22/11/2021;4682939941;4,18505E+15;5,13883E+13
23/11/2021;4690700195;4,26777E+16;4,5373E+13
24/11/2021;4701459961;4,42082E+16;2,77524E+13
26/11/2021;4594620117;4,63403E+14;6,15071E+12
29/11/2021;465527002;4,26339E+16;3,70106E+13
30/11/2021;45670;4,49048E+15;5,16977E+12
01/12/2021;4513040039;4,41924E+16;-1,01573E+13
02/12/2021;457710;4,35694E+15;-2,42361E+13
03/12/2021;4538430176;4,45908E+16;-1,277E+13
06/12/2021;4591669922;4,44494E+16;5,98889E+12
07/12/2021;468675;4,44953E+15;9,31776E+13
08/12/2021;4701209961;4,58234E+16;1,33982E+14
09/12/2021;4667450195;4,71095E+16;9,47771E+13
10/12/2021;471202002;4,67119E+15;9,9835E+13
13/12/2021;4668970215;4,70137E+15;6,96041E+13
14/12/2021;4634089844;4,58814E+16;4,57715E+13
15/12/2021;4709850098;4,65386E+16;1,23732E+14
16/12/2021;4668669922;4,72012E+15;4,36841E+13
17/12/2021;4620640137;4,57357E+15;1,09835E+13
20/12/2021;456802002;4,16639E+16;3,31234E+12
21/12/2021;464922998;4,46712E+15;4,92778E+13
22/12/2021;4696560059;4,35221E+14;1,47947E+14
23/12/2021;4725790039;4,36614E+16;7,23535E+13
27/12/2021;4791189941;4,5063E+16;7,78404E+13
28/12/2021;4786350098;4,21803E+16;9,19814E+13
29/12/2021;4793060059;4,34654E+16;7,06538E+13
30/12/2021;477872998;4,05286E+16;8,2387E+13
31/12/2021;4766180176;4,40839E+15;3,33844E+13
03/01/2022;4796560059;4,25695E+15;7,58023E+13
04/01/2022;4793540039;4,31366E+15;5,02802E+13
05/01/2022;4700580078;4,22883E+16;-5,04557E+11
06/01/2022;4696049805;4,17267E+16;-2,32304E+13
07/01/2022;4677029785;4,29433E+15;4,52212E+12
10/01/2022;4670290039;4,17977E+16;4,83338E+12
11/01/2022;4713069824;4,32765E+15;5,12861E+13
12/01/2022;4726350098;4,49847E+15;7,3872E+13
13/01/2022;4659029785;4,43244E+15;3,3496E+13
14/01/2022;4662850098;4,24451E+14;8,10315E+13
18/01/2022;4577109863;4,55097E+16;3,02499E+13
19/01/2022;4532759766;4,51466E+16;-5,68342E+12
20/01/2022;448272998;4,35431E+15;-7,49682E+13
21/01/2022;4397939941;4,32201E+16;-1,7726E+13
24/01/2022;4410129883;3,72046E+16;-1,65366E+13
25/01/2022;4356450195;4,70392E+15;-2,40535E+13
26/01/2022;4349930176;5,1403E+15;-2,19563E+13
27/01/2022;4326509766;4,96008E+15;-1,57808E+13
28/01/2022;4431850098;4,64757E+15;-8,54541E+11
31/01/2022;4515549805;5,08379E+15;3,08916E+13
01/02/2022;4546540039;5,09549E+14;2,67447E+13
02/02/2022;4589379883;4,83121E+16;7,73007E+13
03/02/2022;4477439941;4,78789E+16;2,95716E+13
04/02/2022;4500529785;4,88386E+16;2,97039E+13
07/02/2022;4483870117;4,6281E+15;1,2202E+13
08/02/2022;4521540039;4,8758E+16;3,12333E+13
09/02/2022;4587180176;5,02831E+15;6,18498E+13
10/02/2022;4504080078;5,41069E+15;2,54416E+13
11/02/2022;4418640137;5,11219E+15;6,28676E+12
14/02/2022;4401669922;5,09473E+15;1,25019E+13
15/02/2022;4471069824;5,02502E+15;3,25169E+13
16/02/2022;4475009766;5,01318E+15;4,83331E+13
17/02/2022;4380259766;4,89856E+16;-8,21183E+12
18/02/2022;4348870117;5,00917E+15;-5,33679E+12
22/02/2022;4304759766;4,42498E+16;-1,62505E+13
23/02/2022;42255;4,88323E+16;-2,22076E+13
24/02/2022;4288700195;4,48357E+15;3,78968E+12
25/02/2022;4384649902;4,91601E+15;1,77607E+13
28/02/2022;4373939941;5,22827E+15;1,71256E+13
01/03/2022;4306259766;5,05224E+15;7,08444E+12
02/03/2022;4386540039;4,81145E+15;2,4215E+13
03/03/2022;4363490234;4,78448E+16;1,0067E+13
04/03/2022;4328870117;4,85996E+15;-6,50054E+12
07/03/2022;4201089844;4,21401E+15;-1,46229E+13
08/03/2022;4170700195;4,36689E+15;-1,88607E+13
09/03/2022;4277879883;4,69414E+15;1,4227E+13
10/03/2022;425952002;4,97223E+15;2,97256E+13
11/03/2022;4204310059;5,16606E+15;-6,92503E+12
14/03/2022;4173109863;4,80749E+16;-1,83224E+13
15/03/2022;4262450195;4,80655E+16;-4,54934E+11
16/03/2022;4357859863;4,89181E+15;8,19092E+13
17/03/2022;4411669922;5,05566E+15;9,42773E+13
18/03/2022;4463120117;5,46802E+15;4,56441E+13
21/03/2022;4461180176;5,02969E+15;5,2057E+13
22/03/2022;4511609863;4,8993E+16;7,67899E+13
23/03/2022;4456240234;5,03608E+15;5,99813E+13
24/03/2022;4520160156;4,70998E+15;7,69478E+13
25/03/2022;4543060059;4,97449E+15;4,6523E+13
28/03/2022;457552002;4,91188E+15;8,31965E+13
29/03/2022;4631600098;4,73442E+16;9,14078E+13
30/03/2022;4602450195;5,00846E+15;8,00533E+13
31/03/2022;4530410156;4,7204E+16;3,97616E+13
01/04/2022;4545859863;4,64508E+16;3,58278E+13
04/04/2022;4582640137;4,80126E+16;5,94544E+13
05/04/2022;4525120117;4,86491E+16;3,59148E+13
06/04/2022;4481149902;4,35747E+15;1,37343E+13
07/04/2022;4500209961;4,58784E+16;7,10491E+12
08/04/2022;4488279785;4,45418E+16;4,34186E+13
11/04/2022;4412529785;4,34599E+14;-1,07471E+12
12/04/2022;4397450195;4,51282E+15;-4,36598E+13
13/04/2022;4446589844;4,46689E+15;8,13715E+12
14/04/2022;4392589844;4,72801E+16;3,8973E+12
18/04/2022;4391689941;4,60027E+15;2,93635E+11
19/04/2022;4462209961;4,53338E+15;3,73673E+13
20/04/2022;4459450195;4,47258E+16;1,4031E+13
21/04/2022;4393660156;4,24449E+16;2,36674E+11
22/04/2022;4271779785;4,38045E+16;-7,07371E+12
25/04/2022;4296120117;4,19435E+15;-3,37188E+12
26/04/2022;4175200195;4,52094E+16;-1,75914E+13
27/04/2022;4183959961;4,34528E+15;-2,14159E+13
28/04/2022;42875;4,52059E+16;-1,0503E+12
29/04/2022;4131930176;4,63526E+16;-1,17493E+13
02/05/2022;4155379883;4,60253E+15;-9,25364E+12
03/05/2022;417547998;4,61064E+15;-3,48333E+12
04/05/2022;4300169922;4,86519E+14;4,50316E+13
05/05/2022;4146870117;4,96485E+16;-1,43446E+13
06/05/2022;4123339844;4,70822E+16;-1,01734E+13
09/05/2022;399123999;4,16093E+14;-1,86821E+13
10/05/2022;4001050049;4,40103E+15;-1,98645E+13
11/05/2022;3935179932;4,5401E+16;-2,51969E+13
12/05/2022;3930080078;4,18991E+15;-3,4297E+13
13/05/2022;4023889893;4,52952E+15;-1,42661E+13
16/05/2022;400801001;5,20182E+15;-1,13516E+13
17/05/2022;4088850098;5,11165E+15;5,21342E+12
18/05/2022;3923679932;4,97529E+15;-3,15756E+13
19/05/2022;3900790039;4,55813E+15;-3,67462E+13
20/05/2022;3901360107;4,84341E+15;-1,40848E+13
23/05/2022;397375;4,69912E+15;-8,27734E+12
24/05/2022;394147998;4,91073E+15;-9,75216E+12
25/05/2022;397872998;4,71711E+14;-1,33835E+12
26/05/2022;4057840088;4,9232E+16;3,83014E+13
27/05/2022;4158240234;5,29466E+15;3,22962E+13
31/05/2022;4132149902;5,28175E+15;3,39667E+13
01/06/2022;410122998;5,22603E+15;2,77295E+13
02/06/2022;4176819824;5,02836E+14;8,84928E+13
03/06/2022;4108540039;5,51115E+15;1,41144E+13
06/06/2022;4121430176;5,24174E+14;8,89379E+12
07/06/2022;4160680176;5,14105E+15;2,72372E+13
08/06/2022;411577002;5,15738E+15;1,72485E+13
09/06/2022;4017820068;5,12627E+15;-1,4243E+13
10/06/2022;3900860107;5,08197E+15;-1,32323E+13
13/06/2022;3749629883;4,46557E+15;-3,32183E+13
14/06/2022;373547998;4,36956E+15;-3,16709E+13
15/06/2022;378998999;4,49546E+15;-1,80013E+13
16/06/2022;366677002;4,75154E+15;-3,84119E+13
17/06/2022;3674840088;4,54624E+16;-1,56834E+13
21/06/2022;3764790039;4,33337E+15;-4,99821E+12
22/06/2022;3759889893;4,61614E+16;-5,59388E+12
23/06/2022;379572998;4,68583E+16;-7,91537E+11
24/06/2022;391173999;4,41838E+16;1,46068E+13
27/06/2022;3900110107;4,88713E+16;6,33723E+12
28/06/2022;3821550049;5,09306E+15;-8,1815E+12
29/06/2022;3818830078;5,1152E+15;-1,25596E+13
30/06/2022;3785379883;5,4168E+15;-1,67251E+13
01/07/2022;3825330078;5,3495E+15;-6,56375E+12
05/07/2022;3831389893;5,16023E+15;1,56357E+12
06/07/2022;3845080078;4,97191E+15;1,40671E+13
07/07/2022;3902620117;4,80004E+16;4,09332E+13
08/07/2022;3899379883;5,03567E+15;2,93831E+13
11/07/2022;3854429932;5,32128E+15;1,16642E+13
12/07/2022;3818800049;4,95168E+16;2,12816E+12
13/07/2022;3801780029;5,01311E+15;-1,10681E+12
14/07/2022;3790379883;5,05843E+15;-5,18253E+12
15/07/2022;3863159912;4,90104E+15;3,19856E+12
18/07/2022;3830850098;4,80945E+15;1,03448E+12
19/07/2022;3936689941;4,81162E+16;1,59284E+13
20/07/2022;3959899902;5,03466E+15;1,87137E+13
21/07/2022;3998949951;4,94381E+16;3,89218E+13
22/07/2022;3961629883;5,09312E+15;1,38115E+13
25/07/2022;3966840088;4,89094E+16;1,35244E+13
26/07/2022;3921050049;4,8795E+16;4,12292E+12
27/07/2022;4023610107;4,97793E+15;2,84996E+13
28/07/2022;4072429932;4,9782E+16;3,86508E+13
29/07/2022;4130290039;4,95726E+14;3,0762E+13
01/08/2022;4118629883;5,08367E+14;3,37951E+13
02/08/2022;4091189941;4,67869E+16;3,20667E+13
03/08/2022;4155169922;4,77041E+15;4,3993E+13
04/08/2022;4151939941;4,78232E+15;4,93205E+13
05/08/2022;4145189941;4,63686E+15;2,84941E+13
08/08/2022;4140060059;4,58112E+15;2,60196E+13
09/08/2022;4122470215;4,72239E+16;2,28792E+13
10/08/2022;4210240234;4,6366E+15;4,5448E+13
11/08/2022;420727002;4,84129E+15;4,17788E+13
12/08/2022;4280149902;4,63625E+15;5,43132E+13
15/08/2022;4297140137;5,01805E+14;5,73243E+13
16/08/2022;4305200195;4,85002E+16;5,95962E+13
17/08/2022;4274040039;4,76648E+16;5,03666E+13
18/08/2022;4283740234;4,77398E+15;4,3689E+13
19/08/2022;422847998;4,94379E+15;1,57993E+13
22/08/2022;4137990234;4,73479E+16;-6,70897E+11
23/08/2022;412872998;4,94983E+16;1,55283E+12
24/08/2022;414077002;4,68925E+14;1,93732E+12
25/08/2022;4199120117;4,81028E+16;1,57705E+13
26/08/2022;4057659912;5,00701E+15;-6,79527E+12
29/08/2022;4030610107;4,99674E+16;-9,56176E+12
30/08/2022;3986159912;4,91987E+15;-1,69494E+13
31/08/2022;39550;4,87476E+16;-2,37177E+13
01/09/2022;3966850098;4,48094E+16;-1,73159E+13
02/09/2022;392426001;4,8567E+16;-1,86936E+13
06/09/2022;3908189941;4,63983E+16;-2,05065E+13
07/09/2022;3979870117;4,60074E+16;-5,27089E+12
08/09/2022;4006179932;4,78798E+15;6,57395E+12
09/09/2022;4067360107;4,69398E+16;8,6622E+12
12/09/2022;4110410156;4,94356E+16;2,17761E+13
13/09/2022;3932689941;5,41211E+15;-1,60722E+13
14/09/2022;394601001;5,19674E+15;-7,1317E+12
15/09/2022;3901350098;5,04068E+15;-1,42084E+13
16/09/2022;3873330078;4,74087E+16;-9,22072E+12
19/09/2022;3899889893;4,42535E+16;-5,12451E+12
20/09/2022;3855929932;4,4041E+15;-7,88668E+12
21/09/2022;3789929932;4,6409E+15;-1,84112E+13
22/09/2022;375798999;4,54413E+16;-2,52209E+13
23/09/2022;369322998;4,03258E+15;-1,88887E+13
26/09/2022;3655040039;4,08454E+15;-1,97195E+13
27/09/2022;3647290039;4,1509E+15;-1,94777E+13
28/09/2022;3719040039;4,38251E+15;-1,17848E+13
29/09/2022;3640469971;4,9224E+16;-2,29604E+13
30/09/2022;3585620117;4,85621E+16;-2,3179E+13
03/10/2022;3678429932;4,3866E+16;-1,90113E+13
04/10/2022;3790929932;4,37946E+16;1,9675E+11
05/10/2022;3783280029;5,02054E+15;-7,00211E+11
06/10/2022;374452002;4,93806E+16;-6,3712E+12
07/10/2022;3639659912;5,11244E+15;-2,04292E+13
10/10/2022;3612389893;4,31245E+16;-2,18884E+13
11/10/2022;3588840088;4,26284E+16;-2,31231E+13
12/10/2022;3577030029;4,29823E+16;-2,31083E+13
13/10/2022;3669909912;4,37273E+16;-8,24432E+12
14/10/2022;3583070068;4,63913E+14;-2,02289E+13
17/10/2022;3677949951;4,08653E+15;-1,04294E+13
18/10/2022;371997998;4,55134E+16;-1,3813E+12
19/10/2022;3695159912;4,74158E+16;-4,95245E+12
20/10/2022;3665780029;4,85549E+15;-7,16136E+12
21/10/2022;375275;4,54509E+16;2,61538E+12
24/10/2022;3797340088;4,77126E+16;8,54702E+12
25/10/2022;3859110107;4,58665E+16;1,85276E+13
26/10/2022;3830600098;4,64217E+16;1,5461E+13
27/10/2022;3807300049;4,53381E+15;1,33767E+13
28/10/2022;3901060059;4,41571E+15;1,66544E+13
31/10/2022;387197998;4,55119E+15;1,34318E+13
01/11/2022;3856100098;4,18207E+15;1,28596E+13
02/11/2022;3759689941;4,56904E+16;-3,20007E+12
03/11/2022;3719889893;4,42476E+15;-6,36899E+12
04/11/2022;3770550049;4,25303E+15;5,86326E+12
07/11/2022;3806800049;4,49861E+13;1,16475E+13
08/11/2022;3828110107;4,3896E+16;1,39517E+13
09/11/2022;3748570068;4,57835E+16;4,81729E+11
10/11/2022;3956370117;4,20308E+16;3,74851E+13
11/11/2022;3992929932;4,53651E+16;3,23048E+13
14/11/2022;395725;4,72319E+16;2,90996E+13
15/11/2022;399172998;4,82391E+16;3,44346E+13
16/11/2022;3958790039;4,82085E+15;2,63349E+13
17/11/2022;3946560059;4,89122E+15;2,29189E+13
18/11/2022;3965340088;4,72603E+16;1,45919E+13
21/11/2022;3949939941;4,66492E+15;1,3006E+13
22/11/2022;4003580078;4,65819E+15;2,35714E+13
23/11/2022;402726001;4,58327E+15;3,4352E+13
25/11/2022;4026120117;4,68926E+14;2,67154E+13
28/11/2022;3963939941;4,66244E+15;1,35541E+13
29/11/2022;3957629883;4,62188E+15;1,25651E+13
30/11/2022;4080110107;4,61297E+16;4,25863E+13
01/12/2022;4076570068;4,58335E+16;3,94699E+13
02/12/2022;4071699951;4,68474E+15;2,96836E+13
05/12/2022;3998840088;4,54776E+16;1,66055E+13
06/12/2022;394126001;4,64994E+15;3,84277E+12
07/12/2022;3933919922;4,50609E+16;2,69913E+12
08/12/2022;396351001;4,52356E+15;1,1166E+13
09/12/2022;3934379883;4,49249E+16;8,22258E+12
12/12/2022;3990560059;4,56994E+16;1,86405E+13
13/12/2022;4019649902;4,45058E+14;2,50129E+13
14/12/2022;3995320068;4,59757E+15;1,49397E+13
15/12/2022;389575;5,01029E+15;-7,82189E+12
16/12/2022;3852360107;5,17453E+15;-5,35153E+12
19/12/2022;3817659912;4,54256E+15;-9,8888E+12
20/12/2022;3821620117;4,42717E+15;-9,77625E+12
21/12/2022;3878439941;4,65673E+16;1,03987E+12
22/12/2022;3822389893;4,41944E+15;-8,45642E+12
23/12/2022;3844820068;4,49819E+16;1,31988E+11
27/12/2022;382925;4,46069E+16;98575869400
28/12/2022;3783219971;4,48998E+16;-9,70157E+12
29/12/2022;3849280029;4,56797E+15;6,38812E+12
30/12/2022;38395;4,61439E+15;2,37405E+12
03/01/2023;3824139893;4,77051E+15;1,1399E+12
04/01/2023;3852969971;4,58886E+15;7,31249E+12
05/01/2023;3808100098;4,88033E+14;5,45494E+11
06/01/2023;3895080078;4,61426E+16;1,41084E+13
09/01/2023;3892090088;4,76953E+15;1,51603E+13
10/01/2023;391925;4,86042E+15;1,82027E+13
11/01/2023;3969610107;4,60794E+14;2,90904E+13
12/01/2023;3983169922;4,75581E+16;3,58814E+13
13/01/2023;3999090088;4,74118E+15;3,21241E+13
17/01/2023;3990969971;4,9335E+16;3,11033E+13
18/01/2023;3928860107;5,03421E+15;1,37392E+13
19/01/2023;3898850098;5,04831E+15;2,46824E+12
20/01/2023;3972610107;5,01411E+15;9,46668E+12
23/01/2023;4019810059;5,13955E+15;1,9258E+13
24/01/2023;4016949951;5,22139E+15;1,88171E+13
25/01/2023;4016219971;5,22991E+15;1,95309E+13
26/01/2023;4060429932;5,22095E+15;3,59171E+13
27/01/2023;4070560059;5,43985E+15;2,3696E+13
30/01/2023;401777002;5,421E+15;1,38317E+13
31/01/2023;4076600098;5,17233E+15;2,51304E+13
01/02/2023;4119209961;5,27188E+15;3,50581E+13
02/02/2023;4179759766;5,00071E+15;3,70716E+13
03/02/2023;413647998;5,27832E+15;2,50806E+13
06/02/2023;4111080078;5,51624E+15;2,07782E+13
07/02/2023;41640;5,27081E+15;3,17851E+13
08/02/2023;4117859863;5,36595E+15;2,26256E+13
09/02/2023;40815;5,30125E+12;1,52868E+13
10/02/2023;4090459961;5,25004E+15;1,732E+13
13/02/2023;4137290039;5,16691E+14;2,63598E+13
14/02/2023;4136129883;5,49884E+15;2,77422E+13
15/02/2023;4147600098;5,29611E+15;3,12253E+13
16/02/2023;4090409912;5,07684E+15;1,36167E+13
17/02/2023;4079090088;5,24248E+15;1,22292E+13
21/02/2023;3997340088;5,16926E+14;74988327600
22/02/2023;3991050049;4,81707E+15;-5,95052E+11
23/02/2023;4012320068;4,86953E+15;3,56864E+12
24/02/2023;3970040039;5,25538E+15;-98623625350
27/02/2023;398223999;4,83623E+15;3,2957E+12
28/02/2023;3970149902;4,75277E+15;3,63842E+11
01/03/2023;3951389893;4,78121E+16;-3,38625E+12
02/03/2023;3981350098;4,59328E+15;4,8349E+12
03/03/2023;4045639893;4,67278E+15;1,01218E+13
06/03/2023;4048419922;4,6648E+16;1,19884E+13
07/03/2023;3986370117;4,96999E+15;-2,32402E+12
08/03/2023;399201001;4,79967E+15;-3,7656E+11
09/03/2023;3918320068;4,6637E+15;-1,41723E+13
10/03/2023;3861590088;4,73246E+16;-1,47679E+13
13/03/2023;385576001;4,41049E+16;-1,21124E+13
14/03/2023;3919290039;4,74234E+16;-5,42914E+11
15/03/2023;3891929932;4,87019E+15;-71925009700
16/03/2023;3960280029;4,54583E+15;1,76142E+13
17/03/2023;3916639893;5,02736E+15;5,00668E+12
20/03/2023;3951570068;4,91014E+16;8,43658E+12
21/03/2023;4002870117;4,93235E+15;1,72715E+13
22/03/2023;3936969971;4,98565E+15;6,2041E+12
23/03/2023;3948719971;5,04943E+15;1,11741E+13
24/03/2023;397098999;5,10262E+15;1,06961E+13
27/03/2023;3977530029;5,20252E+15;1,09931E+13
28/03/2023;397127002;5,14787E+15;9,25348E+12
29/03/2023;4027810059;5,04407E+15;2,38813E+13
30/03/2023;4050830078;4,80296E+15;3,10021E+13
31/03/2023;4109310059;4,9248E+15;3,01362E+13
03/04/2023;4124509766;4,90995E+15;3,67E+13
04/04/2023;4100600098;4,70589E+13;3,13586E+13
05/04/2023;4090379883;4,52154E+16;2,41176E+13
06/04/2023;410502002;4,61052E+15;2,71942E+13
10/04/2023;4109109863;4,77618E+15;2,87659E+13
11/04/2023;4108939941;4,49321E+15;2,91899E+13
12/04/2023;4091949951;4,83438E+15;2,16236E+13
13/04/2023;4146220215;4,61465E+15;4,23236E+13
14/04/2023;4137640137;4,71223E+16;3,2438E+13
17/04/2023;4151319824;4,89708E+15;3,67002E+13
18/04/2023;4154870117;4,7627E+16;3,95505E+13
19/04/2023;415452002;4,90984E+14;3,80172E+13
20/04/2023;4129790039;4,8657E+15;3,24878E+13
21/04/2023;413352002;4,70428E+14;1,80838E+13
24/04/2023;4137040039;4,80196E+16;1,96421E+13
25/04/2023;4071629883;4,68066E+15;8,38042E+12
26/04/2023;405598999;4,71587E+16;5,26924E+12
27/04/2023;4135350098;4,57276E+15;2,72089E+13
28/04/2023;416947998;4,6581E+16;2,50324E+13
01/05/2023;4167870117;4,98236E+16;2,50504E+13
02/05/2023;4119580078;5,00867E+15;1,5444E+13
03/05/2023;409075;4,8718E+16;8,54396E+12
04/05/2023;4061219971;4,88308E+15;1,47495E+12
05/05/2023;413625;4,73095E+15;2,00173E+13
08/05/2023;4138120117;5,02736E+15;2,15082E+13
09/05/2023;4119169922;5,01476E+14;1,65968E+13
10/05/2023;4137640137;4,97476E+15;2,41087E+13
11/05/2023;4130620117;5,03267E+14;2,25277E+13
12/05/2023;4124080078;5,11241E+15;1,63942E+13
15/05/2023;4136279785;4,88142E+16;2,02803E+13
16/05/2023;4109899902;4,95934E+15;1,80169E+13
17/05/2023;415877002;5,02529E+15;3,36753E+13
18/05/2023;4198049805;5,25198E+15;4,51906E+13
19/05/2023;419197998;5,38551E+15;2,4586E+13
22/05/2023;4192629883;4,8928E+16;2,52138E+13
23/05/2023;4145580078;5,05061E+15;1,48506E+13
24/05/2023;4115240234;4,74843E+15;1,00607E+13
25/05/2023;4151279785;4,31134E+15;1,90561E+13
26/05/2023;4205450195;4,61793E+15;2,48294E+13
30/05/2023;420552002;4,90158E+16;2,62342E+13
31/05/2023;4179830078;5,14473E+14;1,97922E+13
01/06/2023;422102002;4,89021E+15;3,59716E+13
02/06/2023;4282370117;4,97241E+16;3,82415E+13
05/06/2023;4273790039;4,9254E+15;3,69465E+13
06/06/2023;4283850098;4,79119E+15;3,90135E+13
07/06/2023;426752002;4,89384E+15;3,20639E+13
08/06/2023;4293930176;4,81753E+15;4,69074E+13
09/06/2023;4298859863;5,20983E+14;4,46088E+13
12/06/2023;4338930176;4,95377E+15;4,88897E+13
13/06/2023;4369009766;4,91859E+15;5,70726E+13
14/06/2023;4372589844;4,88068E+15;5,7268E+13
15/06/2023;4425839844;4,87025E+16;7,21916E+13
16/06/2023;4409589844;4,90221E+15;3,77645E+13
20/06/2023;4388709961;5,29E+15;3,58826E+13
21/06/2023;4365689941;5,17141E+15;2,92588E+13
22/06/2023;4381890137;4,83589E+15;3,87614E+13
23/06/2023;4348330078;4,94093E+15;2,76412E+13
26/06/2023;4328819824;4,99506E+15;2,10129E+13
27/06/2023;4378410156;4,72939E+16;3,6479E+13
28/06/2023;4376859863;4,9159E+16;3,93813E+13
29/06/2023;4396439941;4,76134E+15;4,52521E+13
30/06/2023;4450379883;4,63528E+16;4,99686E+13
03/07/2023;4455589844;5,05613E+15;5,29588E+13
05/07/2023;4446819824;5,22596E+15;5,02017E+13
06/07/2023;4411589844;4,94861E+14;3,64615E+13
07/07/2023;4398950195;4,69274E+16;3,20018E+13
10/07/2023;4409529785;5,02352E+15;3,43073E+13
11/07/2023;4439259766;4,52988E+14;4,6377E+13
12/07/2023;4472160156;4,48044E+16;5,98159E+13
13/07/2023;4510040039;4,60739E+16;7,06654E+13
14/07/2023;4505419922;4,89932E+15;5,26801E+13
17/07/2023;4522790039;5,08713E+14;6,02216E+13
18/07/2023;455497998;4,85274E+16;6,66565E+13
19/07/2023;4565720215;5,0026E+15;7,01454E+13
20/07/2023;4534870117;4,94514E+15;5,62781E+13
21/07/2023;4536339844;5,09953E+15;3,7228E+13
24/07/2023;4554640137;4,58545E+15;4,22123E+13
25/07/2023;4567459961;4,83709E+15;4,52115E+13
26/07/2023;456675;4,7266E+16;4,48226E+13
27/07/2023;4537410156;4,68205E+14;3,74204E+13
28/07/2023;458222998;4,71267E+15;4,63046E+13
31/07/2023;4588959961;4,66742E+15;4,79296E+13
01/08/2023;457672998;4,74664E+16;4,53945E+13
02/08/2023;4513390137;4,77888E+16;2,34103E+13
03/08/2023;4501890137;4,81814E+16;3,22293E+13
04/08/2023;4478029785;4,8251E+16;2,39829E+13
07/08/2023;4518439941;4,59153E+16;3,31756E+13
08/08/2023;4499379883;4,57279E+14;2,69909E+13
09/08/2023;4467709961;4,73733E+15;1,64383E+13
10/08/2023;4468830078;4,73545E+15;1,73129E+13
11/08/2023;4464049805;4,88148E+15;2,47849E+13
14/08/2023;4489720215;4,82248E+16;3,28977E+13
15/08/2023;4437859863;5,13276E+15;1,18436E+13
16/08/2023;4404330078;4,91934E+16;2,82455E+12
17/08/2023;4370359863;4,71091E+15;-8,66868E+12
18/08/2023;4369709961;4,50955E+15;2,4977E+12
21/08/2023;439977002;4,83873E+15;1,05956E+13
22/08/2023;4387549805;4,77669E+15;1,0313E+13
23/08/2023;4436009766;4,65418E+16;2,36202E+13
24/08/2023;4376310059;4,94221E+15;3,15814E+12
25/08/2023;4405709961;4,80345E+15;1,27876E+13
28/08/2023;4433310059;4,812E+15;2,07849E+13
29/08/2023;4497629883;4,50351E+15;4,3334E+13
30/08/2023;4514870117;4,83556E+15;4,93139E+13
31/08/2023;4507660156;4,8434E+16;4,89537E+13
01/09/2023;451577002;4,99055E+16;3,76989E+13
05/09/2023;4496830078;4,68291E+15;3,61342E+13
06/09/2023;446547998;4,85182E+15;2,26879E+13
07/09/2023;4451140137;4,74194E+15;1,94602E+13
08/09/2023;4457490234;4,83469E+16;2,39219E+13
11/09/2023;4487459961;4,57165E+16;3,41154E+13
12/09/2023;4461899902;5,1874E+15;2,5522E+13
13/09/2023;4467439941;5,19864E+15;2,89494E+13
14/09/2023;4505100098;5,08652E+15;4,65805E+13
15/09/2023;4450319824;5,45708E+15;1,55136E+13
18/09/2023;4453529785;5,0151E+15;1,66688E+13
19/09/2023;4443950195;4,86782E+16;1,53274E+13
20/09/2023;4402200195;4,69472E+16;3,05798E+12
21/09/2023;43300;4,57567E+16;-1,33678E+13
22/09/2023;4320060059;4,89442E+16;-1,98494E+12
25/09/2023;4337439941;4,63104E+16;1,91329E+12
26/09/2023;4273529785;4,62609E+15;-8,72376E+12
27/09/2023;4274509766;4,49888E+16;-6,51152E+12
28/09/2023;4299700195;4,50785E+15;5,87822E+12
29/09/2023;4288049805;4,68312E+16;1,12627E+12
02/10/2023;4288390137;4,99403E+15;5,87249E+12
03/10/2023;4229450195;5,04353E+15;-8,35526E+12
04/10/2023;426375;4,79259E+15;4,238E+12
05/10/2023;4258189941;4,79216E+16;5,48378E+12
06/10/2023;43085;4,86708E+15;1,30473E+13
09/10/2023;4335660156;4,72605E+15;1,07175E+13
10/10/2023;4358240234;4,40223E+15;2,75859E+13
11/10/2023;4376950195;4,72149E+16;3,46034E+13
12/10/2023;4349609863;4,64901E+15;3,07373E+13
13/10/2023;4327779785;4,86846E+15;1,23846E+13
16/10/2023;4373629883;4,77225E+16;2,77838E+13
17/10/2023;4373200195;5,06294E+15;2,0841E+13
18/10/2023;4314600098;4,94551E+16;7,35267E+12
19/10/2023;42780;4,80171E+15;-1,1638E+12
20/10/2023;4224160156;4,84737E+16;-1,83334E+12
23/10/2023;4217040039;4,65827E+15;-1,54916E+12
24/10/2023;4247680176;4,6568E+16;5,92401E+12
25/10/2023;418677002;4,72785E+15;-4,16916E+12
26/10/2023;413722998;4,47654E+16;-1,62838E+13
27/10/2023;4117370117;4,67683E+15;-9,43042E+12
30/10/2023;4166819824;4,47904E+15;-6,95076E+11
31/10/2023;4193799805;4,54211E+16;3,75856E+12
01/11/2023;4237859863;4,74114E+15;1,99459E+13
02/11/2023;4317779785;4,67814E+16;4,3093E+13
03/11/2023;4358339844;4,66695E+15;3,33431E+13
06/11/2023;436597998;4,84846E+15;3,79999E+13
07/11/2023;4378379883;4,64031E+15;4,32773E+13
08/11/2023;4382779785;4,93948E+16;4,44368E+13
09/11/2023;4347350098;4,95441E+16;3,31284E+13
10/11/2023;4415240234;4,78614E+16;4,13928E+13
13/11/2023;4411549805;4,83706E+15;4,46111E+13
14/11/2023;4495700195;4,82346E+15;6,67533E+13
15/11/2023;4502879883;4,966E+16;6,69175E+13
16/11/2023;4508240234;4,75209E+15;6,37807E+13
17/11/2023;451402002;4,66346E+16;4,51181E+13
20/11/2023;4547379883;4,96678E+16;5,58128E+13
21/11/2023;4538189941;4,86098E+15;5,50903E+13
22/11/2023;4556620117;4,93234E+16;6,31518E+13
24/11/2023;4559339844;4,68837E+16;4,57534E+13
27/11/2023;4550430176;4,69841E+16;4,99851E+13
28/11/2023;4554890137;4,64844E+16;5,39987E+13
29/11/2023;4550580078;4,79999E+15;4,92421E+13
30/11/2023;4567799805;4,80282E+15;4,43453E+13
01/12/2023;4594629883;4,55256E+16;4,92465E+13
04/12/2023;4569779785;4,81103E+16;4,26162E+13
05/12/2023;4567180176;4,81099E+15;4,93032E+13
06/12/2023;4549339844;4,97798E+14;4,08418E+13
07/12/2023;4585589844;4,82118E+16;6,08469E+13
08/12/2023;4604370117;5,03721E+15;5,69058E+13
11/12/2023;4622439941;5,06667E+15;5,78906E+13
12/12/2023;4643700195;4,85586E+16;6,86963E+13
13/12/2023;4707089844;4,67662E+15;8,54937E+13
14/12/2023;4719549805;4,42841E+16;7,89186E+13
15/12/2023;4719189941;4,97398E+15;5,80652E+13
18/12/2023;4740560059;4,60731E+15;6,69677E+13
19/12/2023;4768370117;4,80335E+15;7,59704E+13
20/12/2023;4698350098;4,70613E+16;3,71249E+13
21/12/2023;474675;4,90168E+15;5,33735E+13
22/12/2023;4754629883;4,91753E+16;5,68767E+13
26/12/2023;477475;4,78674E+15;6,31014E+13
27/12/2023;4781580078;4,9614E+16;6,80901E+13
28/12/2023;4783350098;4,77003E+15;6,87471E+13
29/12/2023;4769830078;4,80969E+16;5,16652E+13
02/01/2024;4742830078;4,71482E+15;4,38871E+13
03/01/2024;4704810059;4,67314E+15;3,55502E+13
04/01/2024;4688680176;4,59307E+16;2,17427E+13
05/01/2024;4697240234;4,84793E+15;3,80916E+13
08/01/2024;4763540039;4,78413E+16;5,97778E+13
09/01/2024;47565;4,98849E+16;5,85213E+13
10/01/2024;4783450195;5,06315E+15;6,96503E+13
11/01/2024;4780240234;5,01501E+15;3,90509E+13
12/01/2024;4783830078;4,98369E+15;5,88297E+13
16/01/2024;476597998;4,77997E+16;5,09241E+13
17/01/2024;4739209961;4,72817E+14;4,38919E+13
18/01/2024;4780939941;4,81646E+16;6,33226E+13
19/01/2024;4839810059;4,78296E+15;4,20474E+13
22/01/2024;4850430176;4,69111E+15;4,53741E+13
23/01/2024;4864600098;4,62472E+15;5,02443E+13
24/01/2024;4868549805;4,51427E+15;5,4921E+13
25/01/2024;4894160156;4,6003E+16;5,54807E+13
26/01/2024;4890970215;4,69593E+15;4,21636E+13
29/01/2024;4927930176;4,61514E+15;5,14065E+13
30/01/2024;4924970215;4,65537E+15;5,02211E+13
31/01/2024;4845649902;4,57498E+15;3,11917E+13
01/02/2024;4906189941;4,9091E+15;5,07758E+13
02/02/2024;4958609863;4,641E+15;4,54696E+13
05/02/2024;4942810059;4,65562E+15;4,85618E+13
06/02/2024;495422998;4,46629E+15;4,65837E+13
07/02/2024;4995060059;4,68879E+15;6,44633E+13
08/02/2024;4997910156;4,52739E+15;5,46201E+13
09/02/2024;5026609863;4,75703E+16;5,32816E+13
12/02/2024;5021839844;4,67037E+15;5,23833E+13
13/02/2024;4953169922;4,93937E+16;3,10901E+13
14/02/2024;5000620117;4,7808E+15;4,89149E+13
15/02/2024;502972998;4,48106E+15;6,17575E+13
16/02/2024;5005569824;4,593E+16;3,61109E+13
20/02/2024;4975509766;4,43368E+15;3,06987E+13
21/02/2024;4981799805;4,4988E+15;2,46181E+13
22/02/2024;5087029785;4,41398E+16;6,83023E+13
23/02/2024;5088799805;4,63328E+14;3,85963E+13
26/02/2024;5069529785;4,45974E+15;4,51375E+13
27/02/2024;5078180176;4,5991E+15;4,90813E+13
28/02/2024;5069759766;4,47764E+16;4,66927E+13
29/02/2024;509627002;4,45261E+14;6,25585E+13
01/03/2024;5137080078;4,53191E+15;5,33212E+13
04/03/2024;5130950195;4,60339E+15;4,90543E+13
05/03/2024;5078649902;4,5449E+14;3,55696E+13
06/03/2024;5104759766;4,46695E+15;4,23991E+13
07/03/2024;5157359863;4,43545E+16;5,71851E+13
08/03/2024;5123689941;4,1814E+15;4,10473E+13
11/03/2024;5117939941;4,0997E+16;4,71376E+13
12/03/2024;517527002;4,74931E+15;5,93828E+13
13/03/2024;5165310059;4,69175E+15;5,6243E+13
14/03/2024;515047998;4,68449E+15;5,28231E+13
15/03/2024;5117089844;4,46685E+15;3,34217E+13
18/03/2024;5149419922;4,25227E+15;3,93792E+13
19/03/2024;5178509766;4,57136E+15;4,65054E+13
20/03/2024;5224620117;4,52646E+16;7,2639E+13
21/03/2024;5241529785;4,34008E+15;7,67467E+13
22/03/2024;5234180176;4,38149E+15;4,65066E+13
25/03/2024;5218189941;4,46023E+15;5,51371E+13
26/03/2024;5203580078;4,56226E+16;5,0527E+13
27/03/2024;5248490234;4,49163E+16;5,84887E+13
28/03/2024;5254350098;4,27491E+14;5,83213E+13
01/04/2024;524377002;4,44614E+16;5,46591E+13
02/04/2024;5205810059;4,56158E+16;4,27834E+13
03/04/2024;5211490234;4,27715E+15;4,87345E+13
04/04/2024;5147209961;4,39354E+15;1,84941E+13
05/04/2024;5204339844;4,51382E+16;3,50491E+13
08/04/2024;5202390137;4,53072E+16;3,39834E+13
09/04/2024;5209910156;4,39268E+16;3,63087E+13
10/04/2024;5160640137;4,79335E+16;2,92091E+13
11/04/2024;5199060059;4,50664E+15;5,83098E+13
12/04/2024;5123410156;4,71468E+15;2,55352E+13
15/04/2024;5061819824;4,24586E+15;9,3917E+12
16/04/2024;5051410156;4,30801E+16;8,71219E+12
17/04/2024;5022209961;4,46669E+16;1,22145E+11
18/04/2024;5011120117;4,17805E+15;-3,75383E+11
19/04/2024;496722998;4,08815E+15;6,6575E+12
22/04/2024;5010600098;4,16301E+15;1,32666E+13
23/04/2024;5070549805;4,52811E+15;2,75077E+13
24/04/2024;5071629883;4,96064E+16;2,63051E+13
25/04/2024;5048419922;4,66612E+16;2,8307E+13
26/04/2024;5099959961;4,72429E+15;3,13989E+13
29/04/2024;5116169922;4,84013E+16;3,67412E+13
30/04/2024;5035689941;4,95155E+15;2,09017E+13
01/05/2024;5018390137;4,68262E+14;1,37615E+13
02/05/2024;5064200195;4,72823E+16;3,06666E+13
03/05/2024;5127790039;4,51935E+16;4,04456E+13
06/05/2024;5180740234;4,735E+15;5,43194E+13
07/05/2024;5187700195;4,6019E+15;5,52562E+13
08/05/2024;5187669922;4,54922E+16;5,56656E+13
09/05/2024;5214080078;4,59874E+16;6,34621E+13
10/05/2024;5222680176;4,59003E+15;5,43204E+13
13/05/2024;5221419922;4,49816E+16;5,59406E+13
14/05/2024;5246680176;4,54321E+15;6,25596E+13
15/05/2024;5308149902;4,6519E+16;7,95567E+13
16/05/2024;5297100098;4,72575E+14;7,24506E+13
17/05/2024;530327002;4,89488E+15;4,85302E+13
20/05/2024;5308129883;4,66976E+15;4,96362E+13
21/05/2024;5321410156;4,67108E+16;5,5105E+13
22/05/2024;5307009766;4,75649E+16;4,91709E+13
23/05/2024;5267839844;4,45064E+15;3,63022E+13
24/05/2024;5304720215;4,50635E+16;4,47739E+13
28/05/2024;5306040039;4,2898E+16;4,39546E+13
29/05/2024;5266950195;4,33276E+16;3,42668E+13
30/05/2024;523547998;4,31487E+16;2,53435E+13
31/05/2024;5277509766;4,5092E+15;3,65268E+13
03/06/2024;5283399902;4,61096E+13;4,21203E+13
04/06/2024;5291339844;4,5838E+16;4,65214E+13
05/06/2024;5354029785;4,4369E+15;6,32471E+13
06/06/2024;5352959961;4,59468E+16;6,63345E+13
07/06/2024;5346990234;4,55679E+15;4,93626E+13
10/06/2024;5360790039;4,67219E+15;5,08845E+13
11/06/2024;5375319824;4,56912E+15;6,46048E+13
12/06/2024;5421029785;4,58343E+15;7,59247E+13
13/06/2024;5433740234;4,59001E+16;7,26342E+13
14/06/2024;5431600098;4,69035E+15;5,95364E+13
17/06/2024;547322998;4,72863E+16;6,95161E+13
18/06/2024;5487029785;4,65745E+16;6,89072E+13
20/06/2024;5473169922;4,47614E+15;6,88393E+13
21/06/2024;5464620117;4,51804E+14;4,79067E+13
24/06/2024;5447870117;4,47635E+15;4,99546E+13
25/06/2024;5469299805;4,70015E+15;5,59961E+13
26/06/2024;5477899902;4,75174E+16;6,27849E+13
27/06/2024;5482870117;4,60893E+15;6,61336E+13
28/06/2024;546047998;4,70093E+15;5,09477E+13
01/07/2024;5475089844;4,64531E+16;5,73819E+13
02/07/2024;5509009766;4,89532E+15;6,9326E+13
03/07/2024;553702002;4,84247E+16;8,20397E+13
05/07/2024;5567189941;4,81142E+14;6,66832E+13
08/07/2024;5572850098;4,88269E+15;6,26626E+13
09/07/2024;557697998;5,02972E+15;7,21266E+13
10/07/2024;5633910156;5,04827E+15;8,52529E+13
11/07/2024;5584540039;5,1147E+15;5,98274E+13
12/07/2024;5615350098;4,82546E+16;6,76848E+13
15/07/2024;5631220215;5,03033E+15;6,78711E+13
16/07/2024;5667200195;4,81973E+16;7,6191E+13
17/07/2024;558827002;4,64618E+16;5,65686E+13
18/07/2024;5544589844;4,75067E+15;4,4882E+13
19/07/2024;55050;5,17329E+14;3,68152E+13
22/07/2024;5564410156;4,64268E+15;4,5208E+13
23/07/2024;5555740234;4,91145E+16;4,49948E+13
24/07/2024;5427129883;4,78499E+15;1,78993E+13
25/07/2024;5399220215;4,2789E+15;1,87521E+13
26/07/2024;5459100098;4,5986E+16;3,40284E+13
29/07/2024;5463540039;4,84486E+13;3,47515E+13
30/07/2024;5436439941;4,49814E+16;3,35666E+13
31/07/2024;5522299805;4,64807E+15;4,86417E+13
01/08/2024;5446680176;4,85122E+16;2,9919E+13
02/08/2024;5346560059;4,82404E+15;2,10849E+13
05/08/2024;5186330078;4,45702E+15;4,77085E+12
06/08/2024;5240029785;4,66295E+16;1,13924E+13
07/08/2024;51995;4,76325E+16;5,92022E+12
08/08/2024;5319310059;4,57532E+16;2,93706E+13
09/08/2024;5344160156;4,92144E+15;3,00615E+13
12/08/2024;5344390137;4,8742E+15;2,99571E+13
13/08/2024;5434430176;4,73617E+15;4,83811E+13
14/08/2024;5455209961;4,79642E+14;5,39319E+13
15/08/2024;5543220215;4,70606E+16;7,88792E+13
16/08/2024;555425;5,0462E+15;5,12396E+13
19/08/2024;560825;5,31405E+15;6,23361E+13
20/08/2024;5597120117;5,26105E+15;6,20836E+13
21/08/2024;5620850098;5,01559E+15;6,92148E+13
22/08/2024;5570640137;5,26939E+15;5,1532E+13
23/08/2024;5634609863;5,00382E+15;5,95959E+13
26/08/2024;5616839844;5,31137E+15;5,77901E+13
27/08/2024;5625799805;5,18444E+15;5,84534E+13
28/08/2024;5592180176;5,11033E+15;4,93944E+13
29/08/2024;5591959961;5,13963E+15;5,52304E+13
30/08/2024;5648399902;4,90353E+16;6,08656E+13
03/09/2024;5528930176;5,08833E+14;3,74002E+13
04/09/2024;5520069824;5,10252E+15;3,5952E+13
05/09/2024;5503410156;5,34752E+15;3,52068E+13
06/09/2024;540842;5,16022E+15;2,31597E+13
09/09/2024;547105;4,70037E+15;3,28053E+13
10/09/2024;549552;5,04247E+15;3,84966E+13
11/09/2024;555413;5,26059E+15;5,33659E+13
12/09/2024;559576;5,14694E+15;6,94008E+13
13/09/2024;562602;5,01451E+15;5,90929E+13
16/09/2024;563309;4,45293E+16;5,96131E+13
17/09/2024;563458;4,59692E+16;6,15512E+13
18/09/2024;561826;5,00387E+15;5,80517E+13
19/09/2024;571364;4,69594E+15;8,22147E+13
20/09/2024;570255;5,26982E+15;5,3033E+13
23/09/2024;571857;4,7793E+15;5,7869E+13
24/09/2024;573293;4,60431E+16;6,32827E+13
25/09/2024;572226;4,75355E+16;6,3947E+13
26/09/2024;574537;4,58989E+16;6,95965E+13
27/09/2024;573817;4,58957E+14;5,56704E+13
30/09/2024;576248;4,49862E+16;6,35262E+13
01/10/2024;570875;4,55956E+16;4,89653E+13
02/10/2024;570954;4,53794E+15;4,42868E+13
03/10/2024;569994;4,73593E+16;4,81694E+13
04/10/2024;575107;4,60311E+15;5,74353E+13
07/10/2024;569594;4,7103E+16;3,84657E+13
08/10/2024;575113;4,61257E+15;5,9638E+13
09/10/2024;579204;4,80292E+15;7,04795E+13
10/10/2024;578005;5,05545E+14;6,5929E+13
11/10/2024;581503;4,80798E+16;6,40161E+13
14/10/2024;585985;4,41735E+16;7,41016E+13
15/10/2024;581526;4,53073E+16;6,59141E+13
16/10/2024;584247;4,41909E+15;7,09629E+13
17/10/2024;584147;4,50008E+15;7,12174E+13
18/10/2024;586467;4,53636E+15;5,43612E+13
21/10/2024;585398;4,56139E+15;5,39815E+13
22/10/2024;58512;4,56477E+15;5,85153E+13
23/10/2024;579742;4,74502E+15;4,08298E+13
24/10/2024;580986;4,71842E+15;4,88078E+13
25/10/2024;580812;5,03502E+15;4,74953E+13
28/10/2024;582352;4,60322E+15;4,91588E+13
29/10/2024;583292;4,46697E+15;5,02419E+13
30/10/2024;581367;4,40977E+16;4,4236E+13
31/10/2024;570545;4,25729E+15;1,9178E+13
01/11/2024;57288;4,32103E+16;3,67543E+13
04/11/2024;571269;4,43022E+16;3,34129E+13
05/11/2024;578276;4,44373E+15;4,61433E+13
06/11/2024;592904;4,23363E+16;7,75853E+13
07/11/2024;59731;4,7543E+16;9,6621E+13
08/11/2024;599554;4,9603E+16;7,38228E+13
11/11/2024;600135;4,57083E+15;7,37827E+13
12/11/2024;598399;4,56387E+14;7,24697E+13
13/11/2024;598538;4,73452E+15;7,18088E+13
14/11/2024;594917;4,6921E+16;6,44792E+13
15/11/2024;587062;4,71763E+16;3,97468E+13
18/11/2024;589362;4,32843E+16;4,68164E+13
19/11/2024;591698;4,42535E+15;5,35981E+13
20/11/2024;591711;4,78519E+15;5,41755E+13
21/11/2024;594871;4,51502E+15;6,33048E+13
22/11/2024;596934;4,80393E+16;6,02738E+13
25/11/2024;598737;4,55697E+15;6,62522E+13
26/11/2024;602163;4,28843E+16;7,74431E+13
27/11/2024;599874;4,51347E+15;6,85521E+13
29/11/2024;603238;3,82418E+16;6,82604E+13
02/12/2024;604715;4,31412E+15;7,70605E+13
03/12/2024;604988;4,57278E+15;8,14692E+13
04/12/2024;608649;4,71998E+13;9,54562E+13
05/12/2024;607511;4,34202E+16;9,14053E+13
06/12/2024;609027;4,48203E+16;7,63107E+13
09/12/2024;605285;4,57767E+15;6,9543E+13
10/12/2024;603491;4,49321E+16;6,80718E+13
11/12/2024;608419;4,75864E+15;8,03482E+13
12/12/2024;605125;4,97803E+16;7,07615E+13
13/12/2024;605109;4,8428E+16;6,05042E+13
16/12/2024;607408;4,77366E+16;5,97985E+13
17/12/2024;605061;4,63922E+15;6,1606E+13
18/12/2024;587216;4,89955E+15;2,15878E+13
19/12/2024;586708;4,99864E+15;2,45055E+13
20/12/2024;593085;4,57767E+14;3,72345E+13
23/12/2024;597407;4,52727E+15;4,69805E+13
24/12/2024;604004;4,75414E+16;7,09521E+13
26/12/2024;603759;5,00973E+15;6,78542E+13
27/12/2024;597084;4,91752E+16;4,19965E+13
30/12/2024;590694;4,30667E+16;2,99752E+13
31/12/2024;588163;4,55669E+15;2,44121E+13
02/01/2025;586855;4,46568E+16;2,37189E+13
03/01/2025;594247;4,33337E+16;4,09605E+13
06/01/2025;597538;4,70813E+16;5,05213E+13
07/01/2025;590903;4,82106E+15;3,46928E+13
08/01/2025;591825;4,67301E+15;3,2473E+13
10/01/2025;582704;4,92211E+16;2,20854E+13
13/01/2025;583622;4,43124E+15;2,39771E+13
14/01/2025;584291;4,74041E+15;2,5795E+13
15/01/2025;594991;4,21484E+15;5,7169E+13
16/01/2025;593734;4,73564E+16;4,77537E+13
17/01/2025;599666;4,47937E+15;4,1667E+13
21/01/2025;604924;4,51751E+14;4,96665E+13
22/01/2025;608637;4,77653E+15;6,36676E+13
23/01/2025;611871;4,95792E+15;7,07375E+13
24/01/2025;610124;4,80322E+15;4,93148E+13
27/01/2025;601228;4,27369E+16;4,32757E+13
28/01/2025;60677;4,47261E+15;5,41625E+13
29/01/2025;603931;4,72362E+14;5,05556E+13
30/01/2025;607117;4,93475E+16;6,00792E+13
31/01/2025;604053;5,04408E+15;4,42841E+13
03/02/2025;599457;4,43779E+15;3,58332E+13
04/02/2025;603788;4,60775E+16;4,72539E+13
05/02/2025;606148;4,85271E+15;5,25806E+13
06/02/2025;608357;4,62342E+16;6,29879E+13
07/02/2025;602599;5,1188E+15;4,1044E+13
10/02/2025;606644;4,42826E+15;5,09609E+13
11/02/2025;60685;4,39479E+16;5,22259E+13
12/02/2025;605197;4,63885E+15;5,18963E+13
13/02/2025;611507;4,58604E+15;7,59682E+13
14/02/2025;611463;4,71873E+16;5,97971E+13
18/02/2025;612958;4,54258E+15;5,92064E+13
19/02/2025;614415;4,78141E+16;6,59282E+13
20/02/2025;611752;4,57317E+15;5,56148E+13
21/02/2025;601313;4,62009E+15;2,95475E+13
24/02/2025;598325;4,29474E+15;2,36571E+13
25/02/2025;595525;3,87954E+16;2,16654E+13
26/02/2025;595606;4,74437E+16;2,27117E+13
27/02/2025;586157;4,7699E+16;6,27294E+12
28/02/2025;59545;4,59214E+15;2,77033E+13
03/03/2025;584972;4,5503E+16;1,52224E+13
04/03/2025;577815;4,06018E+16;5,57568E+12
05/03/2025;584263;4,6984E+15;1,87581E+13
06/03/2025;573852;4,67373E+15;4,66724E+12
07/03/2025;57702;4,31068E+14;1,21137E+13
10/03/2025;561456;4,04999E+16;-1,25127E+12
11/03/2025;557207;4,29715E+15;-5,50475E+12
12/03/2025;55993;4,85205E+15;4,26297E+11
13/03/2025;552152;4,85629E+16;-1,08972E+13
14/03/2025;563894;4,90434E+15;6,23E+12
17/03/2025;567512;4,81699E+14;1,29549E+13
18/03/2025;561466;4,89584E+16;3,14071E+12
19/03/2025;567529;4,78872E+16;1,59293E+13
20/03/2025;566289;4,98604E+15;1,39439E+13
21/03/2025;566756;5,01463E+15;1,52838E+13
24/03/2025;576757;4,74226E+15;3,3597E+13
25/03/2025;577665;4,89923E+16;3,54347E+13
26/03/2025;57122;4,73228E+15;2,08483E+13
27/03/2025;569331;4,7697E+15;2,05782E+13
28/03/2025;558094;4,80264E+15;4,00421E+12
31/03/2025;561185;4,4536E+15;7,99953E+12
01/04/2025;563307;4,93397E+15;1,50444E+13
02/04/2025;567097;5,21978E+15;2,13459E+13
03/04/2025;539652;5,10583E+15;-1,004E+13
04/04/2025;507408;4,26714E+16;-1,94404E+13
07/04/2025;506225;4,1912E+16;-1,90554E+13
08/04/2025;498277;4,97709E+15;-1,85254E+13
09/04/2025;54569;4,571E+14;1,64319E+13
10/04/2025;526805;4,86703E+15;3,29664E+11
11/04/2025;536336;4,76673E+15;3,73448E+12
14/04/2025;540597;4,84153E+15;8,0832E+12
15/04/2025;539663;4,72495E+15;7,82827E+12
16/04/2025;52757;4,83831E+16;-7,70242E+12
17/04/2025;52827;4,59975E+15;4,74598E+11
21/04/2025;51582;4,62353E+15;-6,56792E+12
22/04/2025;528776;4,57264E+15;6,15614E+12
23/04/2025;537586;4,92193E+15;1,76263E+13
24/04/2025;548477;5,04526E+15;3,43023E+13
25/04/2025;552521;5,3563E+15;2,38784E+13
28/04/2025;552875;5,1955E+15;2,59099E+13
29/04/2025;556083;5,09627E+15;3,2415E+13
30/04/2025;556906;5,20959E+15;3,44525E+13
01/05/2025;560414;5,30761E+15;4,18692E+13
02/05/2025;568667;5,07981E+15;4,03481E+13
05/05/2025;565038;5,23746E+15;3,72299E+13
06/05/2025;560691;5,18722E+15;3,05905E+13
07/05/2025;563128;5,05578E+15;3,82218E+13
08/05/2025;566394;4,92735E+15;4,77838E+13
09/05/2025;565991;4,87025E+16;3,79311E+13
12/05/2025;584419;4,36576E+15;6,76186E+13
13/05/2025;588655;4,56048E+15;7,49988E+13
14/05/2025;589258;4,99448E+16;7,53305E+13
15/05/2025;591693;4,99154E+16;7,09601E+13
16/05/2025;595838;5,20906E+15;6,20221E+13
19/05/2025;59636;5,08993E+15;6,54511E+13
20/05/2025;594046;5,23668E+14;6,35899E+13
21/05/2025;584461;5,26681E+15;4,48811E+13
22/05/2025;584201;5,07984E+15;4,58523E+13
23/05/2025;580282;5,2887E+15;3,45468E+13
27/05/2025;592154;4,74455E+16;6,00631E+13
28/05/2025;588855;5,0775E+15;5,38469E+13
29/05/2025;591217;5,21469E+15;5,58482E+13
30/05/2025;591169;5,35429E+15;5,25553E+13
02/06/2025;593594;5,20852E+15;5,79448E+13
03/06/2025;597037;4,86814E+16;6,86383E+13
04/06/2025;597081;5,1836E+15;6,99291E+13
05/06/2025;59393;4,83211E+15;6,19753E+13
06/06/2025;600036;4,82435E+16;6,77075E+13
09/06/2025;600588;4,96178E+15;6,95025E+13
10/06/2025;603881;4,77035E+15;7,79545E+13
11/06/2025;602224;5,21497E+14;7,52697E+13
12/06/2025;604526;5,12892E+14;8,07893E+13
13/06/2025;597697;5,31943E+15;5,36872E+13
16/06/2025;603311;4,87478E+15;6,99402E+13
17/06/2025;598272;5,11968E+15;5,70971E+13
18/06/2025;598087;4,94117E+16;5,90518E+13
20/06/2025;596784;4,98636E+15;3,85697E+13
23/06/2025;602517;4,7456E+15;5,33934E+13
24/06/2025;609218;4,57323E+16;6,36969E+13
25/06/2025;609216;4,46862E+16;7,14862E+13
26/06/2025;614102;4,47417E+16;8,07246E+13
27/06/2025;617307;4,92337E+15;7,35474E+13
30/06/2025;620495;4,58538E+16;8,18996E+13
01/07/2025;619801;4,47792E+16;7,37721E+13
02/07/2025;622742;4,70947E+15;8,41033E+13
03/07/2025;627935;4,47626E+15;8,112E+13
07/07/2025;622998;4,93374E+15;7,11934E+13
08/07/2025;622552;4,62956E+15;7,22199E+13
09/07/2025;626326;4,73245E+15;8,91493E+13
10/07/2025;628046;4,76537E+16;9,18051E+13
11/07/2025;625975;5,00938E+15;7,42428E+13
14/07/2025;626856;4,85641E+15;7,73806E+13
15/07/2025;624376;5,05412E+15;7,18115E+13
16/07/2025;62637;4,91125E+16;7,48926E+13
17/07/2025;629736;5,05661E+12;8,975E+13
18/07/2025;629679;4,88996E+16;5,94432E+13
21/07/2025;63056;5,2868E+15;6,51849E+13
22/07/2025;630962;4,91155E+15;5,93475E+13
23/07/2025;635891;4,91361E+15;7,67672E+13
24/07/2025;636335;4,88572E+15;8,23286E+13
25/07/2025;638864;4,76936E+16;6,66227E+13
28/07/2025;638977;4,64367E+14;6,92894E+13
29/07/2025;637086;4,67755E+15;6,37162E+13
30/07/2025;63629;4,96702E+15;6,0972E+13
31/07/2025;633939;4,86409E+15;5,60247E+13
01/08/2025;623801;4,77876E+15;4,20696E+13
04/08/2025;632994;4,93341E+14;5,50921E+13
05/08/2025;629919;5,10403E+15;4,95699E+13
06/08/2025;634506;4,9815E+15;6,88506E+13
07/08/2025;63400;4,90989E+15;7,26868E+13
08/08/2025;638945;4,79907E+16;7,10487E+13
11/08/2025;637345;4,97953E+15;7,07327E+13
12/08/2025;644576;4,8839E+16;9,22268E+13
13/08/2025;646658;4,97528E+14;9,55401E+13
14/08/2025;646854;5,07067E+15;9,97266E+13
15/08/2025;64498;4,93845E+16;6,55924E+13
18/08/2025;644915;4,79179E+16;7,05953E+13
19/08/2025;641137;4,68477E+16;5,60987E+13
20/08/2025;639578;4,33184E+16;5,19801E+13
21/08/2025;637017;4,81648E+15;4,6717E+13
22/08/2025;646691;4,61065E+15;7,01223E+13
25/08/2025;643932;4,71125E+16;6,83727E+13
26/08/2025;646594;4,83415E+16;7,51824E+13
27/08/2025;64814;4,77958E+16;8,07005E+13
28/08/2025;650186;4,86558E+15;9,26897E+13
29/08/2025;646026;4,66972E+16;6,58762E+13
02/09/2025;641554;4,48187E+16;5,69561E+13
03/09/2025;644826;5,02876E+15;6,64907E+13
04/09/2025;650208;4,9795E+16;8,73626E+13
05/09/2025;64815;5,0025E+15;6,65744E+13
08/09/2025;649515;4,87143E+15;7,11237E+13
09/09/2025;651261;5,03041E+15;8,01449E+13
10/09/2025;653204;4,69649E+16;7,67413E+13
11/09/2025;658747;4,77719E+15;9,45577E+13
12/09/2025;658429;5,10408E+15;7,7057E+13
15/09/2025;661528;4,76908E+16;8,60707E+13
16/09/2025;660676;4,53939E+15;8,29477E+13
17/09/2025;660035;4,55741E+15;8,63073E+13
18/09/2025;663196;4,87937E+15;9,22914E+13
19/09/2025;666436;4,62021E+15;7,22101E+13
22/09/2025;669375;4,60601E+16;7,8041E+13
23/09/2025;665692;4,51349E+15;6,94522E+13
24/09/2025;663797;4,38699E+16;6,72972E+13
25/09/2025;660472;4,52691E+14;5,74567E+13
26/09/2025;66437;4,47503E+15;6,507E+13
29/09/2025;666121;4,12042E+15;7,38781E+13
30/09/2025;668846;4,05723E+15;7,8696E+13
01/10/2025;67112;4,32593E+15;8,33146E+13
02/10/2025;671535;4,53306E+15;8,8131E+13
03/10/2025;671579;4,2854E+16;7,14564E+13
06/10/2025;674028;4,2347E+15;8,07666E+13
07/10/2025;671459;4,23398E+16;7,66663E+13
08/10/2025;675372;4,56869E+13;8,94368E+13
09/10/2025;673511;4,7799E+16;9,28133E+13
10/10/2025;655251;4,6696E+16;4,32624E+13
13/10/2025;665472;4,45885E+14;6,1156E+13
14/10/2025;664431;4,59837E+15;5,90184E+13
15/10/2025;667106;4,56924E+16;6,76138E+13
16/10/2025;662907;4,68706E+15;5,26952E+13
17/10/2025;666401;4,56375E+15;5,48492E+13
20/10/2025;673513;4,49145E+16;7,16191E+13
21/10/2025;673535;4,42377E+15;7,52078E+13
22/10/2025;66994;4,41023E+16;6,29306E+13
23/10/2025;673844;4,73222E+16;7,8203E+13
24/10/2025;679169;4,5854E+15;7,12084E+13
27/10/2025;687516;4,54382E+16;8,81141E+13
28/10/2025;689089;4,64245E+15;9,31979E+13
29/10/2025;689059;4,8266E+15;8,57679E+13
30/10/2025;682234;4,35344E+14;6,67792E+13
31/10/2025;68402;4,25179E+16;6,62439E+13
03/11/2025;685197;4,28825E+15;6,78136E+13
04/11/2025;677155;4,35087E+15;5,19368E+13
05/11/2025;679629;4,31485E+15;5,84166E+13
06/11/2025;672032;4,44507E+16;3,90945E+13
07/11/2025;67288;4,15739E+15;5,12725E+13
10/11/2025;683243;4,60202E+15;7,39363E+13
11/11/2025;684661;4,57797E+16;7,92143E+13
12/11/2025;685092;4,41258E+15;8,04827E+13
13/11/2025;673749;4,46793E+16;5,33587E+13
14/11/2025;673411;4,57289E+15;5,31487E+13
17/11/2025;667241;4,41878E+16;4,04396E+13
18/11/2025;661732;4,05779E+16;3,08943E+13
19/11/2025;664216;4,27577E+15;3,21165E+13
20/11/2025;653876;4,6169E+15;1,34063E+13
21/11/2025;660299;4,35413E+16;2,98804E+13
24/11/2025;670512;4,62519E+15;4,69035E+13
25/11/2025;676588;4,74907E+15;6,49242E+13
26/11/2025;681261;4,90453E+16;8,42149E+13
28/11/2025;684909;4,4934E+15;6,93814E+13
01/12/2025;681263;4,90804E+15;6,64295E+13
02/12/2025;682937;4,8678E+15;7,45854E+13
03/12/2025;684972;5,02017E+15;7,97576E+13
04/12/2025;685712;4,4809E+16;8,60145E+13
05/12/2025;68704;4,573E+16;7,17696E+13
08/12/2025;684651;4,64774E+15;6,8135E+13
09/12/2025;684051;4,67253E+15;6,76223E+13
10/12/2025;688668;4,5304E+15;7,52316E+13
11/12/2025;69010;4,67354E+15;7,92613E+13
12/12/2025;682741;4,66625E+15;6,50997E+13
15/12/2025;681651;4,4175E+16;6,17064E+13
16/12/2025;680026;4,49977E+15;6,49445E+13
17/12/2025;672143;4,62917E+16;4,50216E+13
18/12/2025;677476;4,49055E+15;6,6894E+13
19/12/2025;68345;4,71584E+15;5,87513E+13
22/12/2025;687849;4,4344E+15;7,17223E+13
23/12/2025;690979;4,43257E+16;8,28233E+13
24/12/2025;693205;4,55544E+16;9,28615E+13
26/12/2025;692994;4,67986E+16;6,82153E+13
29/12/2025;690574;4,24638E+15;6,18219E+13
30/12/2025;689624;4,21088E+16;6,33037E+13
31/12/2025;68455;4,38656E+15;4,53263E+13
02/01/2026;685847;4,66758E+16;4,74711E+13
05/01/2026;690205;4,90167E+16;5,98782E+13
06/01/2026;694482;4,65384E+16;6,53498E+13
07/01/2026;692093;4,79763E+15;6,28088E+13
08/01/2026;692146;4,55356E+15;6,28692E+13
09/01/2026;696628;4,67451E+14;6,5627E+13
12/01/2026;697727;4,76214E+16;6,7438E+13
13/01/2026;696374;4,5968E+14;6,47758E+13
14/01/2026;69266;4,46053E+15;5,21789E+13
15/01/2026;694447;4,41908E+15;5,8508E+13
16/01/2026;694001;4,35813E+15;3,83107E+13
20/01/2026;679686;4,19838E+16;1,81403E+13
21/01/2026;687562;4,15573E+15;3,34689E+13
22/01/2026;691335;4,53395E+16;5,34575E+13
23/01/2026;691561;4,4723E+14;4,44843E+13
26/01/2026;695023;4,59593E+15;4,86283E+13
27/01/2026;69786;4,56669E+16;5,23849E+13
28/01/2026;697803;4,58459E+16;5,33884E+13
29/01/2026;696901;4,3444E+14;5,52772E+13
30/01/2026;693903;4,51035E+16;4,52576E+13
02/02/2026;697644;4,42399E+15;5,06925E+13
03/02/2026;691781;4,40738E+15;4,40807E+13
04/02/2026;688272;4,08145E+16;4,07021E+13
05/02/2026;67984;4,04062E+16;3,18079E+13
06/02/2026;69323;4,45374E+14;4,80493E+13
09/02/2026;696482;4,58054E+15;5,61305E+13
10/02/2026;694181;4,58929E+16;5,32147E+13
11/02/2026;694147;4,47054E+15;5,00239E+13
12/02/2026;683276;4,47474E+15;3,0553E+13
13/02/2026;683617;4,41455E+15;2,91554E+13
17/02/2026;684322;4,42401E+16;3,5829E+13
18/02/2026;688131;4,66806E+15;2,90301E+13
19/02/2026;686189;4,77322E+15;2,00115E+12
20/02/2026;690951;4,72603E+16;5,44939E+13
23/02/2026;683775;4,51478E+16;1,15029E+13
24/02/2026;689007;4,42935E+15;3,09884E+13
25/02/2026;694613;4,54533E+15;4,45616E+13
26/02/2026;690886;4,49599E+15;1,82657E+13
27/02/2026;687888;4,37387E+16;4,85613E+13
02/03/2026;688162;4,68949E+16;2,61673E+13
03/03/2026;681663;4,42247E+16;2,72153E+13
04/03/2026;68695;4,559E+15;6,91749E+13
05/03/2026;683071;4,67476E+15;2,93553E+13
06/03/2026;674002;4,69914E+16;-2,55824E+12
09/03/2026;679599;4,47344E+15;2,64795E+13
10/03/2026;678148;4,7915E+16;2,83361E+13
11/03/2026;67758;4,51766E+15;1,77218E+13
12/03/2026;667262;4,74024E+15;-3,41343E+15
13/03/2026;663219;4,42269E+16;1,00978E+15
16/03/2026;669938;4,34913E+15;1,75036E+16
17/03/2026;671609;4,53316E+15;2,10634E+16
18/03/2026;66247;4,52686E+16;-1,40231E+16
19/03/2026;660649;4,47952E+16;-3,21849E+15
20/03/2026;650648;4,59294E+15;-1,09629E+16
23/03/2026;65810;4,25721E+16;6,72895E+14
24/03/2026;655637;4,39431E+15;1,32401E+16
25/03/2026;65919;4,4628E+16;1,20118E+15
26/03/2026;647716;4,28666E+15;-3,1318E+15
27/03/2026;636885;4,1462E+16;-7,24189E+15
30/03/2026;634372;3,92978E+15;-1,07711E+16
31/03/2026;652852;4,45534E+16;2,32965E+16
01/04/2026;657532;4,87386E+16;2,65753E+15
02/04/2026;658269;5,0269E+15;2,74563E+16
06/04/2026;661183;4,53592E+15;2,90744E+11
07/04/2026;661685;4,68745E+15;2,70603E+16
08/04/2026;678281;4,54914E+15;5,35052E+15
09/04/2026;682466;4,8435E+15;5,6414E+15
10/04/2026;681689;4,75972E+15;5,10801E+15
13/04/2026;688624;4,58433E+15;5,66559E+15
14/04/2026;696738;4,89962E+16;7,4049E+15
15/04/2026;702295;5,09293E+15;8,88595E+15
16/04/2026;704128;4,97506E+16;9,54688E+15
17/04/2026;712606;5,08711E+15;9,7802E+15
20/04/2026;710914;4,73553E+15;7,18574E+15
21/04/2026;706401;4,75225E+16;6,35915E+14
22/04/2026;71379;4,83668E+16;9,88893E+15
23/04/2026;71084;5,0084E+14;6,19924E+15
24/04/2026;716508;4,83359E+16;6,67206E+15
27/04/2026;717391;4,6938E+15;6,3753E+15
28/04/2026;71388;4,47431E+15;6,25328E+15
29/04/2026;713595;4,56573E+16;6,09599E+15
30/04/2026;720901;4,46061E+15;6,94636E+15
01/05/2026;723012;4,57883E+16;8,42579E+15
04/05/2026;720075;4,47036E+15;5,92744E+15
05/05/2026;725922;4,36725E+15;6,7079E+15
06/05/2026;736512;4,51181E+16;8,493E+15
07/05/2026;733711;4,66311E+15;8,47205E+15
08/05/2026;739893;4,29616E+16;2,1321E+15
11/05/2026;741284;4,55896E+16;7,82992E+15
12/05/2026;740096;4,40288E+15;7,54227E+15
13/05/2026;744425;4,54087E+16;8,59927E+15
14/05/2026;750124;4,56446E+16;9,06765E+11
15/05/2026;74085;4,58606E+16;1,81584E+16
18/05/2026;740305;4,06805E+16;5,733E+15
19/05/2026;735361;4,23369E+16;5,07132E+15
20/05/2026;743297;4,34262E+15;6,37964E+15
21/05/2026;744572;4,54638E+15;7,29628E+15
22/05/2026;747347;4,46473E+15;9,1345E+15
26/05/2026;751912;4,06186E+15;7,10346E+16
27/05/2026;752036;4,24057E+15;8,17189E+15
28/05/2026;756363;4,25058E+15;9,13473E+15
