DATE;OPEN;HIGH;LOW;CLOSE
01/02/1990;17240000;17240000;17240000;17240000
01/03/1990;18190000;18190000;18190000;18190000
01/04/1990;19220000;19220000;19220000;19220000
01/05/1990;20110000;20110000;20110000;20110000
01/08/1990;20260000;20260000;20260000;20260000
01/09/1990;22200000;22200000;22200000;22200000
01/10/1990;22440000;22440000;22440000;22440000
01/11/1990;20050000;20050000;20050000;20050000
01/12/1990;24640000;24640000;24640000;24640000
01/15/1990;26340000;26340000;26340000;26340000
01/16/1990;24180000;24180000;24180000;24180000
01/17/1990;24160000;24160000;24160000;24160000
01/18/1990;24340000;24340000;24340000;24340000
01/19/1990;22500000;22500000;22500000;22500000
01/22/1990;26700000;26700000;26700000;26700000
01/23/1990;24720000;24720000;24720000;24720000
01/24/1990;25390000;25390000;25390000;25390000
01/25/1990;25630000;25630000;25630000;25630000
01/26/1990;26280000;26280000;26280000;26280000
01/29/1990;26440000;26440000;26440000;26440000
01/30/1990;27250000;27250000;27250000;27250000
01/31/1990;25360000;25360000;25360000;25360000
02/01/1990;24870000;24870000;24870000;24870000
02/02/1990;24320000;24320000;24320000;24320000
02/05/1990;24540000;24540000;24540000;24540000
02/06/1990;24690000;24690000;24690000;24690000
02/07/1990;24290000;24290000;24290000;24290000
02/08/1990;23770000;23770000;23770000;23770000
02/09/1990;23690000;23690000;23690000;23690000
02/12/1990;24380000;24380000;24380000;24380000
02/13/1990;23760000;23760000;23760000;23760000
02/14/1990;22050000;22050000;22050000;22050000
02/15/1990;19710000;19710000;19710000;19710000
02/16/1990;20780000;20780000;20780000;20780000
02/20/1990;22780000;22780000;22780000;22780000
02/21/1990;23890000;23890000;23890000;23890000
02/22/1990;22540000;22540000;22540000;22540000
02/23/1990;23690000;23690000;23690000;23690000
02/26/1990;23560000;23560000;23560000;23560000
02/27/1990;22690000;22690000;22690000;22690000
02/28/1990;21990000;21990000;21990000;21990000
03/01/1990;21900000;21900000;21900000;21900000
03/02/1990;21340000;21340000;21340000;21340000
03/05/1990;22030000;22030000;22030000;22030000
03/06/1990;20550000;20550000;20550000;20550000
03/07/1990;19100000;19100000;19100000;19100000
03/08/1990;19740000;19740000;19740000;19740000
03/09/1990;20300000;20300000;20300000;20300000
03/12/1990;20070000;20070000;20070000;20070000
03/13/1990;21050000;21050000;21050000;21050000
03/14/1990;19650000;19650000;19650000;19650000
03/15/1990;18810000;18810000;18810000;18810000
03/16/1990;17620000;17620000;17620000;17620000
03/19/1990;18290000;18290000;18290000;18290000
03/20/1990;19060000;19060000;19060000;19060000
03/21/1990;20100000;20100000;20100000;20100000
03/22/1990;22740000;22740000;22740000;22740000
03/23/1990;20460000;20460000;20460000;20460000
03/26/1990;19590000;19590000;19590000;19590000
03/27/1990;21010000;21010000;21010000;21010000
03/28/1990;19770000;19770000;19770000;19770000
03/29/1990;18460000;18460000;18460000;18460000
03/30/1990;19730000;19730000;19730000;19730000
04/02/1990;22840000;22840000;22840000;22840000
04/03/1990;20440000;20440000;20440000;20440000
04/04/1990;22030000;22030000;22030000;22030000
04/05/1990;21210000;21210000;21210000;21210000
04/06/1990;21760000;21760000;21760000;21760000
04/09/1990;22300000;22300000;22300000;22300000
04/10/1990;21690000;21690000;21690000;21690000
04/11/1990;17730000;17730000;17730000;17730000
04/12/1990;19800000;19800000;19800000;19800000
04/16/1990;20750000;20750000;20750000;20750000
04/17/1990;20380000;20380000;20380000;20380000
04/18/1990;22670000;22670000;22670000;22670000
04/19/1990;22460000;22460000;22460000;22460000
04/20/1990;23330000;23330000;23330000;23330000
04/23/1990;24160000;24160000;24160000;24160000
04/24/1990;21700000;21700000;21700000;21700000
04/25/1990;20860000;20860000;20860000;20860000
04/26/1990;20250000;20250000;20250000;20250000
04/27/1990;22190000;22190000;22190000;22190000
04/30/1990;19520000;19520000;19520000;19520000
05/01/1990;18430000;18430000;18430000;18430000
05/02/1990;19320000;19320000;19320000;19320000
05/03/1990;17810000;17810000;17810000;17810000
05/04/1990;17280000;17280000;17280000;17280000
05/07/1990;17650000;17650000;17650000;17650000
05/08/1990;18490000;18490000;18490000;18490000
05/09/1990;18640000;18640000;18640000;18640000
05/10/1990;18590000;18590000;18590000;18590000
05/11/1990;19810000;19810000;19810000;19810000
05/14/1990;20140000;20140000;20140000;20140000
05/15/1990;19490000;19490000;19490000;19490000
05/16/1990;17710000;17710000;17710000;17710000
05/17/1990;17270000;17270000;17270000;17270000
05/18/1990;17200000;17200000;17200000;17200000
05/21/1990;16720000;16720000;16720000;16720000
05/22/1990;17840000;17840000;17840000;17840000
05/23/1990;17180000;17180000;17180000;17180000
05/24/1990;17700000;17700000;17700000;17700000
05/25/1990;17320000;17320000;17320000;17320000
05/29/1990;18750000;18750000;18750000;18750000
05/30/1990;17440000;17440000;17440000;17440000
05/31/1990;17370000;17370000;17370000;17370000
06/01/1990;17090000;17090000;17090000;17090000
06/04/1990;18390000;18390000;18390000;18390000
06/05/1990;18970000;18970000;18970000;18970000
06/06/1990;17420000;17420000;17420000;17420000
06/07/1990;16880000;16880000;16880000;16880000
06/08/1990;17580000;17580000;17580000;17580000
06/11/1990;16340000;16340000;16340000;16340000
06/12/1990;16600000;16600000;16600000;16600000
06/13/1990;17380000;17380000;17380000;17380000
06/14/1990;17400000;17400000;17400000;17400000
06/15/1990;15900000;15900000;15900000;15900000
06/18/1990;17710000;17710000;17710000;17710000
06/19/1990;15230000;15230000;15230000;15230000
06/20/1990;15270000;15270000;15270000;15270000
06/21/1990;14720000;14720000;14720000;14720000
06/22/1990;19360000;19360000;19360000;19360000
06/25/1990;17060000;17060000;17060000;17060000
06/26/1990;16290000;16290000;16290000;16290000
06/27/1990;16000000;16000000;16000000;16000000
06/28/1990;16180000;16180000;16180000;16180000
06/29/1990;15500000;15500000;15500000;15500000
07/02/1990;16260000;16260000;16260000;16260000
07/03/1990;16110000;16110000;16110000;16110000
07/05/1990;17250000;17250000;17250000;17250000
07/06/1990;16410000;16410000;16410000;16410000
07/09/1990;16660000;16660000;16660000;16660000
07/10/1990;16920000;16920000;16920000;16920000
07/11/1990;16680000;16680000;16680000;16680000
07/12/1990;17060000;17060000;17060000;17060000
07/13/1990;17090000;17090000;17090000;17090000
07/16/1990;16750000;16750000;16750000;16750000
07/17/1990;16660000;16660000;16660000;16660000
07/18/1990;18900000;18900000;18900000;18900000
07/19/1990;18560000;18560000;18560000;18560000
07/20/1990;15630000;15630000;15630000;15630000
07/23/1990;23680000;23680000;23680000;23680000
07/24/1990;21790000;21790000;21790000;21790000
07/25/1990;20190000;20190000;20190000;20190000
07/26/1990;20260000;20260000;20260000;20260000
07/27/1990;21120000;21120000;21120000;21120000
07/30/1990;21160000;21160000;21160000;21160000
07/31/1990;21110000;21110000;21110000;21110000
08/01/1990;21640000;21640000;21640000;21640000
08/02/1990;20430000;20430000;20430000;20430000
08/03/1990;28740000;28740000;28740000;28740000
08/06/1990;35910000;35910000;35910000;35910000
08/07/1990;32750000;32750000;32750000;32750000
08/08/1990;28270000;28270000;28270000;28270000
08/09/1990;24390000;24390000;24390000;24390000
08/10/1990;25750000;25750000;25750000;25750000
08/13/1990;25740000;25740000;25740000;25740000
08/14/1990;24180000;24180000;24180000;24180000
08/15/1990;23310000;23310000;23310000;23310000
08/16/1990;27160000;27160000;27160000;27160000
08/17/1990;27530000;27530000;27530000;27530000
08/20/1990;26460000;26460000;26460000;26460000
08/21/1990;28900000;28900000;28900000;28900000
08/22/1990;30550000;30550000;30550000;30550000
08/23/1990;36470000;36470000;36470000;36470000
08/24/1990;33930000;33930000;33930000;33930000
08/27/1990;29630000;29630000;29630000;29630000
08/28/1990;29120000;29120000;29120000;29120000
08/29/1990;27380000;27380000;27380000;27380000
08/30/1990;29890000;29890000;29890000;29890000
08/31/1990;29900000;29900000;29900000;29900000
09/04/1990;29580000;29580000;29580000;29580000
09/05/1990;28520000;28520000;28520000;28520000
09/06/1990;30190000;30190000;30190000;30190000
09/07/1990;28730000;28730000;28730000;28730000
09/10/1990;29340000;29340000;29340000;29340000
09/11/1990;28380000;28380000;28380000;28380000
09/12/1990;28120000;28120000;28120000;28120000
09/13/1990;29330000;29330000;29330000;29330000
09/14/1990;30560000;30560000;30560000;30560000
09/17/1990;29550000;29550000;29550000;29550000
09/18/1990;28820000;28820000;28820000;28820000
09/19/1990;27880000;27880000;27880000;27880000
09/20/1990;28660000;28660000;28660000;28660000
09/21/1990;30040000;30040000;30040000;30040000
09/24/1990;30560000;30560000;30560000;30560000
09/25/1990;28810000;28810000;28810000;28810000
09/26/1990;28190000;28190000;28190000;28190000
09/27/1990;28670000;28670000;28670000;28670000
09/28/1990;29110000;29110000;29110000;29110000
10/01/1990;28060000;28060000;28060000;28060000
10/02/1990;27280000;27280000;27280000;27280000
10/03/1990;27900000;27900000;27900000;27900000
10/04/1990;27510000;27510000;27510000;27510000
10/05/1990;27850000;27850000;27850000;27850000
10/08/1990;28040000;28040000;28040000;28040000
10/09/1990;30710000;30710000;30710000;30710000
10/10/1990;31190000;31190000;31190000;31190000
10/11/1990;33980000;33980000;33980000;33980000
10/12/1990;31940000;31940000;31940000;31940000
10/15/1990;31640000;31640000;31640000;31640000
10/16/1990;31450000;31450000;31450000;31450000
10/17/1990;31370000;31370000;31370000;31370000
10/18/1990;29600000;29600000;29600000;29600000
10/19/1990;27860000;27860000;27860000;27860000
10/22/1990;27270000;27270000;27270000;27270000
10/23/1990;27570000;27570000;27570000;27570000
10/24/1990;28280000;28280000;28280000;28280000
10/25/1990;29040000;29040000;29040000;29040000
10/26/1990;30750000;30750000;30750000;30750000
10/29/1990;31540000;31540000;31540000;31540000
10/30/1990;30520000;30520000;30520000;30520000
10/31/1990;30040000;30040000;30040000;30040000
11/01/1990;30250000;30250000;30250000;30250000
11/02/1990;30030000;30030000;30030000;30030000
11/05/1990;29850000;29850000;29850000;29850000
11/06/1990;29110000;29110000;29110000;29110000
11/07/1990;30870000;30870000;30870000;30870000
11/08/1990;30790000;30790000;30790000;30790000
11/09/1990;26960000;26960000;26960000;26960000
11/12/1990;25600000;25600000;25600000;25600000
11/13/1990;24580000;24580000;24580000;24580000
11/14/1990;22890000;22890000;22890000;22890000
11/15/1990;22570000;22570000;22570000;22570000
11/16/1990;21340000;21340000;21340000;21340000
11/19/1990;20950000;20950000;20950000;20950000
11/20/1990;20090000;20090000;20090000;20090000
11/21/1990;21090000;21090000;21090000;21090000
11/23/1990;20980000;20980000;20980000;20980000
11/26/1990;22760000;22760000;22760000;22760000
11/27/1990;22860000;22860000;22860000;22860000
11/28/1990;22960000;22960000;22960000;22960000
11/29/1990;23910000;23910000;23910000;23910000
11/30/1990;22160000;22160000;22160000;22160000
12/03/1990;22290000;22290000;22290000;22290000
12/04/1990;22030000;22030000;22030000;22030000
12/05/1990;20940000;20940000;20940000;20940000
12/06/1990;22620000;22620000;22620000;22620000
12/07/1990;22590000;22590000;22590000;22590000
12/10/1990;23580000;23580000;23580000;23580000
12/11/1990;23750000;23750000;23750000;23750000
12/12/1990;21280000;21280000;21280000;21280000
12/13/1990;23050000;23050000;23050000;23050000
12/14/1990;23850000;23850000;23850000;23850000
12/17/1990;24850000;24850000;24850000;24850000
12/18/1990;23110000;23110000;23110000;23110000
12/19/1990;23080000;23080000;23080000;23080000
12/20/1990;23130000;23130000;23130000;23130000
12/21/1990;22660000;22660000;22660000;22660000
12/24/1990;24030000;24030000;24030000;24030000
12/26/1990;24180000;24180000;24180000;24180000
12/27/1990;24810000;24810000;24810000;24810000
12/28/1990;25050000;25050000;25050000;25050000
12/31/1990;26380000;26380000;26380000;26380000
01/02/1991;26620000;26620000;26620000;26620000
01/03/1991;27930000;27930000;27930000;27930000
01/04/1991;27190000;27190000;27190000;27190000
01/07/1991;28950000;28950000;28950000;28950000
01/08/1991;30380000;30380000;30380000;30380000
01/09/1991;33300000;33300000;33300000;33300000
01/10/1991;31330000;31330000;31330000;31330000
01/11/1991;32630000;32630000;32630000;32630000
01/14/1991;36200000;36200000;36200000;36200000
01/15/1991;36160000;36160000;36160000;36160000
01/16/1991;33200000;33200000;33200000;33200000
01/17/1991;27450000;27450000;27450000;27450000
01/18/1991;25390000;25390000;25390000;25390000
01/21/1991;24330000;24330000;24330000;24330000
01/22/1991;24900000;24900000;24900000;24900000
01/23/1991;23920000;23920000;23920000;23920000
01/24/1991;22860000;22860000;22860000;22860000
01/25/1991;22200000;22200000;22200000;22200000
01/28/1991;23050000;23050000;23050000;23050000
01/29/1991;23170000;23170000;23170000;23170000
01/30/1991;21370000;21370000;21370000;21370000
01/31/1991;20910000;20910000;20910000;20910000
02/01/1991;21040000;21040000;21040000;21040000
02/04/1991;21860000;21860000;21860000;21860000
02/05/1991;21460000;21460000;21460000;21460000
02/06/1991;22680000;22680000;22680000;22680000
02/07/1991;23600000;23600000;23600000;23600000
02/08/1991;23380000;23380000;23380000;23380000
02/11/1991;22560000;22560000;22560000;22560000
02/12/1991;22260000;22260000;22260000;22260000
02/13/1991;20860000;20860000;20860000;20860000
02/14/1991;21480000;21480000;21480000;21480000
02/15/1991;19570000;19570000;19570000;19570000
02/19/1991;19840000;19840000;19840000;19840000
02/20/1991;22260000;22260000;22260000;22260000
02/21/1991;20780000;20780000;20780000;20780000
02/22/1991;21010000;21010000;21010000;21010000
02/25/1991;22860000;22860000;22860000;22860000
02/26/1991;20380000;20380000;20380000;20380000
02/27/1991;21260000;21260000;21260000;21260000
02/28/1991;21230000;21230000;21230000;21230000
03/04/1991;20860000;20860000;20860000;20860000
03/05/1991;20450000;20450000;20450000;20450000
03/06/1991;20550000;20550000;20550000;20550000
03/07/1991;21050000;21050000;21050000;21050000
03/08/1991;20810000;20810000;20810000;20810000
03/11/1991;20880000;20880000;20880000;20880000
03/12/1991;18820000;18820000;18820000;18820000
03/13/1991;16090000;16090000;16090000;16090000
03/14/1991;14940000;14940000;14940000;14940000
03/15/1991;14900000;14900000;14900000;14900000
03/18/1991;15790000;15790000;15790000;15790000
03/19/1991;16110000;16110000;16110000;16110000
03/20/1991;16040000;16040000;16040000;16040000
03/21/1991;16860000;16860000;16860000;16860000
03/22/1991;16490000;16490000;16490000;16490000
03/25/1991;16760000;16760000;16760000;16760000
03/26/1991;16310000;16310000;16310000;16310000
03/27/1991;16550000;16550000;16550000;16550000
03/28/1991;16880000;16880000;16880000;16880000
04/01/1991;17420000;17420000;17420000;17420000
04/02/1991;17400000;17400000;17400000;17400000
04/03/1991;17610000;17610000;17610000;17610000
04/04/1991;18010000;18010000;18010000;18010000
04/05/1991;17630000;17630000;17630000;17630000
04/08/1991;17410000;17410000;17410000;17410000
04/09/1991;20120000;20120000;20120000;20120000
04/10/1991;19730000;19730000;19730000;19730000
04/11/1991;17240000;17240000;17240000;17240000
04/12/1991;18450000;18450000;18450000;18450000
04/15/1991;16500000;16500000;16500000;16500000
04/16/1991;15820000;15820000;15820000;15820000
04/17/1991;15470000;15470000;15470000;15470000
04/18/1991;16260000;16260000;16260000;16260000
04/19/1991;15680000;15680000;15680000;15680000
04/22/1991;16780000;16780000;16780000;16780000
04/23/1991;17020000;17020000;17020000;17020000
04/24/1991;16720000;16720000;16720000;16720000
04/25/1991;17150000;17150000;17150000;17150000
04/26/1991;17270000;17270000;17270000;17270000
04/29/1991;18270000;18270000;18270000;18270000
04/30/1991;18240000;18240000;18240000;18240000
05/01/1991;17770000;17770000;17770000;17770000
05/02/1991;17520000;17520000;17520000;17520000
05/03/1991;17240000;17240000;17240000;17240000
05/06/1991;17920000;17920000;17920000;17920000
05/07/1991;17460000;17460000;17460000;17460000
05/08/1991;17780000;17780000;17780000;17780000
05/09/1991;17170000;17170000;17170000;17170000
05/10/1991;17540000;17540000;17540000;17540000
05/13/1991;17660000;17660000;17660000;17660000
05/14/1991;18000000;18000000;18000000;18000000
05/15/1991;18380000;18380000;18380000;18380000
05/16/1991;17240000;17240000;17240000;17240000
05/17/1991;16640000;16640000;16640000;16640000
05/20/1991;17100000;17100000;17100000;17100000
05/21/1991;16070000;16070000;16070000;16070000
05/22/1991;16160000;16160000;16160000;16160000
05/23/1991;16110000;16110000;16110000;16110000
05/24/1991;15230000;15230000;15230000;15230000
05/28/1991;15670000;15670000;15670000;15670000
05/29/1991;15900000;15900000;15900000;15900000
05/30/1991;16020000;16020000;16020000;16020000
05/31/1991;15930000;15930000;15930000;15930000
06/03/1991;16870000;16870000;16870000;16870000
06/04/1991;16170000;16170000;16170000;16170000
06/05/1991;16400000;16400000;16400000;16400000
06/06/1991;16930000;16930000;16930000;16930000
06/07/1991;16980000;16980000;16980000;16980000
06/10/1991;17470000;17470000;17470000;17470000
06/11/1991;17320000;17320000;17320000;17320000
06/12/1991;17720000;17720000;17720000;17720000
06/13/1991;16990000;16990000;16990000;16990000
06/14/1991;15980000;15980000;15980000;15980000
06/17/1991;15500000;15500000;15500000;15500000
06/18/1991;16140000;16140000;16140000;16140000
06/19/1991;17440000;17440000;17440000;17440000
06/20/1991;16750000;16750000;16750000;16750000
06/21/1991;16510000;16510000;16510000;16510000
06/24/1991;18280000;18280000;18280000;18280000
06/25/1991;17850000;17850000;17850000;17850000
06/26/1991;17980000;17980000;17980000;17980000
06/27/1991;17870000;17870000;17870000;17870000
06/28/1991;19550000;19550000;19550000;19550000
07/01/1991;18640000;18640000;18640000;18640000
07/02/1991;17630000;17630000;17630000;17630000
07/03/1991;19470000;19470000;19470000;19470000
07/05/1991;18350000;18350000;18350000;18350000
07/08/1991;20290000;20290000;20290000;20290000
07/09/1991;19760000;19760000;19760000;19760000
07/10/1991;19190000;19190000;19190000;19190000
07/11/1991;17390000;17390000;17390000;17390000
07/12/1991;18290000;18290000;18290000;18290000
07/15/1991;17780000;17780000;17780000;17780000
07/16/1991;17490000;17490000;17490000;17490000
07/17/1991;17520000;17520000;17520000;17520000
07/18/1991;15770000;15770000;15770000;15770000
07/19/1991;15500000;15500000;15500000;15500000
07/22/1991;16900000;16900000;16900000;16900000
07/23/1991;16580000;16580000;16580000;16580000
07/24/1991;16410000;16410000;16410000;16410000
07/25/1991;15740000;15740000;15740000;15740000
07/26/1991;15450000;15450000;15450000;15450000
07/29/1991;15670000;15670000;15670000;15670000
07/30/1991;15470000;15470000;15470000;15470000
07/31/1991;15180000;15180000;15180000;15180000
08/01/1991;15470000;15470000;15470000;15470000
08/02/1991;15260000;15260000;15260000;15260000
08/05/1991;15920000;15920000;15920000;15920000
08/06/1991;15540000;15540000;15540000;15540000
08/07/1991;15560000;15560000;15560000;15560000
08/08/1991;15980000;15980000;15980000;15980000
08/09/1991;15450000;15450000;15450000;15450000
08/12/1991;15260000;15260000;15260000;15260000
08/13/1991;14730000;14730000;14730000;14730000
08/14/1991;15090000;15090000;15090000;15090000
08/15/1991;15190000;15190000;15190000;15190000
08/16/1991;16010000;16010000;16010000;16010000
08/19/1991;21190000;21190000;21190000;21190000
08/20/1991;18860000;18860000;18860000;18860000
08/21/1991;15620000;15620000;15620000;15620000
08/22/1991;14590000;14590000;14590000;14590000
08/23/1991;14410000;14410000;14410000;14410000
08/26/1991;14810000;14810000;14810000;14810000
08/27/1991;15460000;15460000;15460000;15460000
08/28/1991;15310000;15310000;15310000;15310000
08/29/1991;14820000;14820000;14820000;14820000
08/30/1991;14460000;14460000;14460000;14460000
09/03/1991;16570000;16570000;16570000;16570000
09/04/1991;17180000;17180000;17180000;17180000
09/05/1991;17310000;17310000;17310000;17310000
09/06/1991;16760000;16760000;16760000;16760000
09/09/1991;17730000;17730000;17730000;17730000
09/10/1991;18220000;18220000;18220000;18220000
09/11/1991;17960000;17960000;17960000;17960000
09/12/1991;16210000;16210000;16210000;16210000
09/13/1991;17880000;17880000;17880000;17880000
09/16/1991;17820000;17820000;17820000;17820000
09/17/1991;17680000;17680000;17680000;17680000
09/18/1991;17560000;17560000;17560000;17560000
09/19/1991;17560000;17560000;17560000;17560000
09/20/1991;17080000;17080000;17080000;17080000
09/23/1991;16380000;16380000;16380000;16380000
09/24/1991;16040000;16040000;16040000;16040000
09/25/1991;15680000;15680000;15680000;15680000
09/26/1991;15350000;15350000;15350000;15350000
09/27/1991;16310000;16310000;16310000;16310000
09/30/1991;15850000;15850000;15850000;15850000
10/01/1991;14810000;14810000;14810000;14810000
10/02/1991;15810000;15810000;15810000;15810000
10/03/1991;17040000;17040000;17040000;17040000
10/04/1991;15630000;15630000;15630000;15630000
10/07/1991;18580000;18580000;18580000;18580000
10/08/1991;17810000;17810000;17810000;17810000
10/09/1991;18540000;18540000;18540000;18540000
10/10/1991;17800000;17800000;17800000;17800000
10/11/1991;17600000;17600000;17600000;17600000
10/14/1991;16710000;16710000;16710000;16710000
10/15/1991;16220000;16220000;16220000;16220000
10/16/1991;14850000;14850000;14850000;14850000
10/17/1991;16320000;16320000;16320000;16320000
10/18/1991;15870000;15870000;15870000;15870000
10/21/1991;16660000;16660000;16660000;16660000
10/22/1991;16550000;16550000;16550000;16550000
10/23/1991;16260000;16260000;16260000;16260000
10/24/1991;15620000;15620000;15620000;15620000
10/25/1991;15750000;15750000;15750000;15750000
10/28/1991;15450000;15450000;15450000;15450000
10/29/1991;15550000;15550000;15550000;15550000
10/30/1991;15460000;15460000;15460000;15460000
10/31/1991;15480000;15480000;15480000;15480000
11/01/1991;15600000;15600000;15600000;15600000
11/04/1991;16350000;16350000;16350000;16350000
11/05/1991;16480000;16480000;16480000;16480000
11/06/1991;16470000;16470000;16470000;16470000
11/07/1991;15970000;15970000;15970000;15970000
11/08/1991;15430000;15430000;15430000;15430000
11/11/1991;14890000;14890000;14890000;14890000
11/12/1991;14040000;14040000;14040000;14040000
11/13/1991;13950000;13950000;13950000;13950000
11/14/1991;13960000;13960000;13960000;13960000
11/15/1991;21180000;21180000;21180000;21180000
11/18/1991;18280000;18280000;18280000;18280000
11/19/1991;20340000;20340000;20340000;20340000
11/20/1991;20400000;20400000;20400000;20400000
11/21/1991;19110000;19110000;19110000;19110000
11/22/1991;21200000;21200000;21200000;21200000
11/25/1991;21920000;21920000;21920000;21920000
11/26/1991;19800000;19800000;19800000;19800000
11/27/1991;19840000;19840000;19840000;19840000
11/29/1991;20260000;20260000;20260000;20260000
12/02/1991;20180000;20180000;20180000;20180000
12/03/1991;19700000;19700000;19700000;19700000
12/04/1991;19540000;19540000;19540000;19540000
12/05/1991;20190000;20190000;20190000;20190000
12/06/1991;19040000;19040000;19040000;19040000
12/09/1991;19740000;19740000;19740000;19740000
12/10/1991;19890000;19890000;19890000;19890000
12/11/1991;20570000;20570000;20570000;20570000
12/12/1991;19080000;19080000;19080000;19080000
12/13/1991;17880000;17880000;17880000;17880000
12/16/1991;17620000;17620000;17620000;17620000
12/17/1991;18120000;18120000;18120000;18120000
12/18/1991;17780000;17780000;17780000;17780000
12/19/1991;17960000;17960000;17960000;17960000
12/20/1991;17650000;17650000;17650000;17650000
12/23/1991;16610000;16610000;16610000;16610000
12/24/1991;15670000;15670000;15670000;15670000
12/26/1991;15440000;15440000;15440000;15440000
12/27/1991;15700000;15700000;15700000;15700000
12/30/1991;17630000;17630000;17630000;17630000
12/31/1991;19310000;19310000;19310000;19310000
01/02/1992;19690000;20150000;18880000;18950000
01/03/1992;17040000;19230000;17040000;18750000
01/06/1992;16230000;19490000;16080000;18960000
01/07/1992;20300000;20300000;19120000;19230000
01/08/1992;17530000;19270000;17300000;18720000
01/09/1992;17580000;19410000;17580000;18960000
01/10/1992;18500000;18890000;18300000;18450000
01/13/1992;19050000;19050000;18010000;18010000
01/14/1992;17730000;17730000;16160000;17010000
01/15/1992;17810000;17910000;17310000;17390000
01/16/1992;18430000;18430000;17420000;17640000
01/17/1992;16590000;16770000;16010000;16320000
01/20/1992;16570000;16720000;16240000;16420000
01/21/1992;16740000;18190000;16600000;17920000
01/22/1992;17540000;17580000;16720000;16750000
01/23/1992;15480000;16730000;15400000;16460000
01/24/1992;16230000;16330000;15650000;16240000
01/27/1992;16150000;16820000;16150000;16670000
01/28/1992;17070000;17700000;16990000;17670000
01/29/1992;16570000;18040000;16050000;17620000
01/30/1992;16870000;17750000;16870000;17490000
01/31/1992;14160000;17510000;14120000;17400000
02/03/1992;17080000;19210000;17010000;18200000
02/04/1992;17160000;18720000;16840000;17960000
02/05/1992;18150000;18350000;17980000;18220000
02/06/1992;18800000;18930000;18640000;18790000
02/07/1992;18430000;19310000;18130000;18510000
02/10/1992;19240000;19250000;18550000;18560000
02/11/1992;19240000;18570000;17610000;17700000
02/12/1992;18220000;18230000;17370000;17370000
02/13/1992;15420000;18030000;15350000;17450000
02/14/1992;17520000;17620000;16810000;17030000
02/18/1992;17790000;18320000;17380000;18220000
02/19/1992;17790000;17690000;16850000;17160000
02/20/1992;15660000;17320000;15590000;16720000
02/21/1992;15750000;17410000;15750000;16870000
02/24/1992;17470000;17550000;17070000;17130000
02/25/1992;15860000;17100000;15520000;16350000
02/26/1992;15660000;16740000;15660000;16640000
02/27/1992;16970000;17080000;16360000;16510000
02/28/1992;15340000;17170000;15340000;16680000
03/02/1992;17440000;17500000;16880000;16880000
03/03/1992;17360000;17410000;16920000;17260000
03/04/1992;17820000;17920000;17430000;17890000
03/05/1992;18570000;18890000;17940000;18470000
03/06/1992;18250000;20040000;18140000;19750000
03/09/1992;20670000;20680000;19660000;19680000
03/10/1992;19620000;19630000;18600000;18680000
03/11/1992;19230000;20340000;19180000;19790000
03/12/1992;19470000;21060000;19470000;19720000
03/13/1992;18390000;18880000;17980000;18350000
03/16/1992;19130000;19130000;18440000;18460000
03/17/1992;17780000;17840000;16790000;16790000
03/18/1992;16950000;16970000;16610000;16690000
03/19/1992;16730000;16850000;16440000;16520000
03/20/1992;16730000;16900000;16580000;16820000
03/23/1992;17630000;17630000;16730000;16730000
03/24/1992;16270000;16700000;16180000;16320000
03/25/1992;16410000;16410000;16080000;16190000
03/26/1992;16550000;16600000;16100000;16290000
03/27/1992;15880000;16090000;15460000;16020000
03/30/1992;16430000;16530000;15900000;15970000
03/31/1992;16450000;16560000;15980000;16180000
04/01/1992;16930000;17110000;16430000;16480000
04/02/1992;16250000;17170000;16110000;17060000
04/03/1992;18220000;18320000;16710000;16720000
04/06/1992;17180000;17200000;16590000;16720000
04/07/1992;17260000;18810000;16560000;18810000
04/08/1992;20060000;21440000;19660000;20150000
04/09/1992;18950000;18960000;17480000;17890000
04/10/1992;17390000;17430000;16790000;16850000
04/13/1992;17420000;17510000;16930000;16990000
04/14/1992;16820000;16820000;15880000;15980000
04/15/1992;16360000;16450000;15150000;15150000
04/16/1992;15170000;15580000;14830000;14850000
04/20/1992;16150000;16540000;15700000;15930000
04/21/1992;16000000;16860000;15740000;16530000
04/22/1992;16030000;16150000;15860000;15960000
04/23/1992;16100000;16750000;15830000;15830000
04/24/1992;15730000;16830000;15530000;15710000
04/27/1992;16930000;16930000;16380000;16490000
04/28/1992;16560000;16900000;16240000;16240000
04/29/1992;16380000;16400000;15860000;15950000
04/30/1992;15860000;15940000;15530000;15530000
05/01/1992;14870000;17360000;14840000;16610000
05/04/1992;16700000;17760000;16480000;16920000
05/05/1992;15560000;17120000;15490000;16660000
05/06/1992;16110000;17330000;15900000;16810000
05/07/1992;15800000;17290000;15670000;16540000
05/08/1992;16180000;16340000;15520000;15650000
05/11/1992;15870000;15900000;15170000;15170000
05/12/1992;15400000;15870000;15320000;15680000
05/13/1992;15880000;15880000;15190000;15190000
05/14/1992;14380000;16190000;14350000;15490000
05/15/1992;14380000;16060000;14100000;14820000
05/18/1992;15170000;15460000;14580000;14620000
05/19/1992;13950000;14400000;13440000;13570000
05/20/1992;12980000;14190000;12980000;13620000
05/21/1992;14010000;15120000;13920000;13920000
05/22/1992;14030000;14310000;13530000;13730000
05/26/1992;13930000;15280000;13770000;14920000
05/27/1992;13840000;14360000;13590000;13990000
05/28/1992;14250000;14570000;13720000;13770000
05/29/1992;12770000;14280000;12770000;13860000
06/01/1992;14470000;14840000;13920000;14430000
06/02/1992;12920000;15220000;12730000;14570000
06/03/1992;13240000;14970000;13240000;14350000
06/04/1992;13210000;14320000;13140000;13660000
06/05/1992;14570000;14960000;14500000;14650000
06/08/1992;15600000;15600000;15100000;15190000
06/09/1992;15280000;15980000;15170000;15970000
06/10/1992;15900000;16620000;15750000;16620000
06/11/1992;16910000;16950000;16290000;16290000
06/12/1992;15370000;15480000;14710000;14950000
06/15/1992;16110000;16110000;14720000;14760000
06/16/1992;15120000;15230000;14820000;15220000
06/17/1992;15760000;18080000;15740000;18080000
06/18/1992;18230000;18530000;17640000;18200000
06/19/1992;17430000;17530000;16280000;16310000
06/22/1992;14660000;17790000;14640000;16660000
06/23/1992;14270000;15290000;14170000;14530000
06/24/1992;14260000;14750000;14120000;14400000
06/25/1992;13930000;15000000;13850000;14400000
06/26/1992;14130000;15000000;14130000;14670000
06/29/1992;13940000;14410000;13210000;13210000
06/30/1992;13660000;14310000;13190000;13350000
07/01/1992;13430000;13570000;12980000;13340000
07/02/1992;12690000;14830000;12680000;13880000
07/06/1992;14270000;15430000;14270000;14870000
07/07/1992;14030000;15860000;14030000;15830000
07/08/1992;14170000;16360000;14170000;15530000
07/09/1992;14340000;15410000;14050000;14600000
07/10/1992;13930000;14120000;13560000;13700000
07/13/1992;12470000;14570000;12470000;14010000
07/14/1992;14260000;14390000;13290000;13500000
07/15/1992;12410000;13080000;12310000;12520000
07/16/1992;12130000;12880000;11780000;12270000
07/17/1992;13150000;13480000;12400000;12600000
07/20/1992;13540000;13540000;12620000;12660000
07/21/1992;12200000;12810000;12170000;12600000
07/22/1992;11360000;14010000;11360000;13570000
07/23/1992;13330000;13900000;13240000;13330000
07/24/1992;12250000;14160000;12250000;13370000
07/27/1992;13340000;14950000;13340000;13900000
07/28/1992;11500000;14000000;11500000;13050000
07/29/1992;12210000;13790000;12210000;13440000
07/30/1992;13450000;13790000;12980000;13500000
07/31/1992;12550000;13640000;12550000;13170000
08/03/1992;14050000;14330000;13200000;13830000
08/04/1992;13340000;14330000;13110000;13580000
08/05/1992;12410000;14340000;12410000;13820000
08/06/1992;12400000;14790000;12340000;14230000
08/07/1992;13930000;14280000;13170000;13940000
08/10/1992;13870000;15430000;13830000;14510000
08/11/1992;15320000;15920000;15090000;15090000
08/12/1992;14280000;15570000;13510000;14880000
08/13/1992;13450000;15790000;13440000;15340000
08/14/1992;15630000;15700000;14660000;14660000
08/17/1992;14320000;15540000;13830000;14610000
08/18/1992;14670000;14810000;13840000;13840000
08/19/1992;14670000;14840000;13910000;14350000
08/20/1992;14370000;14720000;14130000;14480000
08/21/1992;13740000;15480000;13400000;15010000
08/24/1992;13740000;16480000;15210000;16190000
08/25/1992;14870000;16520000;14870000;15620000
08/26/1992;14050000;15410000;14050000;14500000
08/27/1992;14050000;13860000;12880000;13660000
08/28/1992;12570000;13420000;12520000;13140000
08/31/1992;12660000;13890000;12660000;13580000
09/01/1992;11870000;13440000;11850000;13400000
09/02/1992;12690000;13090000;12570000;12730000
09/03/1992;10770000;12880000;10690000;12880000
09/04/1992;12920000;13160000;12750000;12980000
09/08/1992;13360000;13900000;13360000;13650000
09/09/1992;13030000;13920000;13010000;13360000
09/10/1992;12640000;13280000;12590000;12920000
09/11/1992;12390000;13020000;11960000;12470000
09/14/1992;13370000;13370000;12510000;13000000
09/15/1992;11530000;13750000;11530000;13630000
09/16/1992;11530000;14860000;13520000;14720000
09/17/1992;13610000;14410000;13610000;14310000
09/18/1992;13610000;13940000;12800000;13740000
09/21/1992;12990000;13720000;12960000;13450000
09/22/1992;13570000;14100000;13530000;13880000
09/23/1992;13720000;14110000;13710000;13830000
09/24/1992;13760000;13860000;13420000;13440000
09/25/1992;13770000;14980000;13540000;14800000
09/28/1992;15420000;15420000;15110000;15190000
09/29/1992;15230000;15360000;14870000;14970000
09/30/1992;13960000;14890000;13960000;14280000
10/01/1992;15440000;16310000;15030000;16310000
10/02/1992;15330000;17800000;15320000;17790000
10/05/1992;19770000;25130000;19370000;20010000
10/06/1992;20370000;20420000;19490000;19950000
10/07/1992;19070000;21080000;18900000;21020000
10/08/1992;19570000;19940000;18950000;19260000
10/09/1992;19570000;21000000;19670000;20510000
10/12/1992;20610000;20620000;19480000;19490000
10/13/1992;16840000;18440000;16150000;17900000
10/14/1992;15770000;18520000;15580000;18420000
10/15/1992;18110000;18150000;16910000;17110000
10/16/1992;15800000;17670000;15470000;17010000
10/19/1992;16890000;17350000;16430000;17310000
10/20/1992;16000000;17100000;15740000;16870000
10/21/1992;17080000;17080000;16620000;16620000
10/22/1992;15830000;16240000;15720000;15840000
10/23/1992;17110000;17210000;16460000;16460000
10/26/1992;16930000;17320000;16310000;16320000
10/27/1992;16330000;16750000;16130000;16240000
10/28/1992;16330000;16660000;15810000;15950000
10/29/1992;15680000;15830000;15390000;15470000
10/30/1992;15900000;16600000;15570000;16150000
11/02/1992;17020000;17130000;16570000;16670000
11/03/1992;16010000;17920000;15960000;17330000
11/04/1992;16330000;16870000;16170000;16280000
11/05/1992;16100000;16100000;15350000;15380000
11/06/1992;15660000;15680000;14650000;14690000
11/09/1992;15660000;15140000;14060000;14230000
11/10/1992;14510000;14710000;14270000;14370000
11/11/1992;14600000;15020000;13990000;13990000
11/12/1992;16360000;16360000;14320000;14370000
11/13/1992;14800000;14860000;14030000;14610000
11/16/1992;14680000;14890000;14640000;14860000
11/17/1992;15740000;15850000;14440000;15010000
11/18/1992;14980000;14980000;14180000;14550000
11/19/1992;14980000;15100000;14140000;14330000
11/20/1992;14980000;14200000;13440000;13670000
11/23/1992;12930000;13950000;12890000;13400000
11/24/1992;12540000;13370000;12460000;12660000
11/25/1992;12480000;12950000;12480000;12500000
11/27/1992;11630000;12670000;11520000;12580000
11/30/1992;11380000;13670000;11380000;13010000
12/01/1992;12940000;13890000;12760000;12800000
12/02/1992;12060000;13490000;11990000;12560000
12/03/1992;12090000;12780000;11840000;12030000
12/04/1992;11690000;12460000;11540000;11810000
12/07/1992;12000000;12610000;11700000;12000000
12/08/1992;10290000;12380000;10290000;11730000
12/09/1992;10290000;13340000;10930000;12580000
12/10/1992;12360000;13370000;12260000;12750000
12/11/1992;12360000;13520000;11010000;12340000
12/14/1992;12610000;12830000;12360000;12660000
12/15/1992;12610000;12920000;12370000;12410000
12/16/1992;12610000;12880000;12150000;12580000
12/17/1992;12030000;12600000;11860000;12140000
12/18/1992;12030000;12580000;10640000;11660000
12/21/1992;12030000;11970000;11200000;11650000
12/22/1992;10570000;12810000;10360000;11750000
12/23/1992;10570000;11900000;11270000;11510000
12/24/1992;11500000;11990000;11300000;11570000
12/28/1992;12670000;12850000;12110000;12220000
12/29/1992;12270000;12840000;11720000;12290000
12/30/1992;12140000;13600000;12140000;12600000
12/31/1992;11870000;13050000;11750000;12570000
01/04/1993;12960000;13920000;12910000;13360000
01/05/1993;12990000;14080000;12920000;13350000
01/06/1993;12880000;14170000;11860000;13370000
01/07/1993;12900000;15060000;12650000;14720000
01/08/1993;13750000;14390000;13610000;13770000
01/11/1993;13270000;13570000;12430000;12860000
01/12/1993;11820000;13870000;11740000;12780000
01/13/1993;13020000;13020000;12150000;12420000
01/14/1993;12290000;12330000;11930000;11990000
01/15/1993;11900000;11960000;11250000;11570000
01/18/1993;12150000;12170000;11490000;11490000
01/19/1993;11640000;12170000;11620000;12060000
01/20/1993;12210000;12340000;11850000;12150000
01/21/1993;12410000;12450000;11690000;11690000
01/22/1993;11630000;11740000;11220000;11300000
01/25/1993;11420000;11650000;11260000;11380000
01/26/1993;11080000;11500000;10980000;11450000
01/27/1993;11660000;12610000;11440000;12010000
01/28/1993;12080000;12460000;11900000;12040000
01/29/1993;12490000;13160000;12420000;12420000
02/01/1993;12510000;12920000;12180000;12330000
02/02/1993;12470000;12890000;12220000;12250000
02/03/1993;11980000;12340000;11790000;12120000
02/04/1993;11860000;12840000;11690000;12290000
02/05/1993;12560000;13450000;12490000;12900000
02/08/1993;13150000;13940000;12200000;13220000
02/09/1993;13630000;13760000;13430000;13480000
02/10/1993;13580000;14260000;13000000;13430000
02/11/1993;13050000;13650000;12630000;12690000
02/12/1993;13580000;13660000;12320000;12380000
02/16/1993;13440000;16450000;13350000;15760000
02/17/1993;15960000;16340000;15570000;15900000
02/18/1993;14690000;16650000;14320000;15560000
02/19/1993;15740000;15740000;15000000;15020000
02/22/1993;15030000;15250000;14340000;14700000
02/23/1993;15100000;15430000;14600000;15040000
02/24/1993;14000000;15030000;14000000;14720000
02/25/1993;12990000;14790000;12950000;13760000
02/26/1993;13470000;13820000;13120000;13160000
03/01/1993;13130000;14110000;13070000;13600000
03/02/1993;13760000;13800000;12490000;12490000
03/03/1993;13140000;13710000;12930000;13130000
03/04/1993;12520000;14020000;12500000;13440000
03/05/1993;13200000;14130000;12980000;14080000
03/08/1993;15000000;16300000;14950000;16220000
03/09/1993;14020000;15430000;13780000;14170000
03/10/1993;14630000;14720000;13850000;13910000
03/11/1993;13970000;14270000;13920000;14260000
03/12/1993;15600000;16370000;14910000;15660000
03/15/1993;15010000;15060000;14630000;14740000
03/16/1993;13050000;14680000;13050000;14510000
03/17/1993;15060000;15180000;14400000;14530000
03/18/1993;14330000;15070000;14170000;14170000
03/19/1993;14330000;13890000;13110000;13230000
03/22/1993;13970000;14420000;13650000;13660000
03/23/1993;12710000;13370000;12690000;13020000
03/24/1993;12230000;12890000;12060000;12440000
03/25/1993;12710000;12810000;12040000;12080000
03/26/1993;10660000;12380000;10660000;12210000
03/29/1993;13040000;13040000;12270000;12630000
03/30/1993;12580000;12820000;12230000;12230000
03/31/1993;12290000;12900000;12190000;12530000
04/01/1993;13040000;14050000;12700000;13020000
04/02/1993;14270000;14850000;13990000;14500000
04/05/1993;14430000;15060000;14060000;14120000
04/06/1993;13730000;14840000;13720000;14240000
04/07/1993;13750000;14580000;13580000;13640000
04/08/1993;12330000;13650000;12160000;12830000
04/12/1993;12330000;12780000;11520000;11930000
04/13/1993;12590000;12950000;11480000;11700000
04/14/1993;12330000;12410000;11610000;11760000
04/15/1993;11960000;11970000;10710000;10960000
04/16/1993;11110000;11500000;10740000;11290000
04/19/1993;11110000;12350000;11390000;12060000
04/20/1993;11820000;12540000;11750000;11940000
04/21/1993;12410000;12820000;12020000;12110000
04/22/1993;11580000;13010000;11450000;12680000
04/23/1993;13200000;13980000;12920000;13360000
04/26/1993;14060000;15450000;13990000;15250000
04/27/1993;15390000;15450000;13930000;13930000
04/28/1993;15390000;13780000;11280000;13120000
04/29/1993;13240000;13440000;12800000;12800000
04/30/1993;11260000;12670000;11250000;12420000
05/03/1993;13250000;13520000;12790000;12900000
05/04/1993;13050000;13070000;12100000;12140000
05/05/1993;12120000;12750000;11960000;12380000
05/06/1993;12830000;13720000;12580000;13220000
05/07/1993;12930000;13480000;12870000;13010000
05/10/1993;13420000;14710000;13250000;13720000
05/11/1993;13620000;14190000;13350000;13350000
05/12/1993;12980000;14110000;12870000;13560000
05/13/1993;14630000;14790000;14180000;14760000
05/14/1993;14630000;14970000;14020000;14390000
05/17/1993;14850000;14850000;14100000;14130000
05/18/1993;14520000;14620000;14080000;14190000
05/19/1993;14460000;15020000;13760000;14290000
05/20/1993;14460000;15110000;13310000;13980000
05/21/1993;14160000;14960000;13670000;14510000
05/24/1993;14160000;14800000;14090000;14100000
05/25/1993;13730000;14340000;13730000;14040000
05/26/1993;13200000;13820000;12880000;12880000
05/27/1993;13580000;13730000;13090000;13100000
05/28/1993;13210000;13860000;13120000;13470000
06/01/1993;13210000;14630000;13640000;13670000
06/02/1993;13590000;14210000;13180000;13480000
06/03/1993;13670000;14120000;13470000;13540000
06/04/1993;12960000;13510000;12860000;12860000
06/07/1993;12760000;14780000;12630000;14070000
06/08/1993;15220000;15220000;14270000;14740000
06/09/1993;15740000;15880000;13750000;13960000
06/10/1993;13590000;14240000;13290000;13310000
06/11/1993;13350000;13420000;12710000;12710000
06/14/1993;12320000;12360000;12180000;12330000
06/15/1993;12320000;12970000;11930000;11990000
06/16/1993;12320000;12840000;11870000;11870000
06/17/1993;12850000;12870000;11540000;11660000
06/18/1993;11730000;12400000;11730000;12240000
06/21/1993;12570000;12650000;12230000;12250000
06/22/1993;11670000;12070000;11390000;11650000
06/23/1993;11240000;12330000;11140000;12040000
06/24/1993;12910000;12970000;12240000;12250000
06/25/1993;12150000;12150000;11110000;11250000
06/28/1993;12130000;12880000;11070000;11110000
06/29/1993;11460000;11790000;11270000;11290000
06/30/1993;11220000;11720000;10860000;11260000
07/01/1993;10490000;12240000;10470000;11510000
07/02/1993;11600000;11670000;11260000;11330000
07/06/1993;13000000;14370000;12560000;13870000
07/07/1993;13430000;14150000;12950000;13050000
07/08/1993;11190000;13430000;11190000;12240000
07/09/1993;11280000;11840000;10190000;10800000
07/12/1993;9180000;11150000;9110000;10850000
07/13/1993;9180000;11810000;10270000;11020000
07/14/1993;9180000;11670000;10040000;10780000
07/15/1993;10940000;10950000;10450000;10600000
07/16/1993;10660000;11170000;10050000;10960000
07/19/1993;11440000;11740000;11090000;11460000
07/20/1993;11100000;12120000;10950000;11050000
07/21/1993;12050000;12280000;11910000;11970000
07/22/1993;11940000;11940000;11110000;11690000
07/23/1993;11150000;11780000;10860000;11320000
07/26/1993;11650000;11770000;11220000;11320000
07/27/1993;11870000;12220000;11310000;11340000
07/28/1993;11870000;11870000;10640000;11370000
07/29/1993;11540000;11850000;11150000;11250000
07/30/1993;11540000;12060000;10340000;11730000
08/02/1993;11810000;12060000;11430000;11470000
08/03/1993;10950000;12300000;10800000;11490000
08/04/1993;10920000;12230000;10810000;11710000
08/05/1993;11940000;12630000;11660000;12030000
08/06/1993;12180000;13180000;12010000;12330000
08/09/1993;12150000;13140000;11910000;12390000
08/10/1993;11970000;13100000;11900000;12310000
08/11/1993;12360000;12720000;12040000;12070000
08/12/1993;12220000;13170000;12150000;12380000
08/13/1993;12800000;13250000;12170000;12190000
08/16/1993;12370000;12440000;11770000;12010000
08/17/1993;11780000;12710000;11520000;11590000
08/18/1993;12060000;12250000;11380000;11520000
08/19/1993;12070000;12070000;11380000;11630000
08/20/1993;11290000;12110000;11240000;11620000
08/23/1993;12360000;12470000;12110000;12150000
08/24/1993;11940000;12660000;11700000;11800000
08/25/1993;11780000;12680000;11730000;12100000
08/26/1993;11850000;12770000;11540000;12140000
08/27/1993;11850000;12550000;11650000;11910000
08/30/1993;11340000;12280000;11230000;11740000
08/31/1993;12550000;13100000;11770000;11850000
09/01/1993;11300000;12220000;11300000;11480000
09/02/1993;11910000;12640000;11760000;11870000
09/03/1993;11560000;11730000;10750000;11160000
09/07/1993;11800000;13330000;11790000;12900000
09/08/1993;12260000;13890000;12240000;13240000
09/09/1993;13380000;13380000;12540000;12670000
09/10/1993;12160000;12160000;11290000;11700000
09/13/1993;11670000;12440000;11660000;12160000
09/14/1993;13490000;13830000;12670000;13150000
09/15/1993;13490000;13430000;12470000;12700000
09/16/1993;13490000;13780000;12730000;13360000
09/17/1993;11320000;14050000;11300000;13390000
09/20/1993;13660000;14730000;13420000;14600000
09/21/1993;14570000;18310000;14520000;17300000
09/22/1993;14780000;14810000;13730000;13750000
09/23/1993;13470000;13850000;13210000;13360000
09/24/1993;12580000;12780000;12350000;12470000
09/27/1993;12760000;12850000;12310000;12490000
09/28/1993;11910000;12860000;11840000;12190000
09/29/1993;12000000;13110000;11900000;12630000
09/30/1993;13080000;13230000;12540000;12990000
10/01/1993;12560000;12560000;11760000;11830000
10/04/1993;13270000;13600000;12750000;12850000
10/05/1993;13150000;13760000;12520000;12970000
10/06/1993;13070000;13130000;12380000;12680000
10/07/1993;12650000;13560000;12440000;13140000
10/08/1993;12650000;13420000;11600000;12040000
10/11/1993;13080000;13370000;12040000;12260000
10/12/1993;14640000;14790000;12010000;12410000
10/13/1993;10620000;13350000;10600000;11380000
10/14/1993;12350000;12400000;11000000;11000000
10/15/1993;12350000;11630000;10440000;10870000
10/18/1993;12270000;12270000;11180000;11330000
10/19/1993;11730000;12080000;11310000;11610000
10/20/1993;11200000;11680000;11200000;11320000
10/21/1993;10700000;11640000;10600000;11200000
10/22/1993;10750000;11750000;10750000;11480000
10/25/1993;11670000;12340000;11670000;11830000
10/26/1993;10040000;12200000;10000000;11830000
10/27/1993;10040000;12310000;11640000;12010000
10/28/1993;11950000;12100000;11720000;11880000
10/29/1993;11950000;11800000;10800000;11460000
11/01/1993;12020000;12190000;11770000;11780000
11/02/1993;11680000;12370000;11490000;11740000
11/03/1993;11720000;13870000;11530000;13260000
11/04/1993;13520000;15160000;13130000;14680000
11/05/1993;14570000;16460000;14560000;14970000
11/08/1993;16120000;16120000;14190000;14310000
11/09/1993;13920000;14360000;13160000;13940000
11/10/1993;13180000;14340000;12990000;13720000
11/11/1993;13250000;14660000;13020000;13880000
11/12/1993;14470000;14610000;12990000;13330000
11/15/1993;13790000;15300000;13780000;14460000
11/16/1993;15030000;15730000;14970000;15110000
11/17/1993;15690000;16290000;15170000;15570000
11/18/1993;15440000;15620000;14560000;14650000
11/19/1993;14990000;15510000;14530000;15030000
11/22/1993;16200000;16450000;15770000;15900000
11/23/1993;16200000;14860000;13860000;14270000
11/24/1993;16200000;13890000;13190000;13510000
11/26/1993;13300000;14530000;13290000;13770000
11/29/1993;13390000;14650000;13390000;14120000
11/30/1993;13390000;14630000;13480000;13760000
12/01/1993;12930000;14400000;12920000;13830000
12/02/1993;14220000;14220000;13510000;13510000
12/03/1993;13340000;13400000;12670000;12690000
12/06/1993;14500000;14530000;12780000;12840000
12/07/1993;14760000;14760000;12300000;12410000
12/08/1993;14200000;14240000;12460000;12460000
12/09/1993;11580000;13240000;11510000;12430000
12/10/1993;12620000;12690000;12150000;12600000
12/13/1993;9700000;11510000;9650000;10980000
12/14/1993;10710000;11230000;10640000;11130000
12/15/1993;11490000;11490000;10920000;11030000
12/16/1993;11150000;11180000;10590000;10900000
12/17/1993;11670000;11670000;11030000;11080000
12/20/1993;11110000;11470000;10730000;10750000
12/21/1993;10530000;10600000;10050000;10080000
12/22/1993;10030000;10030000;9280000;9310000
12/23/1993;9500000;9550000;9170000;9480000
12/27/1993;9500000;9790000;8890000;9700000
12/28/1993;9810000;9960000;9700000;9820000
12/29/1993;10110000;10840000;10030000;10460000
12/30/1993;10320000;11090000;10200000;10690000
12/31/1993;10590000;11660000;10520000;11660000
01/03/1994;11280000;13420000;11280000;12570000
01/04/1994;12870000;12870000;11810000;11910000
01/05/1994;12870000;11470000;10370000;10940000
01/06/1994;11470000;11740000;10340000;11270000
01/07/1994;11470000;12140000;10000000;10960000
01/10/1994;10640000;11300000;10280000;10740000
01/11/1994;12040000;12080000;11260000;11290000
01/12/1994;12210000;12410000;11560000;11650000
01/13/1994;12750000;12840000;12050000;12080000
01/14/1994;11140000;11220000;11000000;11150000
01/17/1994;11990000;12070000;11720000;11880000
01/18/1994;11700000;11720000;11310000;11630000
01/19/1994;11740000;12150000;11620000;11760000
01/20/1994;11810000;11830000;11160000;11160000
01/21/1994;10900000;11210000;10900000;11090000
01/24/1994;11590000;11930000;11230000;11600000
01/25/1994;10940000;11960000;10940000;11380000
01/26/1994;11760000;11870000;11070000;11170000
01/27/1994;10690000;11280000;10210000;10300000
01/28/1994;9860000;10310000;9590000;9940000
01/31/1994;9860000;11200000;10010000;10630000
02/01/1994;10810000;11210000;10510000;10650000
02/02/1994;10540000;10860000;10370000;10610000
02/03/1994;10630000;11260000;10630000;10750000
02/04/1994;10710000;15630000;10210000;15250000
02/07/1994;10710000;15370000;13860000;13960000
02/08/1994;12490000;14440000;12490000;13660000
02/09/1994;12910000;13890000;12750000;13300000
02/10/1994;12690000;14960000;12690000;14240000
02/11/1994;15180000;15180000;14200000;14460000
02/14/1994;14250000;14620000;13880000;14280000
02/15/1994;14150000;14150000;13400000;13400000
02/16/1994;13120000;13390000;12980000;13130000
02/17/1994;12750000;14330000;12590000;13790000
02/18/1994;13970000;15400000;13800000;14700000
02/22/1994;14950000;15170000;13520000;13520000
02/23/1994;14950000;14140000;11810000;13910000
02/24/1994;15540000;16310000;14780000;15960000
02/25/1994;15010000;15190000;14580000;14800000
02/28/1994;15010000;15210000;13860000;14870000
03/01/1994;12580000;17040000;12540000;15830000
03/02/1994;17820000;17940000;16080000;16080000
03/03/1994;15990000;16670000;15820000;16360000
03/04/1994;15650000;16630000;15630000;16000000
03/07/1994;12200000;14960000;12200000;14260000
03/08/1994;12200000;16390000;16070000;16230000
03/09/1994;14680000;15000000;14350000;14410000
03/10/1994;14680000;16930000;16080000;16550000
03/11/1994;14770000;16140000;13890000;14870000
03/14/1994;14770000;17480000;16520000;16610000
03/15/1994;14490000;15180000;13780000;14780000
03/16/1994;15350000;15890000;14490000;14510000
03/17/1994;13230000;13330000;12760000;12760000
03/18/1994;13740000;13740000;13200000;13320000
03/21/1994;14500000;15070000;14300000;14340000
03/22/1994;13940000;13970000;12750000;13390000
03/23/1994;11880000;12760000;11580000;12310000
03/24/1994;12220000;14140000;12220000;13430000
03/25/1994;13400000;13830000;12880000;13670000
03/28/1994;15690000;16240000;14900000;14900000
03/29/1994;13660000;16960000;13650000;16490000
03/30/1994;17110000;18840000;17110000;18590000
03/31/1994;18500000;21940000;18420000;20450000
04/04/1994;18500000;28300000;23610000;23870000
04/05/1994;21630000;21630000;18130000;18130000
04/06/1994;16840000;18340000;16800000;17380000
04/07/1994;17920000;18240000;16880000;16980000
04/08/1994;16500000;17580000;16420000;16920000
04/11/1994;16500000;17660000;16430000;16610000
04/12/1994;16500000;17450000;16240000;16420000
04/13/1994;15970000;17960000;14720000;17020000
04/14/1994;17130000;17260000;16150000;16270000
04/15/1994;15540000;16660000;15500000;15980000
04/18/1994;16080000;17880000;15980000;17220000
04/19/1994;16690000;17760000;16670000;16930000
04/20/1994;16800000;18140000;16480000;17010000
04/21/1994;16430000;16560000;14870000;14930000
04/22/1994;14160000;15400000;14070000;14940000
04/25/1994;15190000;15310000;14070000;14260000
04/26/1994;14190000;14800000;13780000;13800000
04/28/1994;13230000;14880000;13210000;14510000
04/29/1994;13050000;14340000;13050000;13770000
05/02/1994;14420000;14780000;13990000;14110000
05/03/1994;13030000;14450000;13030000;13810000
05/04/1994;13770000;14800000;13710000;14290000
05/05/1994;13620000;15340000;13620000;14560000
05/06/1994;15110000;15540000;14790000;15080000
05/09/1994;16400000;16650000;15860000;16160000
05/10/1994;15870000;16070000;15100000;15190000
05/11/1994;14930000;16280000;14750000;15550000
05/12/1994;15010000;16160000;14760000;15460000
05/13/1994;15550000;16110000;14480000;14540000
05/16/1994;14850000;15000000;14150000;14670000
05/17/1994;14670000;15220000;14080000;14080000
05/18/1994;13100000;13820000;12530000;12550000
05/19/1994;12090000;12460000;11440000;12330000
05/20/1994;11890000;13030000;11800000;12790000
05/23/1994;13260000;13940000;13240000;13490000
05/24/1994;12590000;13170000;12420000;12730000
05/25/1994;13010000;13470000;12390000;12430000
05/26/1994;12460000;12660000;12260000;12500000
05/27/1994;12840000;13010000;12420000;12490000
05/31/1994;13390000;13460000;12770000;13030000
06/01/1994;13160000;13470000;12540000;12720000
06/02/1994;12770000;13060000;12450000;12730000
06/03/1994;13280000;13360000;12100000;12190000
06/06/1994;11780000;13030000;11760000;13030000
06/07/1994;13350000;14120000;13040000;13050000
06/08/1994;12810000;13720000;12690000;13320000
06/09/1994;13270000;13280000;13100000;13210000
06/10/1994;13040000;13040000;12450000;12690000
06/13/1994;12340000;12610000;11660000;11920000
06/14/1994;11620000;11930000;11380000;11600000
06/15/1994;11360000;12390000;11210000;11520000
06/16/1994;11360000;11890000;11200000;11220000
06/17/1994;10520000;12330000;10480000;12310000
06/20/1994;13770000;14210000;13380000;13960000
06/21/1994;13700000;14990000;13600000;14700000
06/22/1994;14750000;14760000;14020000;14020000
06/23/1994;13310000;14280000;13290000;14120000
06/24/1994;15350000;17270000;15310000;16720000
06/27/1994;17360000;17710000;15510000;15530000
06/28/1994;13390000;15750000;13390000;15040000
06/29/1994;14630000;14750000;14260000;14420000
06/30/1994;13920000;15430000;13860000;14970000
07/01/1994;14890000;15260000;14360000;14360000
07/05/1994;14840000;15480000;14600000;14920000
07/06/1994;15120000;15630000;14440000;14700000
07/07/1994;13240000;14640000;13240000;14010000
07/08/1994;14880000;14880000;12850000;13260000
07/11/1994;13300000;14610000;13030000;13830000
07/12/1994;13900000;14160000;13040000;13400000
07/13/1994;12940000;12980000;12170000;12420000
07/14/1994;12690000;12880000;11390000;11640000
07/15/1994;11130000;11540000;11000000;11280000
07/18/1994;11490000;11680000;11160000;11440000
07/19/1994;11490000;11910000;11000000;11650000
07/20/1994;11510000;12130000;11500000;11700000
07/21/1994;12490000;12560000;11620000;11650000
07/22/1994;10960000;11890000;10960000;11220000
07/25/1994;11870000;12380000;11440000;11460000
07/26/1994;11780000;12020000;11650000;11660000
07/27/1994;11930000;12260000;11860000;11930000
07/28/1994;11990000;12150000;11690000;12030000
07/29/1994;11230000;11740000;11050000;11130000
08/01/1994;11710000;11760000;11130000;11170000
08/02/1994;10910000;11430000;10750000;11270000
08/03/1994;11420000;11610000;11150000;11350000
08/04/1994;11500000;12300000;11460000;12180000
08/05/1994;12850000;12980000;12330000;12340000
08/08/1994;11710000;12700000;11690000;12410000
08/09/1994;11120000;13320000;11120000;12540000
08/10/1994;12610000;12630000;11660000;11910000
08/11/1994;11550000;12890000;11270000;12130000
08/12/1994;11980000;12130000;11030000;11090000
08/15/1994;11920000;12730000;11650000;12060000
08/16/1994;11720000;12790000;11170000;11390000
08/17/1994;11170000;11620000;11160000;11540000
08/18/1994;11760000;12600000;11650000;12070000
08/19/1994;12710000;13340000;12440000;12830000
08/22/1994;12870000;13230000;12550000;12620000
08/23/1994;11780000;11850000;11140000;11750000
08/24/1994;12030000;12050000;11560000;11570000
08/25/1994;11620000;12270000;11520000;12020000
08/26/1994;11160000;12840000;11020000;12190000
08/29/1994;12810000;12810000;11660000;11820000
08/30/1994;11730000;11810000;11220000;11230000
08/31/1994;11180000;12430000;11180000;11970000
09/01/1994;12170000;12660000;11860000;11860000
09/02/1994;11210000;11730000;11170000;11400000
09/06/1994;11500000;12240000;11480000;11690000
09/07/1994;11830000;12490000;11600000;11810000
09/08/1994;12010000;12030000;11400000;11860000
09/09/1994;11620000;13560000;11620000;13120000
09/12/1994;13470000;14910000;13440000;14010000
09/13/1994;12960000;14590000;12960000;13770000
09/14/1994;13950000;14380000;12920000;13090000
09/15/1994;11870000;13000000;11430000;11880000
09/16/1994;12060000;13120000;11750000;12800000
09/19/1994;12890000;13260000;12710000;13060000
09/20/1994;12890000;14450000;13350000;14450000
09/21/1994;13650000;16080000;13630000;14490000
09/22/1994;13560000;13940000;13430000;13890000
09/23/1994;13790000;14870000;13790000;14530000
09/26/1994;14940000;15010000;14520000;14560000
09/27/1994;14900000;15130000;14130000;14130000
09/28/1994;13620000;13820000;12970000;13250000
09/29/1994;13550000;14400000;13230000;13970000
09/30/1994;13330000;14560000;12850000;14280000
10/03/1994;15690000;16400000;15420000;15440000
10/04/1994;14080000;16970000;14080000;16660000
10/05/1994;16260000;16720000;15000000;15920000
10/06/1994;15650000;16370000;15300000;16240000
10/07/1994;15310000;15730000;14850000;14920000
10/10/1994;14260000;15620000;14260000;14720000
10/11/1994;13930000;14160000;13400000;13550000
10/12/1994;13660000;15210000;13590000;14510000
10/13/1994;12750000;14970000;12750000;14900000
10/14/1994;14330000;14330000;13180000;13320000
10/17/1994;14250000;15310000;14130000;14760000
10/18/1994;14400000;15600000;14380000;14590000
10/19/1994;13910000;15330000;13870000;15130000
10/20/1994;15500000;16450000;15500000;15990000
10/21/1994;16140000;16460000;15810000;15910000
10/24/1994;15970000;17220000;15870000;16970000
10/25/1994;17180000;17180000;16110000;16130000
10/26/1994;15700000;16030000;15530000;15700000
10/27/1994;15200000;15900000;15200000;15670000
10/28/1994;15110000;15220000;14560000;14560000
10/31/1994;14730000;15170000;14200000;14560000
11/01/1994;14610000;15180000;14610000;14840000
11/02/1994;15280000;15470000;14410000;15340000
11/03/1994;14320000;16430000;14320000;15580000
11/04/1994;14990000;16870000;14870000;16750000
11/07/1994;16880000;17870000;16820000;17370000
11/08/1994;15570000;16920000;15540000;16300000
11/09/1994;15950000;17330000;15830000;16420000
11/10/1994;16110000;16740000;15670000;16000000
11/11/1994;15070000;16910000;14990000;16500000
11/14/1994;16960000;16990000;16680000;16680000
11/15/1994;14750000;17010000;14750000;16660000
11/16/1994;15730000;16030000;15560000;15560000
11/17/1994;15020000;16140000;14990000;15910000
11/18/1994;15770000;16270000;15610000;16000000
11/21/1994;15470000;16380000;15280000;16130000
11/22/1994;16570000;17390000;16020000;17240000
11/23/1994;18270000;19570000;18270000;18410000
11/25/1994;17640000;18510000;17230000;17440000
11/28/1994;17090000;17620000;16830000;16830000
11/29/1994;16010000;16760000;15650000;16150000
11/30/1994;15990000;16870000;15530000;15950000
12/01/1994;15490000;17040000;15420000;16690000
12/02/1994;16110000;17140000;16100000;16550000
12/05/1994;15880000;17030000;15690000;16100000
12/06/1994;15800000;16860000;15660000;16050000
12/07/1994;16610000;17640000;16170000;16280000
12/08/1994;16130000;18160000;16120000;18150000
12/09/1994;17000000;17220000;16010000;16040000
12/12/1994;17440000;17440000;15460000;15460000
12/13/1994;15040000;15170000;14330000;14480000
12/14/1994;15090000;15110000;12660000;13030000
12/15/1994;13790000;13790000;12670000;12870000
12/16/1994;12870000;13130000;11870000;12790000
12/19/1994;12870000;13670000;13020000;13020000
12/20/1994;12940000;13480000;12780000;12980000
12/21/1994;12900000;12940000;11910000;12050000
12/22/1994;12170000;12590000;12120000;12420000
12/23/1994;11960000;12040000;11740000;11820000
12/27/1994;11830000;12370000;11610000;12070000
12/28/1994;11400000;13210000;11360000;12810000
12/29/1994;12870000;12870000;12340000;12860000
12/30/1994;12480000;13480000;12340000;13200000
01/03/1995;14090000;14710000;13390000;14250000
01/04/1995;13870000;14150000;13530000;13530000
01/05/1995;13700000;14190000;13370000;13500000
01/06/1995;13670000;13760000;12790000;13130000
01/09/1995;13530000;14080000;13210000;13330000
01/10/1995;12490000;13250000;11970000;12520000
01/11/1995;12030000;13130000;11950000;12150000
01/12/1995;12740000;13560000;12640000;12830000
01/13/1995;11460000;11860000;11020000;11100000
01/16/1995;11450000;11530000;11060000;11140000
01/17/1995;12450000;12480000;11610000;11790000
01/18/1995;11240000;11900000;11210000;11570000
01/19/1995;12080000;12340000;11520000;11860000
01/20/1995;12080000;12480000;12000000;12150000
01/23/1995;13890000;13890000;12780000;12790000
01/24/1995;12130000;12510000;11840000;11940000
01/25/1995;11940000;12260000;11170000;11460000
01/26/1995;10900000;11520000;10890000;11250000
01/27/1995;10770000;11410000;10760000;11250000
01/30/1995;11630000;12670000;11430000;12260000
01/31/1995;12120000;12250000;11770000;11960000
02/01/1995;11740000;11950000;11530000;11730000
02/02/1995;11590000;11630000;11090000;11130000
02/03/1995;10560000;11470000;10510000;10980000
02/06/1995;11240000;11670000;10940000;11220000
02/07/1995;11010000;11410000;11000000;11170000
02/08/1995;11290000;11490000;11030000;11420000
02/09/1995;11420000;11980000;11230000;11630000
02/10/1995;11500000;11710000;11160000;11280000
02/13/1995;11740000;11770000;11290000;11410000
02/14/1995;11350000;11780000;11320000;11430000
02/15/1995;11490000;11740000;11280000;11520000
02/16/1995;11620000;11990000;11550000;11610000
02/17/1995;11440000;12060000;11290000;11710000
02/21/1995;11440000;12520000;12050000;12050000
02/22/1995;11030000;11760000;11030000;11390000
02/23/1995;10800000;11350000;10770000;11150000
02/24/1995;10950000;11320000;10780000;10840000
02/27/1995;10930000;13010000;10890000;12510000
02/28/1995;12330000;12390000;11730000;11750000
03/01/1995;11490000;11930000;11360000;11650000
03/02/1995;11660000;12020000;11460000;12020000
03/03/1995;11480000;11910000;11400000;11450000
03/06/1995;12190000;12650000;11840000;12170000
03/07/1995;12390000;14770000;12330000;14220000
03/08/1995;13210000;14270000;13210000;13720000
03/09/1995;13090000;13980000;12890000;13360000
03/10/1995;13270000;13270000;11700000;12380000
03/13/1995;12110000;12460000;11990000;12150000
03/14/1995;11680000;12610000;11400000;12100000
03/15/1995;12270000;12680000;12190000;12420000
03/16/1995;12270000;12380000;11780000;11950000
03/17/1995;12050000;12130000;11600000;11800000
03/20/1995;11880000;11900000;11340000;11340000
03/21/1995;11350000;11830000;10790000;11530000
03/22/1995;11360000;11720000;11270000;11290000
03/23/1995;11390000;11750000;11250000;11430000
03/24/1995;11230000;11240000;10980000;11190000
03/27/1995;11970000;12110000;11780000;11830000
03/28/1995;11510000;11650000;11290000;11330000
03/29/1995;11680000;12930000;11620000;12510000
03/30/1995;12590000;13030000;12300000;12620000
03/31/1995;13600000;13790000;12950000;13370000
04/03/1995;12520000;14090000;12420000;13500000
04/04/1995;12240000;12950000;11760000;12620000
04/05/1995;12980000;13340000;12730000;12960000
04/06/1995;11720000;13220000;11650000;12810000
04/07/1995;13140000;13660000;12720000;12850000
04/10/1995;13300000;13420000;12620000;12790000
04/11/1995;12590000;13600000;11640000;12730000
04/12/1995;12290000;12840000;11800000;12040000
04/13/1995;11220000;11870000;11100000;11480000
04/17/1995;11490000;12890000;11260000;12330000
04/18/1995;12210000;13070000;12160000;12960000
04/19/1995;13110000;14480000;13090000;13090000
04/20/1995;12160000;12940000;12090000;12100000
04/21/1995;11210000;12260000;10950000;11860000
04/24/1995;11780000;12090000;11550000;11920000
04/25/1995;11930000;12530000;11930000;12410000
04/26/1995;12780000;12840000;12250000;12280000
04/27/1995;11810000;12150000;11710000;11930000
04/28/1995;11540000;12370000;11510000;11750000
05/01/1995;11210000;12680000;11120000;12140000
05/02/1995;12180000;12330000;11780000;11880000
05/03/1995;11800000;11820000;11440000;11690000
05/04/1995;11460000;13460000;11400000;12640000
05/05/1995;11910000;12660000;11820000;12060000
05/08/1995;11370000;12370000;11290000;12220000
05/09/1995;12260000;13010000;12170000;12750000
05/10/1995;12940000;13440000;12810000;13080000
05/11/1995;13290000;13590000;12870000;12980000
05/12/1995;11200000;12610000;11180000;11840000
05/15/1995;12090000;12640000;11780000;12380000
05/16/1995;12130000;12650000;12030000;12200000
05/17/1995;12280000;12650000;12110000;12360000
05/18/1995;11890000;13490000;11890000;13130000
05/19/1995;12730000;13600000;12600000;12810000
05/22/1995;12220000;12270000;11490000;11680000
05/23/1995;11140000;11740000;11050000;11550000
05/24/1995;10290000;11850000;10080000;11260000
05/25/1995;11760000;11990000;11310000;11630000
05/26/1995;11630000;12560000;11630000;12200000
05/30/1995;12130000;12970000;12100000;12520000
05/31/1995;12490000;12960000;12050000;12850000
06/01/1995;12160000;12850000;12120000;12210000
06/02/1995;12770000;13310000;12410000;12980000
06/05/1995;13500000;14050000;13270000;13450000
06/06/1995;12960000;13630000;12910000;13000000
06/07/1995;13220000;13990000;12780000;12840000
06/08/1995;13010000;13030000;12630000;12890000
06/09/1995;12620000;13450000;12360000;12760000
06/12/1995;12000000;12720000;11710000;11910000
06/13/1995;11350000;12000000;11050000;11290000
06/14/1995;12160000;12190000;11010000;11290000
06/15/1995;11720000;12050000;10950000;11230000
06/16/1995;10360000;10950000;10360000;10750000
06/19/1995;10600000;11350000;10600000;11210000
06/20/1995;11260000;11470000;11100000;11160000
06/21/1995;11520000;11600000;11190000;11320000
06/22/1995;10920000;11730000;10880000;11440000
06/23/1995;11430000;11510000;10970000;11120000
06/26/1995;10980000;12120000;10980000;11800000
06/27/1995;11850000;12570000;11660000;12370000
06/28/1995;12300000;12410000;11610000;11740000
06/29/1995;11590000;12190000;11470000;11590000
06/30/1995;11070000;11510000;10750000;11380000
07/03/1995;11360000;12550000;11230000;11570000
07/05/1995;11860000;12390000;11190000;12100000
07/06/1995;12350000;12390000;11430000;11520000
07/07/1995;11760000;12110000;11720000;11770000
07/10/1995;11190000;12870000;10930000;12190000
07/11/1995;11970000;13060000;11870000;12250000
07/12/1995;12250000;12750000;12070000;12310000
07/13/1995;11130000;13300000;10920000;12560000
07/14/1995;12730000;12960000;11990000;12080000
07/17/1995;12350000;12690000;12220000;12260000
07/18/1995;12550000;13050000;12450000;12680000
07/19/1995;13480000;15260000;12990000;13490000
07/20/1995;13460000;13800000;12770000;12780000
07/21/1995;11940000;13270000;11730000;12370000
07/24/1995;12640000;12770000;12390000;12550000
07/25/1995;12730000;13050000;12540000;12770000
07/26/1995;12850000;13670000;12850000;13180000
07/27/1995;13340000;13350000;13020000;13180000
07/28/1995;13050000;13820000;13030000;13180000
07/31/1995;13220000;13870000;13220000;13490000
08/01/1995;13440000;14150000;13390000;13560000
08/02/1995;13280000;13980000;13090000;13660000
08/03/1995;14460000;14490000;13760000;13780000
08/04/1995;12900000;13810000;12830000;13210000
08/07/1995;13620000;13990000;13060000;13100000
08/08/1995;13250000;13310000;13060000;13060000
08/09/1995;12780000;13020000;12600000;12750000
08/10/1995;12870000;13350000;12570000;13000000
08/11/1995;12450000;13340000;12450000;12900000
08/14/1995;12690000;14350000;12670000;13240000
08/15/1995;12310000;12760000;12270000;12350000
08/16/1995;11600000;12590000;11470000;12450000
08/17/1995;12170000;12830000;12090000;12130000
08/18/1995;11470000;12270000;11360000;12030000
08/21/1995;12080000;13780000;11890000;13420000
08/22/1995;12540000;12980000;12430000;12600000
08/23/1995;11820000;13370000;11800000;13170000
08/24/1995;13310000;13520000;12860000;12940000
08/25/1995;12230000;12690000;12110000;12330000
08/28/1995;12150000;13200000;12050000;12480000
08/29/1995;11680000;13800000;11630000;12650000
08/30/1995;11770000;12420000;11740000;12030000
08/31/1995;11610000;11950000;11360000;11520000
09/01/1995;11150000;11680000;10830000;11290000
09/05/1995;11440000;12030000;11280000;11650000
09/06/1995;10310000;12080000;10190000;11650000
09/07/1995;10650000;12530000;10650000;11850000
09/08/1995;11010000;11940000;10490000;11160000
09/11/1995;11790000;12090000;11310000;11510000
09/12/1995;11670000;12150000;11320000;11460000
09/13/1995;11660000;12000000;11180000;11350000
09/14/1995;11290000;11930000;10870000;11100000
09/15/1995;11130000;11840000;11000000;11580000
09/18/1995;12380000;12720000;12300000;12340000
09/19/1995;12500000;13310000;12400000;12670000
09/20/1995;12750000;12810000;12350000;12350000
09/21/1995;11950000;13180000;11890000;12500000
09/22/1995;12790000;12940000;12370000;12460000
09/25/1995;12330000;13430000;12310000;13220000
09/26/1995;12210000;13230000;12080000;12900000
09/27/1995;12730000;13950000;12480000;12900000
09/28/1995;11720000;12870000;11670000;12460000
09/29/1995;12200000;13250000;12090000;12740000
10/02/1995;12400000;14370000;12290000;13950000
10/03/1995;14520000;14940000;14260000;14500000
10/04/1995;13310000;15420000;13310000;14860000
10/05/1995;14150000;16290000;14120000;15740000
10/06/1995;13450000;14710000;13450000;13980000
10/09/1995;14610000;15520000;14580000;14850000
10/10/1995;14610000;16470000;14970000;14970000
10/11/1995;14740000;14820000;14430000;14570000
10/12/1995;14340000;14640000;13660000;14240000
10/13/1995;13950000;14390000;13490000;13670000
10/16/1995;15040000;15350000;14570000;14620000
10/17/1995;14630000;14860000;14030000;14030000
10/18/1995;12570000;14560000;12550000;14050000
10/19/1995;14380000;14380000;13480000;13550000
10/20/1995;13460000;13770000;13130000;13460000
10/23/1995;14630000;14700000;14030000;14170000
10/24/1995;14010000;14330000;13850000;13850000
10/25/1995;13410000;14720000;13390000;14490000
10/26/1995;14470000;16990000;14410000;15590000
10/27/1995;15790000;15900000;14630000;14630000
10/30/1995;14480000;14800000;14250000;14260000
10/31/1995;13900000;14080000;13430000;13830000
11/01/1995;13980000;13980000;13390000;13410000
11/02/1995;13370000;13640000;13090000;13190000
11/03/1995;12120000;13080000;12120000;12260000
11/06/1995;13090000;13450000;12660000;12740000
11/07/1995;12920000;13990000;12780000;13050000
11/08/1995;12850000;13030000;12110000;12160000
11/09/1995;12350000;13190000;12310000;12460000
11/10/1995;12620000;13450000;12610000;12970000
11/13/1995;13520000;14100000;13010000;13200000
11/14/1995;13770000;13970000;13140000;13380000
11/15/1995;13440000;13900000;12940000;12950000
11/16/1995;12880000;13010000;12470000;12570000
11/17/1995;12610000;12800000;12350000;12490000
11/20/1995;12750000;13270000;12170000;12370000
11/21/1995;11890000;12340000;11730000;11740000
11/22/1995;11910000;11960000;11610000;11810000
11/24/1995;11910000;12800000;11810000;11870000
11/27/1995;10570000;12700000;10570000;12430000
11/28/1995;11940000;12260000;11520000;11570000
11/29/1995;11000000;11960000;10930000;11650000
11/30/1995;10900000;11920000;10900000;11580000
12/01/1995;11120000;11640000;11040000;11110000
12/04/1995;11120000;11350000;10060000;10660000
12/05/1995;11120000;11980000;10470000;11650000
12/06/1995;10840000;13170000;10820000;12700000
12/07/1995;12500000;13180000;12140000;12740000
12/08/1995;12500000;12670000;10150000;11120000
12/11/1995;12140000;12210000;10880000;11060000
12/12/1995;10380000;11340000;10070000;10630000
12/13/1995;11510000;11510000;10150000;10360000
12/14/1995;10670000;11440000;10270000;11070000
12/15/1995;11220000;12220000;11120000;11440000
12/18/1995;11220000;14860000;11020000;14550000
12/19/1995;15420000;15420000;13110000;13160000
12/20/1995;11840000;12340000;11110000;12200000
12/21/1995;13010000;13010000;10650000;10770000
12/22/1995;11290000;11580000;10970000;11510000
12/26/1995;11720000;11870000;11480000;11490000
12/27/1995;11240000;12650000;11190000;11980000
12/28/1995;11910000;12370000;11900000;12250000
12/29/1995;12590000;13140000;12310000;12520000
01/02/1996;13390000;13390000;12190000;12190000
01/03/1996;11530000;12290000;11450000;12100000
01/04/1996;11240000;14230000;11230000;13780000
01/05/1996;14020000;14740000;13550000;13580000
01/08/1996;14020000;13220000;12440000;13110000
01/09/1996;13040000;15480000;13040000;15210000
01/10/1996;16550000;16870000;15650000;16400000
01/11/1996;15760000;16100000;14620000;14690000
01/12/1996;14280000;15000000;14150000;14230000
01/15/1996;14120000;15130000;14030000;14990000
01/16/1996;14620000;15330000;14090000;14090000
01/17/1996;14000000;14310000;13550000;14250000
01/18/1996;13720000;14360000;13540000;13580000
01/19/1996;13550000;13570000;12590000;12700000
01/22/1996;12880000;13530000;12520000;13340000
01/23/1996;13560000;13670000;13320000;13560000
01/24/1996;12920000;12990000;12500000;12540000
01/25/1996;12310000;12990000;12280000;12940000
01/26/1996;12640000;12650000;11910000;12000000
01/29/1996;12070000;12340000;12050000;12190000
01/30/1996;11450000;12420000;11390000;12420000
01/31/1996;12370000;13040000;12350000;12530000
02/01/1996;11440000;12870000;11110000;12650000
02/02/1996;12510000;13480000;12420000;13230000
02/05/1996;13790000;14040000;13370000;13460000
02/06/1996;13990000;14680000;13510000;14590000
02/07/1996;14290000;14770000;14040000;14110000
02/08/1996;13960000;14110000;13430000;13890000
02/09/1996;14270000;15400000;14170000;14630000
02/12/1996;14530000;14990000;14430000;14690000
02/13/1996;14530000;15420000;14610000;14940000
02/14/1996;15020000;15600000;14680000;15590000
02/15/1996;15700000;16310000;15640000;16130000
02/16/1996;14930000;16350000;14930000;15370000
02/20/1996;16230000;17180000;16170000;16800000
02/21/1996;15530000;15560000;14470000;14470000
02/22/1996;14140000;14570000;14000000;14560000
02/23/1996;14930000;15810000;14640000;14780000
02/26/1996;15470000;16390000;15440000;16380000
02/27/1996;16510000;17030000;16450000;16630000
02/28/1996;15510000;16840000;15360000;16720000
02/29/1996;16880000;17390000;16370000;17040000
03/01/1996;17130000;17920000;16670000;16720000
03/04/1996;16780000;17030000;16200000;16670000
03/05/1996;16640000;16680000;16100000;16100000
03/06/1996;16030000;16580000;16030000;16560000
03/07/1996;16850000;17100000;16410000;16490000
03/08/1996;18860000;21360000;17500000;20700000
03/11/1996;17340000;21260000;17290000;19400000
03/12/1996;18370000;19810000;18220000;19090000
03/13/1996;18520000;18870000;18020000;18130000
03/14/1996;17790000;18200000;16930000;16930000
03/15/1996;15150000;17100000;14980000;16540000
03/18/1996;16500000;17390000;16490000;17310000
03/19/1996;16930000;18420000;16810000;18350000
03/20/1996;18300000;19450000;18280000;18660000
03/21/1996;18360000;18360000;17580000;17740000
03/22/1996;17410000;17420000;16930000;17050000
03/25/1996;17130000;17980000;17120000;17840000
03/26/1996;18230000;18260000;17660000;17800000
03/27/1996;17310000;18300000;17310000;17890000
03/28/1996;17800000;18320000;17680000;18160000
03/29/1996;18250000;18880000;18030000;18880000
04/01/1996;18420000;18710000;17880000;17900000
04/02/1996;16980000;17340000;16270000;16450000
04/03/1996;16360000;16560000;16160000;16330000
04/04/1996;16150000;16200000;15890000;16180000
04/08/1996;16150000;20780000;18150000;18720000
04/09/1996;16960000;17420000;16960000;17320000
04/10/1996;17790000;20460000;17520000;20220000
04/11/1996;19410000;21090000;19230000;19650000
04/12/1996;18690000;18730000;17310000;17380000
04/15/1996;17540000;17540000;16820000;16830000
04/16/1996;16510000;16560000;16210000;16450000
04/17/1996;16500000;17300000;16360000;17070000
04/18/1996;16690000;17060000;16240000;16410000
04/19/1996;14560000;15400000;14300000;15120000
04/22/1996;14760000;15700000;14760000;15380000
04/23/1996;14950000;15460000;14890000;15010000
04/24/1996;14010000;15130000;13990000;14910000
04/25/1996;14690000;15350000;14590000;14720000
04/26/1996;14560000;14930000;14460000;14750000
04/29/1996;15540000;15670000;15350000;15450000
04/30/1996;15750000;16010000;15710000;15830000
05/01/1996;15890000;16870000;15750000;16070000
05/02/1996;16750000;18960000;16720000;18620000
05/03/1996;16610000;17390000;15560000;16700000
05/06/1996;16890000;17870000;16720000;16920000
05/07/1996;16620000;17240000;16520000;16870000
05/08/1996;17200000;18690000;15780000;15780000
05/09/1996;15480000;17050000;15380000;16990000
05/10/1996;16200000;16320000;15300000;15610000
05/13/1996;16260000;16260000;14880000;15160000
05/14/1996;15010000;15180000;14660000;14900000
05/15/1996;14570000;15830000;14570000;15590000
05/16/1996;16010000;16010000;15530000;15710000
05/17/1996;14740000;15200000;14560000;15130000
05/20/1996;15050000;16360000;14890000;15800000
05/21/1996;15660000;16370000;15590000;16000000
05/22/1996;16000000;16100000;15460000;15500000
05/23/1996;15790000;16410000;15730000;16170000
05/24/1996;15580000;15760000;15440000;15540000
05/28/1996;16100000;16970000;16040000;16920000
05/29/1996;16970000;17750000;16750000;17150000
05/30/1996;17060000;17140000;16010000;16020000
05/31/1996;15740000;16290000;15500000;16070000
06/03/1996;16800000;17030000;16580000;16860000
06/04/1996;16350000;16390000;16120000;16180000
06/05/1996;16040000;16450000;15930000;16040000
06/06/1996;16340000;16860000;16330000;16840000
06/07/1996;17670000;17690000;16100000;16100000
06/10/1996;16570000;17160000;16550000;16780000
06/11/1996;16380000;16820000;16000000;16680000
06/12/1996;16470000;17200000;16350000;17000000
06/13/1996;16820000;17670000;16800000;17120000
06/14/1996;17100000;18880000;16700000;18640000
06/17/1996;17270000;17900000;17110000;17460000
06/18/1996;16690000;17470000;16640000;17450000
06/19/1996;17550000;17710000;17180000;17540000
06/20/1996;17080000;17310000;16730000;16970000
06/21/1996;14900000;16120000;14530000;15800000
06/24/1996;16080000;16380000;15750000;15910000
06/25/1996;15500000;15850000;15390000;15430000
06/26/1996;15070000;15570000;14950000;15230000
06/27/1996;15080000;15100000;14150000;14190000
06/28/1996;13920000;13920000;13550000;13680000
07/01/1996;13830000;14080000;13750000;13780000
07/02/1996;13930000;14450000;13920000;14190000
07/03/1996;13880000;14660000;13800000;14210000
07/05/1996;16250000;16840000;14920000;16090000
07/08/1996;16680000;16830000;15930000;16420000
07/09/1996;16020000;16020000;15430000;15490000
07/10/1996;16060000;16470000;15510000;15510000
07/11/1996;15810000;19200000;15760000;17810000
07/12/1996;16990000;17500000;16790000;17090000
07/15/1996;17140000;20110000;17130000;20110000
07/16/1996;20280000;27050000;19480000;20100000
07/17/1996;19380000;20340000;19120000;19220000
07/18/1996;18780000;19570000;17920000;17930000
07/19/1996;16740000;17860000;16730000;17260000
07/22/1996;19300000;21310000;19300000;20410000
07/23/1996;19300000;21800000;19280000;21550000
07/24/1996;23900000;24190000;21430000;21440000
07/25/1996;19590000;19690000;18610000;19390000
07/26/1996;18690000;18800000;17350000;17450000
07/29/1996;18560000;20510000;18440000;20090000
07/30/1996;19830000;21570000;19830000;20530000
07/31/1996;19880000;20200000;19270000;19460000
08/01/1996;19390000;19390000;18230000;18760000
08/02/1996;16380000;17490000;16160000;16190000
08/05/1996;17120000;17540000;16840000;17360000
08/06/1996;17750000;17880000;16930000;16930000
08/07/1996;16880000;17170000;16220000;16240000
08/08/1996;16280000;16580000;15970000;16040000
08/09/1996;16010000;16530000;15250000;15770000
08/12/1996;16140000;16500000;15450000;15570000
08/13/1996;16290000;17000000;15710000;16410000
08/14/1996;16530000;16610000;15840000;15960000
08/15/1996;16090000;16090000;15290000;15460000
08/16/1996;15000000;15730000;14570000;14810000
08/19/1996;15270000;15490000;15220000;15270000
08/20/1996;15190000;15540000;14730000;14730000
08/21/1996;14910000;15100000;14510000;14520000
08/22/1996;13900000;13910000;13220000;13710000
08/23/1996;13710000;15080000;13670000;14180000
08/26/1996;14740000;15660000;14700000;15380000
08/27/1996;14570000;15620000;14540000;15110000
08/28/1996;14880000;15980000;14840000;15100000
08/29/1996;15430000;16690000;15430000;16220000
08/30/1996;16090000;17250000;16090000;17010000
09/03/1996;19780000;19780000;18270000;18470000
09/04/1996;18610000;19070000;18550000;18640000
09/05/1996;19070000;20530000;18960000;20510000
09/06/1996;18150000;18190000;16840000;17100000
09/09/1996;17100000;17130000;16290000;16360000
09/10/1996;16420000;16800000;16250000;16250000
09/11/1996;16560000;16560000;15910000;16060000
09/12/1996;15360000;16090000;15360000;15970000
09/13/1996;15510000;15890000;15150000;15200000
09/16/1996;15400000;15960000;15240000;15430000
09/17/1996;15860000;16220000;15560000;15740000
09/18/1996;16270000;16460000;15760000;15860000
09/19/1996;16090000;16490000;15930000;16030000
09/20/1996;14570000;16180000;14550000;15650000
09/23/1996;16330000;16740000;16320000;16460000
09/24/1996;16550000;16900000;16130000;16450000
09/25/1996;15860000;16330000;15820000;16220000
09/26/1996;16130000;16510000;15700000;16110000
09/27/1996;16570000;16660000;16040000;16100000
09/30/1996;16330000;17080000;16210000;16950000
10/01/1996;16900000;17520000;16800000;17050000
10/02/1996;16920000;17120000;16690000;16780000
10/03/1996;16730000;16980000;16480000;16770000
10/04/1996;15460000;15460000;14780000;14800000
10/07/1996;15060000;15510000;14960000;15110000
10/08/1996;15350000;15630000;15020000;15580000
10/09/1996;15660000;16300000;15620000;16090000
10/10/1996;16330000;16350000;15920000;16260000
10/11/1996;15500000;15570000;14960000;15070000
10/14/1996;14770000;15380000;14630000;15130000
10/15/1996;14820000;16770000;14820000;15830000
10/16/1996;15820000;16070000;15590000;15600000
10/17/1996;15250000;15460000;14990000;15410000
10/18/1996;15520000;15550000;15020000;15080000
10/21/1996;15530000;16230000;15250000;15980000
10/22/1996;16290000;16790000;16240000;16400000
10/23/1996;16660000;17160000;16200000;16450000
10/24/1996;16170000;17000000;16170000;16890000
10/25/1996;17090000;17620000;16840000;17290000
10/28/1996;17270000;18360000;17130000;18340000
10/29/1996;18440000;18840000;18090000;18280000
10/30/1996;18170000;19210000;18170000;18480000
10/31/1996;18140000;18330000;17820000;18110000
11/01/1996;17290000;18300000;17260000;17890000
11/04/1996;18330000;18610000;18030000;18040000
11/05/1996;17320000;17670000;16970000;17650000
11/06/1996;16740000;17330000;16050000;16970000
11/07/1996;16840000;17520000;16660000;17210000
11/08/1996;16520000;16550000;15620000;15780000
11/11/1996;14730000;14730000;13880000;14040000
11/12/1996;15890000;16140000;15220000;15360000
11/13/1996;14940000;15410000;14700000;14890000
11/14/1996;14620000;14620000;13630000;13790000
11/15/1996;13610000;14880000;13450000;14360000
11/18/1996;14710000;15480000;14710000;15120000
11/19/1996;15040000;15610000;14960000;15230000
11/20/1996;15390000;16100000;15230000;15940000
11/21/1996;16080000;16530000;15770000;15770000
11/22/1996;15060000;15240000;14680000;14920000
11/25/1996;15470000;16030000;15170000;15910000
11/26/1996;16670000;17670000;16550000;16970000
11/27/1996;17000000;17220000;16860000;16960000
11/29/1996;16760000;18260000;16680000;17140000
12/02/1996;18660000;18730000;17930000;17930000
12/03/1996;17700000;18820000;17590000;18680000
12/04/1996;18760000;18920000;17910000;17930000
12/05/1996;17590000;18520000;17380000;18140000
12/06/1996;20360000;21880000;18440000;18820000
12/09/1996;18500000;18520000;17750000;17750000
12/10/1996;17360000;17910000;17190000;17880000
12/11/1996;18610000;20430000;18610000;19680000
12/12/1996;18690000;20450000;18660000;20450000
12/13/1996;20850000;21320000;19810000;21090000
12/16/1996;21040000;22040000;20730000;21990000
12/17/1996;21990000;22130000;20400000;20770000
12/18/1996;20070000;20080000;18940000;19420000
12/19/1996;18940000;18970000;18460000;18770000
12/20/1996;16840000;19720000;16830000;18850000
12/23/1996;19270000;19670000;18990000;19500000
12/24/1996;19220000;19220000;18680000;18680000
12/26/1996;18330000;18710000;18190000;18590000
12/27/1996;18670000;19130000;18670000;19130000
12/30/1996;19700000;19720000;19230000;19510000
12/31/1996;19860000;20920000;19800000;20920000
01/02/1997;21540000;22800000;21100000;21140000
01/03/1997;19820000;19920000;19040000;19130000
01/06/1997;19840000;20440000;19420000;19890000
01/07/1997;20460000;20710000;19310000;19350000
01/08/1997;18600000;20530000;18600000;20240000
01/09/1997;19990000;21100000;19870000;20910000
01/10/1997;20750000;20820000;19510000;19630000
01/13/1997;19470000;20230000;19280000;19840000
01/14/1997;20100000;20100000;18830000;19270000
01/15/1997;19390000;19740000;19140000;19400000
01/16/1997;19590000;20070000;19220000;19610000
01/17/1997;19780000;19820000;18600000;18630000
01/20/1997;19180000;19180000;18410000;18600000
01/21/1997;18690000;18700000;17800000;17810000
01/22/1997;18020000;18020000;17070000;17090000
01/23/1997;16670000;18590000;16360000;18470000
01/24/1997;18450000;20070000;18350000;19330000
01/27/1997;20170000;20520000;19760000;20160000
01/28/1997;19960000;21060000;19410000;20740000
01/29/1997;20600000;20690000;20220000;20230000
01/30/1997;19810000;20080000;19470000;19470000
02/03/1997;19890000;20070000;19560000;19580000
02/04/1997;19590000;19690000;19430000;19430000
02/05/1997;19550000;21390000;19500000;21060000
02/06/1997;20580000;20680000;20040000;20160000
02/07/1997;18820000;19880000;18710000;18900000
02/10/1997;19650000;21130000;19650000;20650000
02/11/1997;20310000;20720000;19970000;19970000
02/12/1997;19570000;19890000;19420000;19480000
02/13/1997;19300000;19730000;19100000;19230000
02/14/1997;19210000;19360000;19000000;19180000
02/18/1997;19760000;20060000;19650000;19700000
02/19/1997;19940000;20650000;19820000;20610000
02/20/1997;20930000;21540000;20690000;21410000
02/21/1997;21290000;21410000;20490000;20550000
02/24/1997;20940000;20960000;19840000;19840000
02/25/1997;20110000;20200000;19900000;19980000
02/26/1997;19400000;21250000;19400000;20740000
02/27/1997;20430000;21320000;20410000;21080000
02/28/1997;21550000;21550000;20760000;21100000
03/03/1997;21890000;21890000;20880000;20890000
03/04/1997;20750000;20830000;20270000;20620000
03/05/1997;20010000;20080000;19410000;19490000
03/06/1997;19480000;20510000;19470000;20480000
03/07/1997;19520000;19550000;19210000;19320000
03/10/1997;20140000;20140000;18980000;19000000
03/11/1997;19240000;19460000;19140000;19250000
03/12/1997;18720000;19810000;18710000;19610000
03/13/1997;19320000;20490000;19240000;19790000
03/14/1997;19860000;19950000;19580000;19810000
03/17/1997;21180000;21910000;20920000;20950000
03/18/1997;20850000;21560000;20770000;21260000
03/19/1997;21680000;21950000;21290000;21740000
03/20/1997;21520000;21910000;21020000;21220000
03/21/1997;17540000;20670000;17440000;19690000
03/24/1997;20000000;20720000;19950000;20060000
03/25/1997;19750000;19940000;19140000;19260000
03/26/1997;18600000;18750000;18230000;18320000
03/27/1997;17380000;20790000;17300000;20500000
03/31/1997;21540000;22440000;21210000;22140000
04/01/1997;22850000;23040000;20670000;20840000
04/02/1997;21290000;21760000;20460000;21300000
04/03/1997;21240000;21490000;20620000;21190000
04/04/1997;20700000;20720000;19150000;19230000
04/07/1997;19240000;19270000;18350000;18510000
04/08/1997;18650000;18780000;18420000;18440000
04/09/1997;18090000;18900000;18060000;18560000
04/10/1997;18620000;19020000;18620000;19010000
04/11/1997;19510000;20020000;19270000;19760000
04/14/1997;19820000;20130000;19090000;19090000
04/15/1997;19020000;19020000;18000000;18250000
04/16/1997;18430000;18510000;17570000;17640000
04/17/1997;18380000;18770000;18120000;18710000
04/18/1997;18140000;19140000;18130000;18750000
04/21/1997;19220000;20460000;19180000;20100000
04/22/1997;19880000;20000000;19060000;19520000
04/23/1997;19840000;20550000;19820000;20480000
04/24/1997;20260000;20990000;20150000;20830000
04/25/1997;21250000;21470000;20880000;21150000
04/28/1997;22210000;22260000;21040000;21340000
04/29/1997;20640000;20660000;19460000;19810000
04/30/1997;20000000;20290000;19200000;20060000
05/01/1997;20180000;20880000;19870000;19870000
05/02/1997;18880000;18880000;17280000;17510000
05/05/1997;18490000;20130000;18370000;20130000
05/06/1997;21370000;22260000;20830000;20850000
05/07/1997;21190000;21530000;20630000;21340000
05/08/1997;21400000;21480000;20350000;21260000
05/09/1997;21490000;21500000;20010000;20110000
05/12/1997;20440000;20850000;20070000;20250000
05/13/1997;20530000;21020000;20530000;20810000
05/14/1997;20480000;21320000;20480000;21090000
05/15/1997;21140000;21140000;19870000;19910000
05/16/1997;18730000;21820000;18580000;21570000
05/19/1997;21880000;21950000;21260000;21480000
05/20/1997;21490000;21720000;19130000;19260000
05/21/1997;19190000;19620000;18820000;19280000
05/22/1997;19010000;19240000;18680000;18770000
05/23/1997;18460000;18520000;18010000;18080000
05/27/1997;19260000;19920000;19120000;19360000
05/28/1997;19390000;19580000;19220000;19280000
05/29/1997;19100000;19770000;18820000;19020000
05/30/1997;19480000;19480000;18850000;19190000
06/02/1997;21080000;21190000;20760000;20850000
06/03/1997;19910000;20010000;19560000;20010000
06/04/1997;19990000;20390000;19880000;20100000
06/05/1997;20190000;20370000;20050000;20360000
06/06/1997;19440000;19480000;18920000;18940000
06/09/1997;19660000;19660000;19360000;19460000
06/10/1997;19280000;19280000;18790000;19040000
06/11/1997;18960000;19240000;18850000;18850000
06/12/1997;18700000;18940000;18200000;18510000
06/13/1997;19300000;19760000;18990000;19270000
06/16/1997;19770000;20210000;19730000;19770000
06/17/1997;20660000;20960000;19870000;20170000
06/18/1997;20380000;20660000;20260000;20450000
06/19/1997;20180000;21000000;19910000;20100000
06/20/1997;20240000;20360000;19800000;20200000
06/23/1997;20700000;21640000;20250000;21190000
06/24/1997;20730000;21580000;20500000;20740000
06/25/1997;21010000;22280000;20560000;21500000
06/26/1997;21750000;22130000;21400000;21820000
06/27/1997;21260000;21350000;20860000;21220000
06/30/1997;21470000;21910000;21340000;21530000
07/01/1997;21540000;21540000;20920000;21000000
07/02/1997;20740000;20740000;19640000;19700000
07/03/1997;18460000;18640000;17820000;17820000
07/07/1997;18710000;19380000;18440000;19130000
07/08/1997;19080000;19220000;18760000;18760000
07/09/1997;18580000;20510000;18570000;20400000
07/10/1997;19890000;20290000;19620000;19920000
07/11/1997;19290000;19340000;18720000;19060000
07/14/1997;19020000;19840000;18930000;19580000
07/15/1997;19510000;20100000;18980000;19000000
07/16/1997;19800000;19840000;19150000;19360000
07/17/1997;19970000;20820000;19900000;20540000
07/18/1997;21010000;23050000;21010000;22280000
07/21/1997;23550000;23710000;23340000;23510000
07/22/1997;23110000;23170000;21760000;21770000
07/23/1997;21310000;21570000;21040000;21300000
07/24/1997;21570000;22100000;20910000;20960000
07/25/1997;20640000;20970000;20480000;20820000
07/28/1997;20570000;22140000;20570000;21840000
07/29/1997;22280000;22370000;21810000;22020000
07/30/1997;21950000;22060000;21340000;21390000
07/31/1997;21340000;21980000;21240000;21480000
08/01/1997;21290000;22970000;21290000;22290000
08/04/1997;23000000;23340000;21920000;21940000
08/05/1997;21780000;21780000;20640000;20640000
08/06/1997;20870000;20890000;19960000;20050000
08/07/1997;19540000;19980000;19330000;19770000
08/08/1997;21370000;23230000;21030000;22460000
08/11/1997;22860000;23580000;22590000;22770000
08/12/1997;22130000;23900000;22030000;23750000
08/13/1997;23580000;25470000;23520000;24520000
08/14/1997;23700000;23880000;23110000;23110000
08/15/1997;23200000;25050000;22910000;24450000
08/18/1997;26110000;26310000;24370000;24370000
08/19/1997;23310000;23310000;22610000;22640000
08/20/1997;22570000;22630000;21030000;21090000
08/21/1997;21350000;24080000;21330000;23830000
08/22/1997;25300000;26240000;24670000;24740000
08/25/1997;24460000;24460000;23630000;24100000
08/26/1997;24400000;24910000;24200000;24730000
08/27/1997;25060000;25380000;24180000;24260000
08/28/1997;24790000;25530000;23790000;24510000
08/29/1997;24520000;25060000;24410000;24760000
09/02/1997;25850000;25910000;24460000;24530000
09/03/1997;24410000;24960000;24410000;24950000
09/04/1997;25010000;25600000;24750000;25270000
09/05/1997;24170000;24860000;23950000;24310000
09/08/1997;24500000;24540000;23970000;24400000
09/09/1997;24760000;24770000;23530000;23890000
09/10/1997;24200000;24640000;24090000;24640000
09/11/1997;25530000;27330000;25470000;25990000
09/12/1997;25600000;26360000;24940000;25170000
09/15/1997;25770000;26150000;25100000;25740000
09/16/1997;24770000;25100000;23610000;23770000
09/17/1997;23880000;24800000;23690000;24100000
09/18/1997;23760000;23870000;22760000;23480000
09/19/1997;22510000;23060000;21670000;22740000
09/22/1997;22870000;22870000;21990000;22080000
09/23/1997;22180000;22620000;21940000;22000000
09/24/1997;22130000;23880000;21430000;22640000
09/25/1997;22600000;23330000;22460000;22960000
09/26/1997;21960000;22670000;21820000;22260000
09/29/1997;23210000;23230000;22150000;22230000
09/30/1997;22320000;22910000;22050000;22910000
10/01/1997;22950000;22990000;22270000;22320000
10/02/1997;22550000;22730000;22260000;22270000
10/03/1997;20810000;22170000;20750000;21540000
10/06/1997;21980000;22230000;21590000;21610000
10/07/1997;21350000;21650000;20270000;20290000
10/08/1997;20390000;21910000;20390000;20770000
10/09/1997;23350000;23500000;22050000;22310000
10/10/1997;20290000;20540000;19750000;19750000
10/13/1997;19820000;20700000;19780000;20260000
10/14/1997;19860000;20970000;19850000;19990000
10/15/1997;19610000;21010000;19280000;20050000
10/16/1997;19740000;21050000;19490000;20530000
10/17/1997;20320000;22850000;20090000;21690000
10/20/1997;21400000;21460000;20670000;20720000
10/21/1997;20200000;20210000;19480000;19530000
10/22/1997;19560000;20170000;19560000;19860000
10/23/1997;22550000;24110000;21660000;22990000
10/24/1997;20930000;23490000;20880000;23170000
10/27/1997;24910000;32640000;24770000;31120000
10/28/1997;45690000;48640000;30690000;31220000
10/29/1997;29320000;34430000;28830000;33750000
10/30/1997;36710000;38560000;35840000;38200000
10/31/1997;35080000;37250000;35020000;35090000
11/03/1997;32180000;32670000;31900000;32090000
11/04/1997;31440000;33280000;31230000;32240000
11/05/1997;32310000;32660000;31180000;32180000
11/06/1997;33060000;33450000;32330000;32570000
11/07/1997;36200000;38220000;34770000;36270000
11/10/1997;35210000;36760000;35040000;36630000
11/11/1997;36920000;36920000;36300000;36380000
11/12/1997;37820000;37860000;35730000;37840000
11/13/1997;37240000;38460000;36430000;36640000
11/14/1997;36190000;36300000;33540000;33660000
11/17/1997;32560000;32620000;31130000;31580000
11/18/1997;31330000;32340000;31000000;31550000
11/19/1997;31120000;31270000;29840000;29930000
11/20/1997;28730000;28810000;27170000;27320000
11/21/1997;26680000;27670000;26420000;26650000
11/24/1997;28910000;30120000;28580000;29800000
11/25/1997;28940000;30320000;28890000;28950000
11/28/1997;28040000;28270000;27030000;27430000
12/01/1997;27860000;27860000;25970000;26010000
12/02/1997;25690000;26060000;25510000;25660000
12/03/1997;25210000;25550000;23460000;23920000
12/04/1997;22800000;24060000;22640000;23840000
12/05/1997;22340000;23050000;20410000;22650000
12/08/1997;22880000;23530000;22880000;23220000
12/09/1997;23450000;23790000;23100000;23360000
12/10/1997;23060000;25220000;22880000;24550000
12/11/1997;26820000;28010000;26560000;27630000
12/12/1997;26550000;27920000;26490000;27920000
12/15/1997;28180000;28810000;27320000;27370000
12/16/1997;26030000;26510000;25480000;26110000
12/17/1997;25570000;26790000;25410000;26330000
12/18/1997;26210000;27630000;26110000;27190000
12/19/1997;29230000;33080000;29110000;29180000
12/22/1997;28830000;29420000;28560000;28560000
12/23/1997;28690000;29860000;28210000;29860000
12/24/1997;29940000;30830000;29520000;30270000
12/26/1997;29390000;30040000;29260000;29270000
12/29/1997;28710000;28770000;26790000;26790000
12/30/1997;26270000;26280000;24350000;24380000
12/31/1997;24210000;24520000;23590000;24010000
01/02/1998;24340000;24930000;23420000;23420000
01/05/1998;24110000;25020000;23020000;24360000
01/06/1998;25200000;25970000;24870000;25660000
01/07/1998;26150000;27430000;25070000;25070000
01/08/1998;26240000;26700000;25620000;26010000
01/09/1998;25790000;29350000;25690000;28690000
01/12/1998;25790000;31080000;28020000;28020000
01/13/1998;26700000;26790000;25120000;25170000
01/14/1998;25040000;25040000;23620000;23750000
01/15/1998;23920000;24400000;23330000;23450000
01/16/1998;21450000;22360000;20550000;21650000
01/20/1998;22210000;23140000;21650000;21650000
01/21/1998;22750000;23590000;22380000;22530000
01/22/1998;23220000;23690000;22970000;23160000
01/23/1998;22720000;24410000;22700000;23320000
01/26/1998;23740000;24430000;23470000;23970000
01/27/1998;23160000;23170000;22000000;22270000
01/28/1998;21880000;22400000;21530000;22060000
01/29/1998;21970000;21970000;21080000;21650000
01/30/1998;21670000;21780000;21050000;21470000
02/02/1998;21320000;21560000;21230000;21360000
02/03/1998;21310000;21480000;20670000;20670000
02/04/1998;21000000;21170000;20310000;20550000
02/05/1998;19180000;21450000;19180000;21290000
02/06/1998;20970000;21250000;20480000;20510000
02/09/1998;21230000;21900000;21200000;21550000
02/10/1998;21210000;21270000;20360000;20660000
02/11/1998;21040000;21040000;20360000;20380000
02/12/1998;20620000;21220000;19660000;19730000
02/13/1998;20480000;20520000;19730000;19840000
02/17/1998;20430000;21000000;20230000;20760000
02/18/1998;20240000;20380000;19660000;19660000
02/19/1998;19890000;20190000;19720000;19880000
02/20/1998;19560000;19870000;18970000;19000000
02/23/1998;19140000;19720000;18970000;18990000
02/24/1998;19130000;19690000;18770000;19350000
02/25/1998;19010000;19290000;18390000;18620000
02/26/1998;18960000;19020000;18530000;18630000
02/27/1998;18660000;18940000;18390000;18550000
03/02/1998;18970000;19380000;18800000;19190000
03/03/1998;19430000;19580000;19040000;19040000
03/04/1998;19270000;19830000;19270000;19580000
03/05/1998;20870000;21060000;20260000;20930000
03/06/1998;19970000;19970000;19130000;19140000
03/09/1998;20200000;20450000;19720000;20230000
03/10/1998;19900000;20010000;19390000;19430000
03/11/1998;19410000;19560000;18760000;18890000
03/12/1998;18760000;19210000;18040000;18250000
03/13/1998;17690000;19430000;17580000;18710000
03/16/1998;19270000;19340000;18460000;18510000
03/17/1998;18420000;19040000;18250000;18660000
03/18/1998;18710000;19060000;18110000;18290000
03/19/1998;17900000;18530000;17700000;17760000
03/20/1998;17610000;18840000;17600000;18690000
03/23/1998;19650000;20180000;19550000;19980000
03/24/1998;20110000;20650000;19870000;20510000
03/25/1998;20590000;23550000;20590000;22540000
03/26/1998;23020000;23540000;22280000;22810000
03/27/1998;22440000;24230000;22410000;23470000
03/30/1998;24320000;24920000;24180000;24660000
03/31/1998;24230000;24350000;23410000;24220000
04/01/1998;24850000;24970000;23290000;23370000
04/02/1998;23070000;23070000;21810000;21980000
04/03/1998;21940000;22250000;21460000;21820000
04/06/1998;21840000;22640000;21840000;22470000
04/07/1998;23310000;24300000;23140000;23660000
04/08/1998;23010000;23500000;22720000;23170000
04/09/1998;21390000;22390000;21250000;21510000
04/13/1998;22990000;23570000;22770000;22770000
04/14/1998;23370000;23940000;21610000;21610000
04/15/1998;21460000;21710000;20780000;20890000
04/16/1998;21440000;22360000;21440000;22060000
04/17/1998;22320000;22320000;20690000;20760000
04/20/1998;21220000;21250000;20380000;20390000
04/21/1998;20510000;20540000;19640000;19910000
04/22/1998;19740000;19830000;19250000;19440000
04/23/1998;20400000;20770000;19430000;20600000
04/24/1998;20280000;22420000;20150000;21970000
04/27/1998;20280000;27470000;24950000;26090000
04/28/1998;24040000;24880000;23690000;24170000
04/29/1998;23360000;23690000;22540000;22780000
04/30/1998;21160000;21370000;20510000;21180000
05/01/1998;20720000;20920000;19300000;19340000
05/04/1998;19570000;20560000;19490000;20320000
05/05/1998;20940000;21730000;20730000;21460000
05/06/1998;21900000;22890000;21840000;22790000
05/07/1998;23650000;23900000;22930000;23390000
05/08/1998;20940000;21100000;20180000;20570000
05/11/1998;20080000;21400000;19670000;21050000
05/12/1998;21230000;21700000;20710000;20980000
05/13/1998;20290000;20720000;20220000;20440000
05/14/1998;19900000;20830000;19630000;19640000
05/15/1998;19610000;21050000;19330000;20440000
05/18/1998;20840000;22210000;20800000;21690000
05/19/1998;20740000;21130000;20110000;20390000
05/20/1998;19660000;20340000;19550000;19890000
05/21/1998;19700000;19950000;19220000;19380000
05/22/1998;18660000;19550000;18600000;18990000
05/26/1998;19660000;22070000;19630000;22070000
05/27/1998;24330000;25100000;22590000;22590000
05/28/1998;21790000;21920000;20510000;20740000
05/29/1998;19930000;21530000;19930000;21320000
06/01/1998;22710000;23320000;22150000;22830000
06/02/1998;22220000;22660000;21680000;22000000
06/03/1998;21100000;22890000;21040000;22850000
06/04/1998;22820000;23150000;21110000;21220000
06/05/1998;20480000;20520000;19770000;19780000
06/08/1998;19020000;20860000;18970000;20580000
06/09/1998;20450000;21050000;20340000;20520000
06/10/1998;21260000;21930000;20420000;21480000
06/11/1998;21870000;23650000;21870000;23570000
06/12/1998;23570000;25050000;22730000;22780000
06/15/1998;24770000;26030000;23890000;25940000
06/16/1998;26490000;26490000;24800000;24800000
06/17/1998;23380000;23510000;22270000;22890000
06/18/1998;22870000;23060000;22340000;22400000
06/19/1998;21480000;22120000;21310000;21920000
06/22/1998;22960000;23080000;21590000;21940000
06/23/1998;21180000;21180000;20140000;20170000
06/24/1998;20180000;20550000;19460000;20020000
06/25/1998;19500000;20320000;19360000;20250000
06/26/1998;19840000;19950000;19180000;19360000
06/29/1998;19390000;19580000;18930000;19570000
06/30/1998;19850000;19880000;19120000;19710000
07/01/1998;18990000;19350000;18000000;18000000
07/02/1998;18490000;18680000;17630000;17670000
07/06/1998;19060000;19180000;18590000;18630000
07/07/1998;18400000;18850000;18310000;18620000
07/08/1998;18240000;18320000;17520000;17820000
07/09/1998;18050000;18490000;17780000;18160000
07/10/1998;17860000;18540000;17580000;17920000
07/13/1998;18360000;18510000;18090000;18260000
07/14/1998;18320000;18320000;17600000;17880000
07/15/1998;17880000;18650000;17650000;17890000
07/16/1998;17560000;18070000;16860000;16970000
07/17/1998;16420000;16500000;16100000;16230000
07/20/1998;17730000;17730000;16810000;17340000
07/21/1998;17450000;20350000;17450000;20100000
07/22/1998;20530000;21300000;20160000;20320000
07/23/1998;20540000;24080000;20310000;23010000
07/24/1998;22540000;24540000;22540000;23010000
07/27/1998;24430000;24690000;23130000;23130000
07/28/1998;23690000;26680000;23430000;25250000
07/29/1998;23290000;25150000;23290000;24790000
07/30/1998;23810000;23810000;22660000;22660000
07/31/1998;22290000;25120000;22110000;24800000
08/03/1998;26150000;26310000;25380000;25980000
08/04/1998;25570000;31060000;25570000;31060000
08/05/1998;31780000;32590000;28730000;29830000
08/06/1998;29450000;29930000;28060000;28200000
08/07/1998;27660000;27660000;25350000;27020000
08/10/1998;28050000;29130000;27990000;28750000
08/11/1998;32540000;33670000;31910000;31910000
08/12/1998;29410000;29750000;28510000;28550000
08/13/1998;28200000;29980000;28170000;29920000
08/14/1998;29860000;34610000;29840000;34340000
08/17/1998;34770000;34770000;31860000;31860000
08/18/1998;30660000;30810000;28360000;28400000
08/19/1998;27560000;29260000;27350000;28690000
08/20/1998;29270000;30540000;29240000;30000000
08/21/1998;32590000;36930000;32590000;33140000
08/24/1998;31690000;32580000;31300000;31800000
08/25/1998;29310000;30820000;28490000;30330000
08/26/1998;31950000;32650000;30440000;31140000
08/27/1998;33650000;39480000;33650000;38550000
08/28/1998;38400000;42780000;38400000;39600000
08/31/1998;39740000;45020000;38800000;44280000
09/01/1998;41740000;44940000;36080000;36480000
09/02/1998;35210000;36760000;34020000;36760000
09/03/1998;40960000;42680000;40010000;41430000
09/04/1998;40660000;44190000;40580000;43310000
09/08/1998;40110000;40340000;37700000;37900000
09/09/1998;37860000;39800000;37560000;39660000
09/10/1998;43890000;46560000;43720000;45290000
09/11/1998;47950000;48060000;43740000;43740000
09/14/1998;40890000;40890000;37530000;38570000
09/15/1998;38370000;38730000;36430000;36580000
09/16/1998;35930000;37730000;35720000;35940000
09/17/1998;39430000;40110000;38820000;39230000
09/18/1998;39440000;39840000;38510000;38630000
09/21/1998;42740000;42740000;38390000;38580000
09/22/1998;37850000;38910000;36470000;36620000
09/23/1998;35030000;35140000;32440000;32470000
09/24/1998;33780000;35900000;33060000;34660000
09/25/1998;37140000;37290000;33910000;34550000
09/28/1998;34200000;35240000;33520000;34870000
09/29/1998;37170000;38390000;35740000;36080000
09/30/1998;37160000;41150000;37100000;40950000
10/01/1998;41900000;43980000;41850000;43480000
10/02/1998;42170000;43380000;40250000;40470000
10/05/1998;42650000;45560000;42300000;42810000
10/06/1998;40160000;42050000;39720000;41200000
10/07/1998;40980000;44840000;40660000;43510000
10/08/1998;47070000;49530000;45580000;45740000
10/09/1998;43280000;45360000;41850000;42200000
10/12/1998;40550000;40560000;39400000;40070000
10/13/1998;40970000;41600000;39960000;40230000
10/14/1998;40920000;40930000;38010000;38960000
10/15/1998;39610000;39660000;32410000;33340000
10/16/1998;34010000;35780000;33620000;34820000
10/19/1998;35940000;36010000;32410000;33130000
10/20/1998;30810000;33360000;29820000;33110000
10/21/1998;33270000;34550000;32990000;33210000
10/22/1998;33900000;34170000;31320000;31530000
10/23/1998;31900000;32700000;31690000;32270000
10/26/1998;33250000;33260000;31380000;32380000
10/27/1998;31200000;33270000;30740000;32950000
10/28/1998;33770000;33770000;31970000;32420000
10/29/1998;32090000;32260000;29390000;29500000
10/30/1998;28280000;28710000;27540000;28050000
11/02/1998;28310000;28720000;27200000;27260000
11/03/1998;26600000;28190000;26600000;27760000
11/04/1998;26980000;27940000;26500000;27370000
11/05/1998;27520000;28310000;26000000;26010000
11/06/1998;25910000;26470000;25600000;25700000
11/09/1998;26930000;28720000;26890000;28090000
11/10/1998;28200000;28590000;27310000;28170000
11/11/1998;27280000;29070000;27250000;28470000
11/12/1998;28630000;29660000;27930000;29280000
11/13/1998;29490000;29600000;28930000;29030000
11/16/1998;28790000;29580000;28780000;28900000
11/17/1998;29340000;30560000;27210000;27950000
11/18/1998;28130000;28460000;27130000;27130000
11/19/1998;26100000;26400000;25310000;25500000
11/20/1998;26100000;24010000;22430000;22470000
11/23/1998;22200000;22230000;21240000;21840000
11/24/1998;22320000;23650000;22100000;23280000
11/25/1998;23480000;23680000;22080000;22150000
11/27/1998;22430000;22470000;21980000;22090000
11/30/1998;22790000;26010000;22790000;26010000
12/01/1998;27380000;27400000;24840000;24970000
12/02/1998;25630000;26520000;25280000;25430000
12/03/1998;25530000;28770000;25130000;28700000
12/04/1998;26280000;26760000;25080000;25310000
12/07/1998;25590000;25960000;24820000;24900000
12/08/1998;25050000;26250000;24640000;25580000
12/09/1998;25780000;26480000;25490000;25660000
12/10/1998;25730000;26910000;25730000;26810000
12/11/1998;27930000;28830000;27290000;27720000
12/14/1998;29860000;31670000;29570000;31310000
12/15/1998;31380000;31380000;29420000;29420000
12/16/1998;29130000;30280000;29130000;29960000
12/17/1998;29420000;29420000;27940000;27960000
12/18/1998;26800000;26960000;25040000;25040000
12/21/1998;24640000;24640000;23090000;23860000
12/22/1998;24050000;24450000;22750000;22780000
12/23/1998;21890000;22060000;20080000;20210000
12/24/1998;21000000;21780000;20660000;21480000
12/28/1998;22920000;23970000;22910000;23500000
12/29/1998;23680000;24000000;22110000;22180000
12/30/1998;22030000;23560000;22030000;23340000
12/31/1998;23740000;24760000;23670000;24420000
01/04/1999;25380000;26960000;24740000;26170000
01/05/1999;25920000;25980000;24360000;24460000
01/06/1999;23360000;23380000;22680000;23340000
01/07/1999;24420000;24900000;24040000;24370000
01/08/1999;22950000;24080000;22810000;23280000
01/11/1999;21410000;25810000;21380000;25460000
01/12/1999;25590000;28320000;25550000;28100000
01/13/1999;32620000;32850000;28780000;30110000
01/14/1999;30460000;33660000;30200000;32980000
01/15/1999;32560000;32560000;29140000;29240000
01/19/1999;28860000;30610000;28800000;29240000
01/20/1999;28620000;29040000;27620000;28600000
01/21/1999;29550000;31370000;29230000;30920000
01/22/1999;32260000;32810000;31100000;31950000
01/25/1999;32220000;32710000;31130000;31130000
01/26/1999;30920000;30960000;29230000;29230000
01/27/1999;28280000;29810000;28240000;29730000
01/28/1999;29250000;29510000;28010000;28110000
01/29/1999;27770000;28550000;25900000;26250000
02/01/1999;27210000;27740000;26760000;27670000
02/02/1999;28190000;29460000;28110000;28160000
02/03/1999;28590000;29030000;27620000;27880000
02/04/1999;27620000;29490000;27580000;29480000
02/05/1999;29690000;30540000;29460000;29670000
02/08/1999;29530000;30770000;29530000;30270000
02/09/1999;29960000;31410000;29840000;31360000
02/10/1999;31590000;31750000;30450000;30450000
02/11/1999;30030000;30160000;27420000;27420000
02/12/1999;27850000;30460000;27850000;29760000
02/16/1999;28880000;30040000;28730000;29650000
02/17/1999;30210000;30950000;29160000;30650000
02/18/1999;30990000;31140000;30320000;30450000
02/19/1999;30010000;30120000;28610000;29300000
02/22/1999;28830000;28830000;25780000;25870000
02/23/1999;25920000;26900000;25920000;26490000
02/24/1999;25700000;27210000;25220000;27210000
02/25/1999;27950000;29710000;27800000;28010000
02/26/1999;28410000;29000000;27630000;27880000
03/01/1999;29340000;29870000;28140000;28370000
03/02/1999;27960000;29280000;27490000;29220000
03/03/1999;28850000;29900000;28820000;29040000
03/04/1999;27810000;27810000;26420000;26670000
03/05/1999;24780000;25440000;24080000;24080000
03/08/1999;24870000;25210000;24480000;24540000
03/09/1999;25280000;25290000;24250000;25020000
03/10/1999;24860000;25390000;24610000;24790000
03/11/1999;24310000;24980000;23820000;24370000
03/12/1999;24790000;25360000;24740000;24840000
03/15/1999;25810000;25900000;25180000;25240000
03/16/1999;25340000;25560000;24980000;25150000
03/17/1999;24930000;26490000;24900000;25570000
03/18/1999;25140000;25240000;24030000;24130000
03/19/1999;24070000;24350000;23390000;24320000
03/22/1999;25300000;25550000;24800000;25000000
03/23/1999;25970000;27740000;25840000;27270000
03/24/1999;26990000;27310000;26590000;26600000
03/25/1999;25320000;25380000;24330000;24330000
03/26/1999;24790000;24810000;23830000;24040000
03/29/1999;23870000;23960000;23450000;23540000
03/30/1999;24340000;24340000;22710000;22730000
03/31/1999;22030000;23300000;22000000;23260000
04/01/1999;22030000;22870000;22060000;22060000
04/05/1999;22880000;23200000;22180000;22190000
04/06/1999;22530000;23040000;22120000;22650000
04/07/1999;22530000;23260000;22100000;22810000
04/08/1999;23380000;23510000;22010000;22590000
04/09/1999;22160000;22590000;21550000;21770000
04/12/1999;21130000;23410000;20470000;21930000
04/13/1999;22160000;23350000;22010000;22730000
04/14/1999;23330000;24960000;23070000;24940000
04/15/1999;25220000;26240000;23910000;23930000
04/16/1999;24070000;24240000;23600000;23900000
04/19/1999;23590000;26500000;22930000;26420000
04/20/1999;25840000;26090000;24790000;25020000
04/21/1999;24860000;24880000;23310000;23310000
04/22/1999;22420000;22810000;22400000;22620000
04/23/1999;22600000;23130000;22370000;22760000
04/26/1999;23930000;23940000;23210000;23530000
04/27/1999;23040000;23710000;23020000;23360000
04/28/1999;23530000;24480000;23450000;24400000
04/29/1999;24500000;25550000;24320000;25060000
04/30/1999;24410000;26470000;23620000;25070000
05/03/1999;24410000;25770000;24110000;24150000
05/04/1999;24230000;25700000;24230000;25620000
05/05/1999;25720000;27220000;25170000;25190000
05/06/1999;25340000;28580000;25340000;27440000
05/07/1999;26150000;26420000;25360000;25360000
05/10/1999;26390000;26980000;25730000;26620000
05/11/1999;25860000;26210000;25330000;25620000
05/12/1999;26710000;27080000;26060000;26130000
05/13/1999;25560000;25560000;24760000;25020000
05/14/1999;26590000;27780000;26480000;26860000
05/17/1999;27980000;29210000;27270000;27280000
05/18/1999;27550000;28760000;27200000;27260000
05/19/1999;25860000;26410000;25080000;25080000
05/20/1999;25100000;25260000;24050000;24460000
05/21/1999;24120000;24840000;24050000;24400000
05/24/1999;24930000;27800000;24840000;27620000
05/25/1999;27710000;29140000;26870000;28900000
05/26/1999;28830000;29620000;27570000;27570000
05/27/1999;27590000;28680000;27550000;28120000
05/28/1999;27260000;27260000;25340000;25390000
06/01/1999;27120000;27990000;26600000;26620000
06/02/1999;26530000;27780000;25990000;26210000
06/03/1999;25820000;26700000;25660000;26200000
06/04/1999;25310000;25460000;23430000;23430000
06/07/1999;24400000;24490000;23660000;23780000
06/08/1999;23560000;24280000;23420000;24020000
06/09/1999;23840000;24260000;23630000;23900000
06/10/1999;24780000;26150000;24710000;25320000
06/11/1999;24870000;27010000;24690000;25900000
06/14/1999;26080000;26800000;26080000;26510000
06/15/1999;26160000;26230000;25330000;25910000
06/16/1999;24390000;24570000;22140000;22400000
06/17/1999;22740000;23120000;21770000;21950000
06/18/1999;22190000;23030000;21750000;21750000
06/21/1999;22320000;22900000;21770000;21810000
06/22/1999;21680000;21890000;20760000;21700000
06/23/1999;22210000;22480000;21310000;21320000
06/24/1999;20670000;23940000;20670000;23060000
06/25/1999;21360000;22250000;20850000;21760000
06/28/1999;22480000;22970000;22280000;22630000
06/29/1999;23540000;23550000;22490000;22510000
06/30/1999;22990000;23340000;20800000;21090000
07/01/1999;20570000;21430000;19630000;19690000
07/02/1999;19240000;19450000;18660000;18660000
07/06/1999;19930000;20750000;19640000;20730000
07/07/1999;21110000;21240000;20350000;20350000
07/08/1999;20970000;21010000;19880000;20240000
07/09/1999;18550000;18750000;17900000;17960000
07/12/1999;19300000;20120000;19300000;19730000
07/13/1999;19350000;20740000;19160000;19950000
07/14/1999;19440000;20380000;19380000;19710000
07/15/1999;18670000;19330000;18620000;18680000
07/16/1999;18050000;18480000;17070000;17420000
07/19/1999;18500000;19490000;18380000;19070000
07/20/1999;19960000;21950000;19960000;21790000
07/21/1999;21260000;21780000;21030000;21460000
07/22/1999;21900000;23380000;21730000;23050000
07/23/1999;22360000;23690000;22360000;23320000
07/26/1999;24760000;25740000;24260000;24980000
07/27/1999;24450000;24540000;22870000;23230000
07/28/1999;23340000;23730000;22570000;22850000
07/29/1999;23510000;25080000;23500000;24520000
07/30/1999;23810000;24710000;23290000;24640000
08/02/1999;25750000;25790000;24750000;25590000
08/03/1999;25250000;26540000;25250000;26270000
08/04/1999;25630000;27500000;25010000;27400000
08/05/1999;28830000;29920000;26940000;27010000
08/06/1999;26310000;27180000;25980000;26600000
08/09/1999;27410000;27980000;27090000;27660000
08/10/1999;27610000;30000000;27610000;28450000
08/11/1999;27190000;27270000;25370000;25390000
08/12/1999;24580000;25060000;24080000;25030000
08/13/1999;23660000;23800000;22270000;22310000
08/16/1999;23750000;23750000;22910000;23070000
08/17/1999;22090000;22860000;21670000;21670000
08/18/1999;22780000;23310000;22720000;23300000
08/19/1999;24570000;24960000;24220000;24390000
08/20/1999;24050000;24070000;22950000;22950000
08/23/1999;23130000;23130000;22520000;22550000
08/24/1999;23410000;23630000;22120000;22400000
08/25/1999;21920000;22410000;20830000;20960000
08/26/1999;20250000;21260000;20120000;21210000
08/27/1999;20900000;22010000;20900000;21830000
08/30/1999;23300000;24650000;23290000;24630000
08/31/1999;24410000;25540000;23740000;24450000
09/01/1999;23860000;24180000;22930000;22930000
09/02/1999;24250000;25560000;24250000;24530000
09/03/1999;21500000;21550000;20870000;20980000
09/07/1999;22400000;23650000;22350000;23440000
09/08/1999;24210000;24270000;22940000;23820000
09/09/1999;23910000;24080000;23010000;23010000
09/10/1999;22190000;22540000;21670000;22030000
09/13/1999;22800000;23350000;22700000;22890000
09/14/1999;23380000;24170000;23380000;23770000
09/15/1999;22970000;24890000;22750000;24560000
09/16/1999;25460000;27540000;25070000;25250000
09/17/1999;24330000;24500000;23140000;23300000
09/20/1999;24080000;24360000;23950000;24030000
09/21/1999;24510000;26070000;24200000;25650000
09/22/1999;25880000;26490000;24640000;25190000
09/23/1999;24130000;27840000;24020000;27840000
09/24/1999;28200000;29210000;27760000;27790000
09/27/1999;27060000;27150000;26060000;26400000
09/28/1999;26340000;28580000;25940000;26060000
09/29/1999;25510000;26690000;24860000;26490000
09/30/1999;26150000;26470000;24840000;25410000
10/01/1999;25580000;26290000;24930000;24930000
10/04/1999;25260000;25260000;24450000;24460000
10/05/1999;24680000;26460000;24330000;24790000
10/06/1999;23720000;23860000;21990000;22060000
10/07/1999;22440000;23820000;22320000;23580000
10/08/1999;22440000;22680000;20370000;20490000
10/11/1999;20710000;21050000;20360000;20630000
10/12/1999;21560000;23020000;21540000;22840000
10/13/1999;22620000;26570000;22570000;25960000
10/14/1999;26680000;27470000;25600000;26050000
10/15/1999;27310000;29400000;27310000;28750000
10/18/1999;29340000;29810000;28150000;28190000
10/19/1999;26250000;26560000;24850000;26560000
10/20/1999;25150000;25480000;23870000;23900000
10/21/1999;25530000;25710000;23990000;24020000
10/22/1999;22020000;22080000;20830000;21640000
10/25/1999;23780000;24150000;23160000;23600000
10/26/1999;22940000;24260000;22680000;24260000
10/27/1999;24320000;25380000;24070000;24200000
10/28/1999;22370000;22500000;21280000;21340000
10/29/1999;20630000;22370000;20300000;22200000
11/01/1999;22700000;22910000;22050000;22090000
11/02/1999;22090000;23320000;21290000;23100000
11/03/1999;23080000;23570000;22760000;23160000
11/04/1999;22470000;23310000;22430000;23000000
11/05/1999;21470000;22120000;21290000;21660000
11/08/1999;22570000;22580000;21720000;21870000
11/09/1999;22060000;22960000;22060000;22700000
11/10/1999;22600000;22690000;21980000;22260000
11/11/1999;22240000;22680000;22020000;22070000
11/12/1999;21990000;22940000;21640000;21650000
11/15/1999;21780000;23240000;21550000;22740000
11/16/1999;22130000;22770000;20730000;20730000
11/17/1999;20780000;21250000;20550000;20960000
11/18/1999;20590000;20700000;19560000;19760000
11/19/1999;18800000;19800000;18640000;19110000
11/22/1999;20370000;20460000;19660000;19980000
11/23/1999;21070000;21860000;20800000;21000000
11/24/1999;20700000;20850000;20100000;20260000
11/26/1999;20350000;23470000;20220000;22330000
11/29/1999;24270000;24290000;23110000;23570000
11/30/1999;23810000;24210000;22860000;24180000
12/01/1999;23410000;23410000;22230000;22230000
12/02/1999;21690000;22290000;21670000;21770000
12/03/1999;19740000;19820000;18690000;19320000
12/06/1999;21120000;21470000;20210000;20580000
12/07/1999;20930000;21550000;20800000;21090000
12/08/1999;21210000;21330000;20620000;21250000
12/09/1999;20800000;22310000;20720000;21190000
12/10/1999;21610000;22150000;21030000;21480000
12/13/1999;21960000;22480000;21570000;21720000
12/14/1999;22250000;23250000;22050000;23060000
12/15/1999;23250000;23770000;21830000;22030000
12/16/1999;21360000;22950000;21140000;21910000
12/17/1999;21390000;21460000;20840000;21350000
12/20/1999;22180000;24220000;22140000;23780000
12/21/1999;22980000;24020000;22090000;22660000
12/22/1999;22140000;22840000;22140000;22430000
12/23/1999;21590000;21630000;20870000;21120000
12/27/1999;22880000;23340000;22850000;23070000
12/28/1999;23610000;23690000;22860000;22970000
12/29/1999;23080000;23370000;22800000;23090000
12/30/1999;23510000;25170000;23150000;24760000
01/03/2000;24360000;26150000;23980000;24210000
01/04/2000;24940000;27180000;24800000;27010000
01/05/2000;27980000;29000000;25850000;26410000
01/06/2000;26680000;26710000;24700000;25730000
01/07/2000;25140000;25170000;21720000;21720000
01/10/2000;21890000;22490000;21360000;21710000
01/11/2000;21980000;22630000;21690000;22500000
01/12/2000;23050000;23490000;22410000;22840000
01/13/2000;22730000;23100000;21320000;21710000
01/14/2000;19830000;20150000;19510000;19660000
01/18/2000;21390000;21630000;20970000;21500000
01/19/2000;22150000;22160000;21440000;21720000
01/20/2000;21310000;22600000;21180000;21750000
01/21/2000;21550000;21910000;20500000;20820000
01/24/2000;21430000;24440000;21430000;24070000
01/25/2000;23790000;24280000;22870000;23020000
01/26/2000;22910000;23190000;22450000;23030000
01/27/2000;22370000;24390000;22030000;23540000
01/28/2000;23750000;26540000;23170000;26140000
01/31/2000;26780000;27430000;24940000;24950000
02/01/2000;24430000;24740000;23290000;23450000
02/02/2000;23020000;24740000;22620000;23120000
02/03/2000;22720000;23730000;21930000;22010000
02/04/2000;20770000;21770000;20690000;21540000
02/07/2000;22970000;23270000;22790000;22790000
02/08/2000;21680000;22080000;21170000;21250000
02/09/2000;21540000;22900000;21290000;22900000
02/10/2000;23360000;23550000;22750000;23070000
02/11/2000;22940000;24800000;22820000;24420000
02/14/2000;24670000;24890000;24270000;24380000
02/15/2000;24080000;24750000;22840000;22920000
02/16/2000;23200000;23830000;22740000;23510000
02/17/2000;22900000;23480000;22630000;23170000
02/18/2000;23370000;26370000;23370000;26000000
02/22/2000;25910000;28120000;25470000;25860000
02/23/2000;25200000;25370000;23560000;23890000
02/24/2000;24180000;25940000;24150000;24380000
02/25/2000;24130000;25370000;23580000;25200000
02/28/2000;25900000;26190000;24090000;24680000
02/29/2000;23760000;23880000;23240000;23370000
03/01/2000;22650000;22720000;21410000;21640000
03/02/2000;21620000;22100000;20930000;21060000
03/03/2000;19980000;20040000;19190000;19210000
03/06/2000;20380000;21740000;20330000;21500000
03/07/2000;22240000;24490000;22240000;24310000
03/08/2000;24570000;25200000;23480000;23820000
03/09/2000;24180000;24180000;22200000;22210000
03/10/2000;20890000;21690000;20840000;21240000
03/13/2000;23030000;23260000;21990000;22850000
03/14/2000;22750000;24410000;22330000;24410000
03/15/2000;24660000;24760000;21980000;22340000
03/16/2000;21650000;21920000;20490000;20770000
03/17/2000;21260000;22560000;21070000;22370000
03/20/2000;22310000;23260000;22280000;22960000
03/21/2000;23450000;23450000;21270000;21700000
03/22/2000;21910000;22020000;21220000;21490000
03/23/2000;21820000;22420000;21100000;22260000
03/24/2000;22450000;23960000;22120000;23310000
03/27/2000;24350000;24800000;24100000;24530000
03/28/2000;24990000;25200000;24470000;24860000
03/29/2000;24370000;25020000;23790000;24100000
03/30/2000;23950000;25870000;23790000;25470000
03/31/2000;24780000;24970000;23440000;24110000
04/03/2000;24990000;25860000;24030000;24030000
04/04/2000;23500000;31160000;23250000;27120000
04/05/2000;28560000;30010000;27770000;28410000
04/06/2000;27710000;27830000;27050000;27150000
04/07/2000;25640000;25640000;23580000;24390000
04/10/2000;25440000;26040000;24970000;25990000
04/11/2000;27670000;28080000;26640000;27250000
04/12/2000;27190000;28980000;27040000;28980000
04/13/2000;28460000;29400000;27780000;29400000
04/14/2000;30090000;33790000;30090000;33490000
04/17/2000;33700000;34310000;28470000;28950000
04/18/2000;27930000;28130000;26120000;26120000
04/19/2000;26540000;27230000;26270000;27020000
04/20/2000;26540000;27210000;25770000;25850000
04/24/2000;27790000;28500000;27250000;27370000
04/25/2000;26260000;26450000;25200000;25240000
04/26/2000;25390000;27240000;25270000;26970000
04/27/2000;29430000;29500000;25950000;26190000
04/28/2000;25620000;26800000;25610000;26200000
05/01/2000;26070000;26440000;25260000;25880000
05/02/2000;26810000;28500000;26500000;28500000
05/03/2000;30000000;32890000;30000000;31630000
05/04/2000;31450000;32060000;30560000;30770000
05/05/2000;29490000;29540000;27440000;27530000
05/08/2000;28800000;29050000;28200000;28200000
05/09/2000;28250000;29680000;28160000;28930000
05/10/2000;29680000;30600000;28900000;29870000
05/11/2000;29070000;29120000;27760000;27760000
05/12/2000;26330000;26330000;25610000;26050000
05/15/2000;26470000;26700000;24800000;24860000
05/16/2000;24460000;25150000;24090000;24340000
05/17/2000;24620000;25110000;23740000;23980000
05/18/2000;23420000;24030000;23290000;23960000
05/19/2000;24850000;26150000;24850000;25440000
05/22/2000;26250000;27900000;25980000;26000000
05/23/2000;25750000;26120000;24970000;25870000
05/24/2000;25960000;26730000;24190000;24320000
05/25/2000;23870000;25030000;23850000;24580000
05/26/2000;24610000;24910000;24200000;24470000
05/30/2000;24590000;24780000;23600000;23620000
05/31/2000;24090000;24090000;23230000;23650000
06/01/2000;23200000;23210000;22320000;22360000
06/02/2000;21320000;21680000;21300000;21480000
06/05/2000;23060000;23290000;22590000;22710000
06/06/2000;23200000;23240000;22720000;23050000
06/07/2000;23170000;23400000;22340000;22480000
06/08/2000;23360000;23530000;22770000;22770000
06/09/2000;22080000;22490000;21990000;22140000
06/12/2000;22220000;22750000;22130000;22320000
06/13/2000;23280000;23390000;21600000;21670000
06/14/2000;21610000;21740000;21000000;21480000
06/15/2000;21420000;21630000;20520000;20680000
06/16/2000;20540000;20900000;20300000;20500000
06/19/2000;21160000;21360000;20340000;20630000
06/20/2000;20810000;21230000;20700000;20880000
06/21/2000;21060000;21250000;20460000;20610000
06/22/2000;21540000;22290000;21430000;22000000
06/23/2000;22130000;22820000;22020000;22340000
06/26/2000;24850000;25010000;22450000;22450000
06/27/2000;22100000;22170000;21640000;21800000
06/28/2000;21870000;21870000;19990000;20290000
06/29/2000;20760000;21160000;19630000;19700000
06/30/2000;19680000;19780000;19390000;19540000
07/03/2000;20510000;20510000;19830000;19830000
07/05/2000;20630000;21650000;20560000;21160000
07/06/2000;20770000;21510000;20760000;20940000
07/07/2000;19680000;20250000;19170000;19220000
07/10/2000;20200000;20630000;20080000;20330000
07/11/2000;19640000;20450000;19430000;20110000
07/12/2000;20290000;20300000;19940000;20030000
07/13/2000;19900000;20170000;19760000;20030000
07/14/2000;19210000;19590000;19210000;19320000
07/17/2000;20020000;20130000;19130000;19450000
07/18/2000;19700000;19920000;19330000;19750000
07/19/2000;19280000;19830000;19190000;19650000
07/20/2000;19050000;19190000;18870000;18940000
07/21/2000;19040000;19390000;18770000;18940000
07/24/2000;19350000;19990000;19170000;19920000
07/25/2000;19460000;19740000;19350000;19390000
07/26/2000;19630000;19990000;19480000;19670000
07/27/2000;19260000;20190000;19260000;19600000
07/28/2000;19330000;20980000;19330000;20840000
07/31/2000;20980000;21170000;20540000;20740000
08/01/2000;20660000;20840000;20270000;20550000
08/02/2000;20200000;20200000;19820000;20000000
08/03/2000;20290000;20380000;19660000;19990000
08/04/2000;18750000;18970000;18530000;18620000
08/07/2000;19310000;19360000;18910000;19030000
08/08/2000;18890000;19070000;18750000;18790000
08/09/2000;18780000;19280000;18740000;19180000
08/10/2000;18970000;19190000;18830000;19190000
08/11/2000;19260000;19360000;18340000;18550000
08/14/2000;18980000;18990000;17840000;17880000
08/15/2000;17970000;18270000;17860000;17980000
08/16/2000;17810000;18120000;17690000;18020000
08/17/2000;18000000;18060000;17390000;17480000
08/18/2000;17170000;17510000;16990000;17050000
08/21/2000;17710000;17710000;17260000;17350000
08/22/2000;17830000;17830000;17270000;17470000
08/23/2000;17590000;17740000;17340000;17380000
08/24/2000;17420000;17590000;16950000;17040000
08/25/2000;16960000;17060000;16490000;16530000
08/28/2000;17110000;17110000;16280000;16540000
08/29/2000;16840000;17100000;16680000;16890000
08/30/2000;17130000;17960000;17110000;17690000
08/31/2000;17440000;17450000;16640000;16840000
09/01/2000;16810000;17770000;16470000;17530000
09/05/2000;19180000;20060000;19160000;19820000
09/06/2000;19700000;20920000;19700000;20790000
09/07/2000;20470000;20510000;19340000;19420000
09/08/2000;18810000;19070000;18460000;18460000
09/11/2000;19030000;19100000;18310000;18400000
09/12/2000;18330000;19040000;18150000;18590000
09/13/2000;18760000;18760000;18160000;18320000
09/14/2000;18240000;18510000;17960000;18260000
09/15/2000;18090000;18720000;18010000;18520000
09/18/2000;18880000;20350000;18780000;20250000
09/19/2000;20220000;20250000;19540000;19540000
09/20/2000;19990000;21180000;19920000;19930000
09/21/2000;20170000;20710000;20010000;20180000
09/22/2000;22090000;22660000;20740000;20740000
09/25/2000;20850000;21660000;20660000;21410000
09/26/2000;21500000;22090000;21100000;21880000
09/27/2000;21710000;22100000;21390000;21670000
09/28/2000;21280000;21310000;19400000;19470000
09/29/2000;19880000;20570000;19800000;20570000
10/02/2000;20980000;21560000;20800000;21230000
10/03/2000;20990000;21850000;20410000;21850000
10/04/2000;22180000;22660000;21210000;21540000
10/05/2000;21020000;21300000;20650000;21030000
10/06/2000;20530000;23350000;20430000;22710000
10/09/2000;23920000;24670000;23630000;24020000
10/10/2000;23770000;25020000;23720000;24860000
10/11/2000;26230000;28370000;26090000;26570000
10/12/2000;27210000;30550000;26950000;30510000
10/13/2000;29340000;29420000;27500000;27600000
10/16/2000;27330000;27650000;26590000;26790000
10/17/2000;26190000;28290000;26190000;27840000
10/18/2000;30700000;30800000;28170000;28720000
10/19/2000;26800000;27020000;24850000;25090000
10/20/2000;24630000;24630000;23020000;24240000
10/23/2000;24580000;25130000;24270000;24690000
10/24/2000;24140000;24810000;23600000;24280000
10/25/2000;25580000;26780000;25010000;26650000
10/26/2000;26640000;30080000;26430000;28620000
10/27/2000;27420000;28050000;26470000;26470000
10/30/2000;26230000;26480000;25070000;25460000
10/31/2000;24770000;24870000;23370000;23630000
11/01/2000;24070000;24860000;23910000;24280000
11/02/2000;23710000;24240000;23640000;23920000
11/03/2000;24050000;24060000;23510000;23670000
11/06/2000;24530000;24750000;24130000;24520000
11/07/2000;25120000;25410000;24730000;24910000
11/08/2000;24870000;25740000;24870000;25660000
11/09/2000;26790000;28460000;26180000;27200000
11/10/2000;28070000;28810000;28000000;28530000
11/13/2000;29130000;30570000;28740000;29060000
11/14/2000;27930000;27930000;26380000;26810000
11/15/2000;27240000;27250000;25850000;26150000
11/16/2000;25820000;25820000;24670000;25050000
11/17/2000;25500000;25880000;24470000;24810000
11/20/2000;26490000;27600000;26370000;27430000
11/21/2000;27430000;27640000;26520000;26620000
11/22/2000;26910000;27830000;26870000;27710000
11/24/2000;27320000;27320000;25990000;26000000
11/27/2000;26120000;26980000;26120000;26930000
11/28/2000;26990000;27840000;26780000;27640000
11/29/2000;27880000;28220000;27300000;27490000
11/30/2000;28640000;31110000;28430000;29650000
12/01/2000;28310000;28390000;27080000;27480000
12/04/2000;28550000;28740000;27650000;27780000
12/05/2000;27280000;27310000;24970000;24990000
12/06/2000;24320000;25210000;23890000;25070000
12/07/2000;25460000;25550000;24910000;25340000
12/08/2000;23740000;23840000;22380000;22410000
12/11/2000;23800000;23990000;22810000;23510000
12/12/2000;24030000;25360000;23970000;24880000
12/13/2000;23690000;24320000;23300000;23630000
12/14/2000;23400000;25410000;23400000;24860000
12/15/2000;25430000;26870000;25430000;26550000
12/18/2000;26790000;27890000;26430000;27700000
12/19/2000;27350000;27540000;25410000;27170000
12/20/2000;29950000;32020000;29430000;31740000
12/21/2000;31970000;32320000;29220000;29660000
12/22/2000;28750000;28830000;27550000;27550000
12/26/2000;28470000;29130000;28370000;28730000
12/27/2000;28880000;28950000;27960000;28140000
12/28/2000;27990000;28060000;26530000;26570000
12/29/2000;26350000;26960000;26320000;26850000
01/02/2001;27930000;30400000;27920000;29990000
01/03/2001;29630000;29960000;25990000;26600000
01/04/2001;26350000;27190000;26130000;26970000
01/05/2001;27810000;29040000;27210000;28670000
01/08/2001;29980000;30800000;29720000;29840000
01/09/2001;29470000;29530000;27770000;27990000
01/10/2001;28440000;28470000;26700000;26800000
01/11/2001;26680000;26710000;25650000;25790000
01/12/2001;25310000;25480000;24500000;24560000
01/16/2001;25590000;25680000;24880000;25280000
01/17/2001;24400000;25220000;24280000;24930000
01/18/2001;24480000;24530000;23180000;23370000
01/19/2001;23620000;24080000;23000000;23240000
01/22/2001;24270000;24310000;23240000;23250000
01/23/2001;23000000;23150000;21470000;21570000
01/24/2001;21980000;22410000;21870000;22030000
01/25/2001;22440000;22860000;22270000;22640000
01/26/2001;22520000;23050000;22440000;22570000
01/29/2001;22800000;22960000;22560000;22610000
01/30/2001;23070000;23350000;22470000;22570000
01/31/2001;22940000;23020000;21980000;22020000
02/01/2001;22390000;22680000;21610000;21660000
02/02/2001;20870000;21950000;20810000;21950000
02/05/2001;22750000;23010000;22180000;22190000
02/06/2001;22040000;22120000;21420000;21980000
02/07/2001;21630000;22360000;21440000;21670000
02/08/2001;21460000;21610000;20920000;21460000
02/09/2001;21670000;22240000;21160000;22030000
02/12/2001;23060000;23130000;21830000;21920000
02/13/2001;21640000;21660000;21120000;21370000
02/14/2001;21840000;22520000;21520000;21520000
02/15/2001;21510000;21510000;20220000;20270000
02/16/2001;21650000;22730000;21430000;22120000
02/20/2001;23430000;24760000;23160000;24690000
02/21/2001;24810000;25810000;24240000;25750000
02/22/2001;25960000;28410000;25960000;26760000
02/23/2001;27180000;30620000;26940000;27210000
02/26/2001;27180000;27480000;25430000;25430000
02/27/2001;25570000;26590000;25020000;26490000
02/28/2001;26370000;28820000;26050000;28350000
03/01/2001;29660000;30260000;28080000;28080000
03/02/2001;29080000;29340000;26820000;27430000
03/05/2001;28320000;28430000;27080000;27120000
03/06/2001;26260000;26280000;25580000;25890000
03/07/2001;25280000;25530000;24120000;24120000
03/08/2001;24420000;24900000;24230000;24290000
03/09/2001;24470000;25760000;24460000;25620000
03/12/2001;27880000;30540000;27740000;30320000
03/13/2001;30770000;30840000;27550000;27550000
03/14/2001;30370000;30710000;28860000;29610000
03/15/2001;28530000;28980000;28250000;28560000
03/16/2001;28780000;29910000;28560000;29910000
03/19/2001;30610000;31330000;29500000;29780000
03/20/2001;30020000;31270000;29300000;30960000
03/21/2001;31410000;32180000;30260000;31930000
03/22/2001;32410000;35450000;32350000;32840000
03/23/2001;33000000;33000000;30410000;30450000
03/26/2001;30000000;30240000;29040000;29040000
03/27/2001;28520000;28630000;27030000;27040000
03/28/2001;28260000;28980000;28210000;28580000
03/29/2001;29270000;29840000;28160000;29170000
03/30/2001;28760000;29320000;28300000;28640000
04/02/2001;29400000;31610000;29160000;31210000
04/03/2001;32920000;35200000;32920000;34720000
04/04/2001;34280000;34740000;33210000;34070000
04/05/2001;32510000;32510000;29880000;29940000
04/06/2001;30390000;32040000;30220000;31690000
04/09/2001;31940000;32550000;31380000;31910000
04/10/2001;30670000;30690000;29330000;29440000
04/11/2001;28940000;29130000;28400000;28460000
04/12/2001;28090000;28370000;26120000;26120000
04/16/2001;26850000;27180000;26220000;26330000
04/17/2001;26040000;26220000;25330000;25610000
04/18/2001;24580000;24650000;23010000;24130000
04/19/2001;24510000;24620000;24120000;24160000
04/20/2001;24670000;25450000;24500000;25380000
04/23/2001;27350000;28600000;27280000;28160000
04/24/2001;27700000;28610000;27230000;28490000
04/25/2001;28640000;28680000;27250000;27400000
04/26/2001;26410000;26410000;25620000;25960000
04/27/2001;25000000;25000000;24020000;24020000
04/30/2001;24210000;25740000;23900000;25480000
05/01/2001;25460000;25570000;24160000;24200000
05/02/2001;24600000;25040000;23970000;24230000
05/03/2001;25520000;26320000;25430000;25780000
05/04/2001;26490000;26490000;23880000;23910000
05/07/2001;25100000;25460000;24530000;24860000
05/08/2001;24490000;25350000;24440000;24440000
05/09/2001;24940000;25060000;24270000;24350000
05/10/2001;23690000;24670000;23550000;24000000
05/11/2001;23140000;23860000;23140000;23540000
05/14/2001;24230000;24500000;24060000;24260000
05/15/2001;24410000;24500000;23340000;23710000
05/16/2001;23170000;23220000;21170000;21890000
05/17/2001;22500000;22740000;21320000;21470000
05/18/2001;21460000;21710000;21170000;21230000
05/21/2001;21900000;21960000;20740000;20760000
05/22/2001;21530000;21560000;21090000;21350000
05/23/2001;21600000;22150000;21580000;22080000
05/24/2001;21850000;21890000;20550000;20570000
05/25/2001;20600000;21130000;20460000;20600000
05/29/2001;22160000;22370000;21930000;22140000
05/30/2001;22400000;23160000;22250000;22760000
05/31/2001;22960000;23160000;22330000;22640000
06/01/2001;23020000;23120000;21520000;21590000
06/04/2001;21640000;22070000;21330000;21380000
06/05/2001;20800000;20920000;19470000;19580000
06/06/2001;20090000;20640000;19930000;20390000
06/07/2001;20350000;20390000;19670000;19670000
06/08/2001;19620000;20440000;19580000;19920000
06/11/2001;20620000;21090000;20370000;20700000
06/12/2001;21210000;21680000;20430000;20700000
06/13/2001;20790000;21600000;20700000;21450000
06/14/2001;22130000;23120000;22120000;23120000
06/15/2001;23980000;24420000;22440000;22810000
06/18/2001;23260000;23540000;22930000;23170000
06/19/2001;22400000;22820000;21930000;22340000
06/20/2001;22050000;22290000;21600000;21710000
06/21/2001;21310000;21360000;19340000;19380000
06/22/2001;19820000;20200000;19590000;20020000
06/25/2001;20360000;20890000;20250000;20670000
06/26/2001;21450000;21650000;20750000;21200000
06/27/2001;21550000;21840000;20540000;20880000
06/28/2001;20180000;20180000;19520000;20010000
06/29/2001;19900000;19900000;18830000;19060000
07/02/2001;19750000;19750000;18740000;18760000
07/03/2001;19210000;19370000;18920000;18920000
07/05/2001;20140000;20390000;19700000;20090000
07/06/2001;20960000;21900000;20960000;21630000
07/09/2001;22710000;22960000;22300000;22480000
07/10/2001;22280000;23260000;22280000;23250000
07/11/2001;24170000;24910000;23590000;24010000
07/12/2001;23290000;23290000;22090000;22090000
07/13/2001;22030000;22120000;21020000;21140000
07/16/2001;21690000;22910000;21580000;22910000
07/17/2001;23540000;23600000;22460000;22610000
07/18/2001;23190000;23840000;23070000;23600000
07/19/2001;22580000;23070000;21840000;22510000
07/20/2001;22670000;23010000;22190000;22340000
07/23/2001;22640000;23870000;22510000;23740000
07/24/2001;24200000;25610000;24160000;25240000
07/25/2001;24920000;25230000;23920000;24000000
07/26/2001;24020000;24230000;22980000;23010000
07/27/2001;23020000;23130000;21930000;22000000
07/30/2001;22480000;23030000;22480000;22690000
07/31/2001;22310000;22450000;20790000;21620000
08/01/2001;20970000;20990000;20130000;20560000
08/02/2001;20330000;20480000;19690000;20090000
08/03/2001;20230000;21030000;19830000;19890000
08/06/2001;21070000;22260000;20880000;21890000
08/07/2001;21430000;21510000;20730000;21010000
08/08/2001;21520000;22570000;20720000;22320000
08/09/2001;22020000;22430000;21640000;21750000
08/10/2001;20560000;21530000;20370000;20550000
08/13/2001;20580000;20690000;20240000;20420000
08/14/2001;19950000;20540000;19930000;20480000
08/15/2001;20140000;20910000;19840000;20910000
08/16/2001;21260000;22150000;21060000;21540000
08/17/2001;21940000;24240000;21910000;23840000
08/20/2001;24830000;24850000;22870000;22870000
08/21/2001;22550000;24510000;21630000;24400000
08/22/2001;22710000;23280000;22340000;22440000
08/23/2001;22050000;22360000;21850000;22230000
08/24/2001;21300000;21310000;19700000;19710000
08/27/2001;20500000;20850000;20130000;20560000
08/28/2001;20900000;22120000;20900000;22000000
08/29/2001;21850000;23260000;21840000;23030000
08/30/2001;23160000;25840000;23160000;25410000
08/31/2001;25310000;25470000;24410000;24920000
09/04/2001;26110000;26170000;24190000;25850000
09/05/2001;26220000;27370000;26220000;26350000
09/06/2001;27230000;28730000;27230000;28610000
09/07/2001;29890000;31300000;28920000;30990000
09/10/2001;33110000;33340000;31840000;31840000
09/17/2001;43200000;44330000;39770000;41760000
09/18/2001;41070000;42170000;38870000;38870000
09/19/2001;37880000;44260000;37500000;40560000
09/20/2001;41400000;43760000;41170000;43740000
09/21/2001;48930000;49350000;42660000;42660000
09/24/2001;41320000;41490000;37200000;37750000
09/25/2001;37060000;37260000;35810000;35810000
09/26/2001;35000000;35740000;34490000;35260000
09/27/2001;35450000;36110000;33990000;34000000
09/28/2001;33080000;33080000;31740000;31930000
10/01/2001;33420000;34080000;32290000;32320000
10/02/2001;32410000;32640000;31160000;31180000
10/03/2001;32400000;32470000;31150000;31340000
10/04/2001;31370000;32160000;30310000;31970000
10/05/2001;32680000;34390000;32640000;33390000
10/08/2001;35660000;36180000;34840000;35120000
10/09/2001;35250000;35530000;34480000;34830000
10/10/2001;34170000;34170000;31340000;31600000
10/11/2001;30930000;32160000;30830000;31500000
10/12/2001;32480000;36560000;32270000;35270000
10/15/2001;36750000;36950000;35240000;35310000
10/16/2001;34810000;35320000;32850000;32880000
10/17/2001;32440000;35090000;32440000;35080000
10/18/2001;35420000;35610000;34850000;34950000
10/19/2001;34760000;35460000;33890000;34110000
10/22/2001;34470000;34660000;32170000;32250000
10/23/2001;32240000;32460000;31300000;32000000
10/24/2001;31740000;31840000;30800000;30950000
10/25/2001;32400000;32920000;29450000;29460000
10/26/2001;30020000;30020000;28110000;28420000
10/29/2001;30430000;31670000;30310000;31640000
10/30/2001;33240000;34770000;33000000;33460000
10/31/2001;33120000;33590000;32270000;33560000
11/01/2001;33970000;34570000;32000000;32310000
11/02/2001;32450000;32670000;30460000;30710000
11/05/2001;31140000;31210000;30230000;30500000
11/06/2001;30640000;31190000;28720000;28800000
11/07/2001;29410000;29540000;28110000;29130000
11/08/2001;28510000;28880000;27430000;28620000
11/09/2001;28990000;29050000;27340000;27440000
11/12/2001;31940000;31940000;29040000;29350000
11/13/2001;27950000;28020000;26340000;26470000
11/14/2001;26270000;27040000;26260000;26560000
11/15/2001;26330000;26460000;25530000;25560000
11/16/2001;25760000;25950000;25030000;25070000
11/19/2001;25430000;25430000;24460000;24460000
11/20/2001;24350000;24480000;23500000;24120000
11/21/2001;23860000;24420000;23840000;24190000
11/23/2001;23930000;23940000;23000000;23250000
11/26/2001;24220000;24740000;23750000;23790000
11/27/2001;23600000;24560000;22960000;24000000
11/28/2001;24570000;25910000;24290000;25900000
11/29/2001;26160000;26460000;25140000;25180000
11/30/2001;25050000;25300000;23600000;23840000
12/03/2001;25920000;26380000;25520000;25770000
12/04/2001;25410000;25750000;24080000;24080000
12/05/2001;23150000;23150000;22580000;23020000
12/06/2001;23500000;24140000;23350000;23710000
12/07/2001;23760000;23850000;23180000;23490000
12/10/2001;24970000;25870000;24580000;25620000
12/11/2001;25250000;25580000;24220000;25300000
12/12/2001;25000000;25910000;24660000;24870000
12/13/2001;25480000;25930000;25030000;25910000
12/14/2001;25280000;25530000;24230000;24630000
12/17/2001;25020000;25060000;23960000;24260000
12/18/2001;23430000;23710000;23190000;23290000
12/19/2001;23340000;23340000;22260000;22580000
12/20/2001;22560000;23690000;22480000;23670000
12/21/2001;23130000;23280000;22380000;22500000
12/24/2001;23060000;23110000;22620000;22620000
12/26/2001;22360000;22420000;22010000;22290000
12/27/2001;22010000;22010000;21590000;21590000
12/28/2001;21400000;21590000;21120000;21400000
12/31/2001;22500000;23800000;22460000;23800000
01/02/2002;23780000;24200000;22710000;22710000
01/03/2002;22220000;22430000;21330000;21340000
01/04/2002;20970000;21530000;20400000;20450000
01/07/2002;21410000;22150000;21350000;21940000
01/08/2002;21630000;22290000;21280000;21830000
01/09/2002;21300000;22420000;20660000;22130000
01/10/2002;22280000;22780000;21780000;22360000
01/11/2002;22290000;22840000;21920000;22600000
01/14/2002;23940000;24040000;23240000;23580000
01/15/2002;23390000;23740000;22580000;22700000
01/16/2002;23420000;23600000;22870000;23450000
01/17/2002;23340000;23550000;22130000;22250000
01/18/2002;22970000;23070000;22220000;22520000
01/22/2002;22930000;23830000;22760000;23610000
01/23/2002;23350000;23540000;21680000;21880000
01/24/2002;21190000;21340000;20740000;21150000
01/25/2002;21360000;21570000;20740000;21010000
01/28/2002;21240000;21880000;21110000;21140000
01/29/2002;20920000;24990000;20690000;24350000
01/30/2002;24580000;26880000;23220000;23220000
01/31/2002;22450000;22700000;21090000;21090000
02/01/2002;21120000;21430000;20950000;21120000
02/04/2002;22770000;25150000;22690000;24870000
02/05/2002;25260000;26190000;24510000;25450000
02/06/2002;25530000;27320000;25340000;26090000
02/07/2002;25990000;26540000;24240000;25110000
02/08/2002;24560000;24670000;23070000;23260000
02/11/2002;24040000;24040000;21780000;21780000
02/12/2002;22300000;22440000;21440000;21620000
02/13/2002;20920000;21170000;20550000;20850000
02/14/2002;21920000;21920000;21320000;21770000
02/15/2002;21980000;22790000;21540000;22370000
02/19/2002;23920000;24590000;23830000;24430000
02/20/2002;23780000;24940000;22620000;22660000
02/21/2002;22590000;23960000;21900000;23800000
02/22/2002;24040000;24440000;22750000;22860000
02/25/2002;23090000;23110000;21420000;21840000
02/26/2002;21360000;22250000;21350000;21680000
02/27/2002;21180000;22420000;20820000;21490000
02/28/2002;21120000;21590000;20710000;21590000
03/01/2002;21060000;21060000;19880000;19960000
03/04/2002;20690000;20950000;20350000;20500000
03/05/2002;20760000;21120000;20240000;20300000
03/06/2002;20270000;20490000;19550000;19940000
03/07/2002;20720000;20810000;19970000;20040000
03/08/2002;19760000;20220000;19270000;19270000
03/11/2002;20660000;20770000;19560000;19840000
03/12/2002;20520000;20570000;19510000;19590000
03/13/2002;19830000;19890000;19400000;19460000
03/14/2002;19450000;19560000;18980000;19200000
03/15/2002;18770000;18840000;18380000;18420000
03/18/2002;18790000;19400000;18740000;18930000
03/19/2002;18500000;18660000;18090000;18160000
03/20/2002;18700000;18750000;18330000;18460000
03/21/2002;18610000;18840000;18140000;18150000
03/22/2002;18340000;18380000;17620000;17770000
03/25/2002;18180000;18720000;18040000;18480000
03/26/2002;18440000;18440000;17810000;18130000
03/27/2002;18100000;18160000;17550000;17700000
03/28/2002;17230000;17510000;17020000;17400000
04/01/2002;18990000;19500000;18610000;18730000
04/02/2002;19120000;19410000;19120000;19160000
04/03/2002;19410000;20470000;19400000;20200000
04/04/2002;19900000;20090000;19460000;19780000
04/05/2002;19330000;19400000;18780000;19130000
04/08/2002;20350000;20460000;19570000;19610000
04/09/2002;19310000;19730000;19300000;19470000
04/10/2002;19220000;19280000;18170000;18190000
04/11/2002;18720000;20350000;18560000;20300000
04/12/2002;19960000;20190000;19310000;19420000
04/15/2002;20130000;20200000;19470000;19820000
04/16/2002;18580000;19030000;18060000;18110000
04/17/2002;18340000;19030000;17900000;18430000
04/18/2002;17820000;19800000;17820000;19290000
04/19/2002;18410000;18960000;17730000;18300000
04/22/2002;19410000;20090000;19340000;19770000
04/23/2002;19230000;20330000;19200000;20280000
04/24/2002;20010000;20860000;19710000;20770000
04/25/2002;21560000;21700000;20860000;20950000
04/26/2002;20720000;22140000;20670000;22140000
04/29/2002;23230000;24500000;22910000;24050000
04/30/2002;24030000;24030000;21640000;21910000
05/01/2002;21440000;22030000;19910000;20060000
05/02/2002;20110000;20510000;19910000;20070000
05/03/2002;20250000;20960000;20050000;20190000
05/06/2002;20990000;22570000;20830000;22560000
05/07/2002;22380000;22590000;21640000;21940000
05/08/2002;21300000;21310000;20210000;20390000
05/09/2002;20840000;21620000;20830000;21560000
05/10/2002;21830000;22710000;21770000;22410000
05/13/2002;22250000;22250000;20670000;20720000
05/14/2002;19870000;20080000;19200000;19350000
05/15/2002;19500000;19650000;18500000;19190000
05/16/2002;19310000;19310000;18480000;18500000
05/17/2002;18010000;18570000;17700000;17700000
05/20/2002;18760000;19420000;18760000;19240000
05/21/2002;19040000;20110000;18990000;20050000
05/22/2002;20250000;20710000;19540000;19580000
05/23/2002;19050000;19160000;18190000;18230000
05/24/2002;18220000;19030000;18220000;18900000
05/28/2002;20210000;20770000;20070000;20310000
05/29/2002;20410000;20790000;19730000;20390000
05/30/2002;20880000;21580000;20420000;20610000
05/31/2002;20260000;20260000;19430000;19980000
06/03/2002;20980000;23370000;20620000;23370000
06/04/2002;23600000;24820000;23310000;23890000
06/05/2002;23520000;23770000;22460000;22610000
06/06/2002;22970000;24640000;22940000;24160000
06/07/2002;25960000;26150000;22980000;23510000
06/10/2002;24180000;24280000;23050000;23720000
06/11/2002;23110000;24500000;22810000;24450000
06/12/2002;24180000;25500000;23850000;24150000
06/13/2002;24650000;25560000;23970000;25020000
06/14/2002;28430000;28780000;25800000;25960000
06/17/2002;25920000;25920000;24600000;24640000
06/18/2002;24750000;24810000;24060000;24240000
06/19/2002;25050000;26080000;24650000;26060000
06/20/2002;26100000;27560000;26000000;27480000
06/21/2002;28380000;28500000;26840000;27230000
06/24/2002;27930000;29020000;26460000;26980000
06/25/2002;26410000;27920000;25490000;27840000
06/26/2002;29990000;30980000;28410000;28420000
06/27/2002;27670000;29240000;26290000;26290000
06/28/2002;25740000;25880000;24880000;25400000
07/01/2002;25710000;27160000;25630000;27110000
07/02/2002;27560000;29780000;27560000;28960000
07/03/2002;28880000;31030000;28760000;29420000
07/05/2002;27300000;27300000;25680000;27110000
07/08/2002;28540000;28780000;27880000;28250000
07/09/2002;27960000;30340000;27790000;30220000
07/10/2002;31400000;34170000;30770000;34100000
07/11/2002;34420000;36350000;33850000;33850000
07/12/2002;34300000;34300000;32410000;32940000
07/15/2002;35070000;38380000;34860000;35030000
07/16/2002;35970000;36820000;35200000;36650000
07/17/2002;34250000;36730000;33620000;35450000
07/18/2002;35200000;35420000;33450000;35120000
07/19/2002;36420000;38170000;35980000;38170000
07/22/2002;39130000;42580000;38570000;41870000
07/23/2002;42270000;46130000;42050000;44920000
07/24/2002;48170000;48460000;39830000;39860000
07/25/2002;40650000;42050000;38890000;39270000
07/26/2002;38610000;38800000;35510000;35510000
07/29/2002;33890000;33890000;31190000;31330000
07/30/2002;32040000;32770000;30600000;31920000
07/31/2002;32780000;33680000;32030000;32030000
08/01/2002;32770000;36950000;32770000;36950000
08/02/2002;37530000;43930000;36860000;41290000
08/05/2002;41950000;45210000;41770000;45080000
08/06/2002;43060000;43060000;40280000;42030000
08/07/2002;40720000;41370000;38650000;38730000
08/08/2002;38530000;39060000;36190000;36330000
08/09/2002;37410000;37480000;34690000;35330000
08/12/2002;37230000;37520000;36830000;37050000
08/13/2002;37240000;37310000;34200000;35820000
08/14/2002;35560000;35990000;32350000;32360000
08/15/2002;31900000;32100000;29430000;29430000
08/16/2002;29880000;29950000;28010000;28810000
08/19/2002;29600000;29730000;28290000;28610000
08/20/2002;29520000;30220000;29180000;29590000
08/21/2002;29180000;30060000;28070000;28230000
08/22/2002;28640000;28640000;27610000;27750000
08/23/2002;28080000;29540000;28080000;29320000
08/26/2002;30730000;31930000;29630000;29890000
08/27/2002;29890000;30800000;29530000;30110000
08/28/2002;31240000;33600000;31190000;33320000
08/29/2002;35420000;35420000;33210000;33670000
08/30/2002;33640000;33640000;31930000;32640000
09/03/2002;37120000;39970000;37120000;39970000
09/04/2002;39210000;39710000;37050000;37440000
09/05/2002;39580000;40410000;38210000;38860000
09/06/2002;36880000;37350000;35990000;36330000
09/09/2002;39100000;39630000;36040000;36450000
09/10/2002;35980000;35980000;35080000;35080000
09/11/2002;35980000;34810000;33720000;34810000
09/12/2002;36240000;37740000;36100000;37500000
09/13/2002;38220000;38520000;35820000;35820000
09/16/2002;37340000;38550000;36640000;36740000
09/17/2002;35870000;38060000;35790000;38010000
09/18/2002;38680000;39710000;36960000;37520000
09/19/2002;39920000;40700000;38920000;40650000
09/20/2002;39930000;40230000;38720000;38980000
09/23/2002;40780000;41180000;39260000;39680000
09/24/2002;40950000;41340000;39570000;40520000
09/25/2002;39650000;39920000;36790000;37330000
09/26/2002;36090000;36150000;34600000;34600000
09/27/2002;35070000;36970000;33960000;36970000
09/30/2002;41070000;41860000;38890000;39690000
10/01/2002;37250000;37610000;33770000;34120000
10/02/2002;35160000;36970000;34420000;36830000
10/03/2002;37330000;37750000;36110000;37310000
10/04/2002;39180000;40290000;38670000;39460000
10/07/2002;41650000;42950000;41040000;42640000
10/08/2002;42090000;43440000;39960000;41020000
10/09/2002;42250000;42580000;41210000;42130000
10/10/2002;39130000;39390000;37540000;37550000
10/11/2002;36360000;36530000;35200000;35700000
10/14/2002;36920000;37180000;36020000;36040000
10/15/2002;34360000;34710000;33790000;34020000
10/16/2002;34910000;36270000;34910000;36000000
10/17/2002;34770000;35130000;33930000;34100000
10/18/2002;34600000;34730000;33340000;33530000
10/21/2002;35340000;35550000;33000000;33110000
10/22/2002;34390000;34760000;33610000;34090000
10/23/2002;34060000;35610000;33200000;33200000
10/24/2002;32990000;34430000;32530000;34030000
10/25/2002;33370000;33370000;29880000;30000000
10/28/2002;30780000;31670000;30310000;31070000
10/29/2002;31530000;33530000;31530000;32270000
10/30/2002;32500000;32500000;30790000;31230000
10/31/2002;31570000;31570000;29690000;31140000
11/01/2002;31570000;31700000;28620000;29300000
11/04/2002;29810000;30900000;28830000;30820000
11/05/2002;31010000;31720000;30430000;31230000
11/06/2002;31890000;32600000;30710000;30730000
11/07/2002;31420000;31850000;30760000;31420000
11/08/2002;30390000;31030000;29100000;29410000
11/11/2002;30630000;31640000;30410000;31300000
11/12/2002;31090000;31200000;29750000;30580000
11/13/2002;31210000;31900000;30500000;31240000
11/14/2002;29690000;29760000;28650000;28670000
11/15/2002;27920000;28230000;26440000;26650000
11/18/2002;27090000;27660000;26730000;27660000
11/19/2002;28120000;28150000;26630000;27410000
11/20/2002;26930000;26930000;25060000;25320000
11/21/2002;24600000;24750000;23410000;23810000
11/22/2002;23990000;24220000;23050000;23160000
11/25/2002;23920000;25420000;23620000;24070000
11/26/2002;24560000;26150000;24560000;25970000
11/27/2002;25150000;27420000;23970000;27250000
11/29/2002;27100000;27700000;26840000;27500000
12/02/2002;28350000;28610000;27280000;27460000
12/03/2002;27790000;28410000;27470000;28330000
12/04/2002;29100000;29510000;28270000;28920000
12/05/2002;29500000;30200000;29260000;30100000
12/06/2002;30640000;30640000;28770000;28880000
12/09/2002;30070000;31200000;29990000;30780000
12/10/2002;30440000;30490000;28650000;28760000
12/11/2002;28920000;29000000;27550000;27760000
12/12/2002;27950000;28160000;27230000;27290000
12/13/2002;28010000;28670000;27560000;28180000
12/16/2002;28250000;28290000;26220000;26240000
12/17/2002;26250000;26820000;25900000;26660000
12/18/2002;27290000;28550000;27290000;28290000
12/19/2002;28260000;30840000;27880000;30210000
12/20/2002;28590000;28750000;26590000;26710000
12/23/2002;27610000;27690000;25870000;26200000
12/24/2002;26390000;26820000;26380000;26490000
12/26/2002;26320000;27570000;26160000;27370000
12/27/2002;27720000;29970000;27520000;29550000
12/30/2002;30690000;30830000;29470000;29620000
12/31/2002;29080000;29620000;28600000;28620000
01/02/2003;28740000;28740000;25320000;25390000
01/03/2003;25550000;25550000;24680000;24680000
01/06/2003;25320000;25420000;24290000;24910000
01/07/2003;25130000;25690000;24910000;25130000
01/08/2003;25620000;25760000;25070000;25530000
01/09/2003;24900000;24900000;24020000;24250000
01/10/2003;24620000;24690000;24150000;24320000
01/13/2003;24950000;25480000;24680000;24900000
01/14/2003;25010000;25090000;24380000;24570000
01/15/2003;24850000;26010000;24850000;25510000
01/16/2003;24920000;25800000;24690000;25010000
01/17/2003;25390000;26000000;25200000;25700000
01/21/2003;26750000;27700000;26730000;27590000
01/22/2003;28160000;29080000;27770000;29010000
01/23/2003;28720000;29190000;27350000;27530000
01/24/2003;28470000;32410000;28450000;31510000
01/27/2003;33310000;35330000;32970000;34690000
01/28/2003;34420000;34470000;31820000;31930000
01/29/2003;32450000;33240000;31050000;31260000
01/30/2003;31380000;31500000;30660000;31320000
01/31/2003;31150000;31660000;30610000;31170000
02/03/2003;32450000;32450000;30870000;31020000
02/04/2003;32740000;33370000;32700000;32760000
02/05/2003;32760000;33220000;31980000;33040000
02/06/2003;34030000;34240000;33120000;33350000
02/07/2003;33300000;34310000;33190000;34010000
02/10/2003;35210000;35660000;33990000;33990000
02/11/2003;33180000;33970000;32720000;33680000
02/12/2003;33880000;34330000;33770000;34330000
02/13/2003;34990000;35200000;33330000;33700000
02/14/2003;33740000;33940000;32420000;32620000
02/18/2003;32120000;32120000;31110000;31110000
02/19/2003;31170000;31720000;31130000;31310000
02/20/2003;30970000;31270000;30860000;31160000
02/21/2003;30980000;31650000;30160000;30250000
02/24/2003;31460000;32310000;31460000;31980000
02/25/2003;32710000;33060000;31600000;31740000
02/26/2003;32120000;32210000;31750000;31940000
02/27/2003;31760000;31850000;30470000;30530000
02/28/2003;29840000;29840000;29060000;29630000
03/03/2003;29780000;30520000;29710000;30430000
03/04/2003;31050000;31980000;30980000;31830000
03/05/2003;31250000;31330000;30380000;30380000
03/06/2003;31040000;31530000;30690000;31370000
03/07/2003;32640000;32810000;30840000;31080000
03/10/2003;33370000;33850000;33080000;33310000
03/11/2003;33320000;33750000;32970000;33610000
03/12/2003;33690000;34400000;33320000;33510000
03/13/2003;32980000;32980000;31670000;31760000
03/14/2003;30850000;31250000;30450000;30980000
03/17/2003;31850000;32620000;31670000;31750000
03/18/2003;31510000;31510000;30240000;30430000
03/19/2003;30820000;31540000;30400000;31540000
03/20/2003;31810000;32000000;30410000;30440000
03/21/2003;29410000;29700000;28440000;28670000
03/24/2003;30530000;31000000;30330000;30390000
03/25/2003;30270000;30500000;28750000;28750000
03/26/2003;28620000;28790000;27890000;28230000
03/27/2003;28940000;29100000;27620000;27960000
03/28/2003;28210000;28250000;27580000;27750000
03/31/2003;29950000;30210000;28570000;29150000
04/01/2003;29580000;29580000;28180000;28360000
04/02/2003;27500000;28120000;27450000;28020000
04/03/2003;28320000;28440000;27540000;28210000
04/04/2003;28350000;30040000;28350000;29130000
04/07/2003;28860000;28860000;27680000;28450000
04/08/2003;27870000;27940000;26860000;27130000
04/09/2003;27080000;27230000;26130000;27110000
04/10/2003;26920000;27130000;25510000;25600000
04/11/2003;24420000;25200000;24310000;24440000
04/14/2003;24830000;25000000;23320000;23410000
04/15/2003;23240000;23420000;22440000;22560000
04/16/2003;22500000;22850000;21950000;22520000
04/17/2003;22110000;22380000;21330000;21500000
04/21/2003;21810000;22350000;21560000;21950000
04/22/2003;21830000;21860000;20260000;20700000
04/23/2003;20860000;21070000;20680000;20800000
04/24/2003;21030000;21270000;20310000;20330000
04/25/2003;20510000;20890000;20360000;20800000
04/28/2003;20890000;20960000;20650000;20840000
04/29/2003;20660000;21330000;20460000;20760000
04/30/2003;21040000;21560000;20870000;21210000
05/01/2003;21350000;22330000;21320000;21590000
05/02/2003;21090000;21420000;20630000;20630000
05/05/2003;21320000;21710000;21060000;21130000
05/06/2003;21000000;21350000;20400000;20800000
05/07/2003;21450000;21580000;20940000;21000000
05/08/2003;21660000;21660000;20700000;21240000
05/09/2003;20850000;20930000;19660000;19690000
05/12/2003;19960000;20020000;19390000;19520000
05/13/2003;19510000;20050000;19350000;19910000
05/14/2003;20020000;20290000;19820000;20000000
05/15/2003;19550000;19790000;19220000;19240000
05/16/2003;19260000;19420000;18240000;18400000
05/19/2003;19490000;20690000;19450000;20510000
05/20/2003;20490000;21680000;20300000;21290000
05/21/2003;21690000;21720000;21210000;21210000
05/22/2003;20990000;21000000;19560000;19780000
05/23/2003;20070000;20080000;19140000;19170000
05/27/2003;20680000;20750000;19660000;19990000
05/28/2003;19790000;20350000;19790000;20030000
05/29/2003;19720000;20740000;19660000;20430000
05/30/2003;19830000;19830000;19440000;19470000
06/02/2003;20350000;20980000;20060000;20850000
06/03/2003;20850000;21220000;20700000;20840000
06/04/2003;20950000;20950000;20500000;20620000
06/05/2003;21210000;21390000;20810000;20830000
06/06/2003;20410000;21440000;20160000;21250000
06/09/2003;22200000;22810000;22120000;22150000
06/10/2003;21870000;21870000;20640000;20640000
06/11/2003;20610000;20720000;20100000;20210000
06/12/2003;20740000;21040000;20390000;20410000
06/13/2003;20570000;20900000;20500000;20660000
06/16/2003;21280000;21280000;20220000;20220000
06/17/2003;20300000;20550000;19780000;20010000
06/18/2003;20250000;20330000;19740000;19760000
06/19/2003;19830000;19990000;19510000;19800000
06/20/2003;19540000;19590000;18890000;19140000
06/23/2003;20160000;20990000;20160000;20580000
06/24/2003;20290000;20890000;20240000;20750000
06/25/2003;21140000;21250000;20480000;20810000
06/26/2003;20190000;20470000;19400000;19400000
06/27/2003;19400000;19640000;18870000;19160000
06/30/2003;19310000;19630000;19210000;19520000
07/01/2003;20490000;20800000;19290000;19460000
07/02/2003;18910000;19400000;18840000;19030000
07/03/2003;19330000;19730000;18860000;19390000
07/07/2003;19990000;20320000;19840000;20060000
07/08/2003;19960000;20050000;19370000;19480000
07/09/2003;19500000;19630000;18930000;18930000
07/10/2003;19260000;19500000;19050000;19190000
07/11/2003;18750000;18890000;18260000;18470000
07/14/2003;18880000;19670000;18700000;19590000
07/15/2003;19700000;19930000;19380000;19550000
07/16/2003;19710000;20150000;19660000;19760000
07/17/2003;19800000;20450000;19800000;20220000
07/18/2003;20140000;20200000;19100000;19110000
07/21/2003;20060000;20360000;19780000;19780000
07/22/2003;19850000;20070000;19100000;19170000
07/23/2003;19440000;19600000;18600000;18640000
07/24/2003;18370000;18650000;17880000;18600000
07/25/2003;18600000;18880000;17650000;17750000
07/28/2003;18690000;18760000;18250000;18360000
07/29/2003;18600000;19500000;18320000;18670000
07/30/2003;18880000;19030000;18730000;18850000
07/31/2003;18820000;19580000;18360000;19490000
08/01/2003;20060000;20770000;20060000;20750000
08/04/2003;22160000;22860000;21250000;21270000
08/05/2003;21610000;22680000;21360000;22680000
08/06/2003;23260000;23890000;21480000;21500000
08/07/2003;21510000;21720000;20090000;20260000
08/08/2003;19780000;20210000;19480000;19590000
08/11/2003;20040000;20310000;19510000;19750000
08/12/2003;19110000;19550000;17750000;17940000
08/13/2003;18310000;18990000;18050000;18770000
08/14/2003;18960000;18960000;18200000;18470000
08/15/2003;18650000;18940000;18150000;18270000
08/18/2003;18720000;18850000;18010000;18180000
08/19/2003;17990000;18380000;17790000;17860000
08/20/2003;18070000;18330000;17810000;17820000
08/21/2003;17640000;18180000;17640000;17840000
08/22/2003;17740000;18630000;17730000;18550000
08/25/2003;19450000;19580000;19210000;19530000
08/26/2003;19770000;20300000;19450000;19490000
08/27/2003;19910000;19930000;19090000;19130000
08/28/2003;19090000;19590000;18450000;18480000
08/29/2003;18530000;18750000;18520000;18630000
09/02/2003;19310000;19830000;18950000;19020000
09/03/2003;19310000;19580000;19210000;19440000
09/04/2003;19580000;19640000;18700000;18710000
09/05/2003;18640000;18690000;18150000;18170000
09/08/2003;18300000;18590000;18250000;18260000
09/09/2003;18480000;19140000;18450000;18850000
09/10/2003;19260000;20150000;19260000;20010000
09/11/2003;19870000;20020000;19190000;19250000
09/12/2003;20580000;20660000;18510000;18680000
09/15/2003;19150000;19350000;18850000;19280000
09/16/2003;18940000;18940000;17950000;18030000
09/17/2003;18030000;18240000;17980000;18150000
09/18/2003;18140000;18150000;17560000;17570000
09/19/2003;17830000;17860000;17520000;17540000
09/22/2003;19080000;23900000;19030000;19650000
09/23/2003;19910000;19970000;19310000;19470000
09/24/2003;19530000;21260000;19440000;21220000
09/25/2003;21110000;22270000;21040000;22260000
09/26/2003;22280000;22730000;21850000;22230000
09/29/2003;22850000;22850000;21640000;21670000
09/30/2003;22040000;23260000;22030000;22720000
10/01/2003;22810000;22820000;20990000;21070000
10/02/2003;21230000;21450000;20710000;20800000
10/03/2003;19940000;20090000;18950000;19500000
10/06/2003;20690000;20690000;19450000;19510000
10/07/2003;20140000;20140000;19400000;19410000
10/08/2003;19260000;19610000;19080000;19180000
10/09/2003;18510000;19280000;18260000;18820000
10/10/2003;18920000;18920000;18420000;18450000
10/13/2003;17620000;17910000;17420000;17550000
10/14/2003;17400000;17790000;17200000;17370000
10/15/2003;17730000;17960000;16980000;17690000
10/16/2003;17580000;18050000;16860000;17190000
10/17/2003;16970000;17850000;16970000;17620000
10/20/2003;17840000;18070000;17040000;17040000
10/21/2003;17160000;17230000;16190000;16550000
10/22/2003;17100000;17980000;17100000;17670000
10/23/2003;18510000;18510000;17480000;17680000
10/24/2003;18250000;18680000;17670000;17710000
10/27/2003;17970000;18180000;17740000;18050000
10/28/2003;17790000;17890000;16770000;16820000
10/29/2003;16850000;17020000;16340000;16430000
10/30/2003;18450000;18450000;16010000;16330000
10/31/2003;16110000;16190000;15790000;16100000
11/03/2003;16330000;16700000;16220000;16550000
11/04/2003;16570000;16780000;16450000;16550000
11/05/2003;16990000;17320000;16550000;16860000
11/06/2003;17000000;17370000;16620000;16740000
11/07/2003;16630000;16930000;16500000;16930000
11/10/2003;17790000;17880000;17530000;17620000
11/11/2003;18140000;18530000;17500000;17540000
11/12/2003;17780000;17850000;16550000;16750000
11/13/2003;17050000;17130000;16430000;16470000
11/14/2003;16630000;17000000;16170000;16940000
11/17/2003;18140000;19360000;18040000;18600000
11/18/2003;18090000;19170000;17780000;19110000
11/19/2003;19140000;19510000;18650000;18800000
11/20/2003;19090000;19610000;18460000;19480000
11/21/2003;19080000;19400000;18820000;18980000
11/24/2003;18910000;18980000;17190000;17440000
11/25/2003;17400000;17870000;16400000;16710000
11/26/2003;16110000;17260000;16020000;16230000
11/28/2003;16510000;16620000;16160000;16320000
12/01/2003;16740000;17030000;16170000;16770000
12/02/2003;16890000;16890000;16170000;16270000
12/03/2003;16080000;16680000;15770000;16630000
12/04/2003;16480000;16830000;16290000;16300000
12/05/2003;16760000;17320000;16500000;17090000
12/08/2003;17550000;17590000;16520000;16540000
12/09/2003;16630000;17800000;16560000;17630000
12/10/2003;17660000;18270000;17580000;17870000
12/11/2003;17950000;17950000;16510000;16730000
12/12/2003;16190000;16980000;16090000;16410000
12/15/2003;15800000;17420000;15790000;17230000
12/16/2003;17270000;17450000;15900000;15930000
12/17/2003;16120000;16270000;15520000;15580000
12/18/2003;15590000;16190000;14660000;16160000
12/19/2003;16660000;16810000;15710000;16420000
12/22/2003;17060000;17310000;16610000;16940000
12/23/2003;17320000;17400000;16290000;16490000
12/24/2003;16650000;16770000;16240000;16660000
12/26/2003;16760000;17490000;16630000;17450000
12/29/2003;17810000;17860000;17070000;17090000
12/30/2003;17320000;17970000;17200000;17680000
12/31/2003;17490000;18860000;17410000;18310000
01/02/2004;17960000;18680000;17540000;18220000
01/05/2004;18450000;18490000;17440000;17490000
01/06/2004;17660000;17670000;16190000;16730000
01/07/2004;16720000;16750000;15500000;15500000
01/08/2004;15420000;15680000;15320000;15610000
01/09/2004;16150000;16880000;15570000;16750000
01/12/2004;17320000;17460000;16790000;16820000
01/13/2004;16600000;18330000;16530000;18040000
01/14/2004;17290000;17300000;16400000;16750000
01/15/2004;17070000;17310000;15490000;15560000
01/16/2004;15400000;15440000;14900000;15000000
01/20/2004;15770000;16130000;15090000;15210000
01/21/2004;36550000;36550000;14240000;14340000
01/22/2004;14200000;14870000;14010000;14710000
01/23/2004;14730000;15050000;14560000;14840000
01/26/2004;15780000;15780000;14520000;14550000
01/27/2004;15280000;15440000;14740000;15350000
01/28/2004;15370000;17060000;15290000;16780000
01/29/2004;16880000;17660000;16790000;17140000
01/30/2004;16550000;17350000;16550000;16630000
02/02/2004;17450000;17560000;16670000;17110000
02/03/2004;17290000;17780000;17170000;17340000
02/04/2004;17840000;18060000;17460000;17870000
02/05/2004;17910000;17990000;17600000;17710000
02/06/2004;17710000;17710000;15940000;16000000
02/09/2004;16540000;16820000;16120000;16390000
02/10/2004;16410000;16760000;15840000;15940000
02/11/2004;15900000;16160000;15260000;15390000
02/12/2004;15360000;15720000;15230000;15310000
02/13/2004;15120000;16030000;14860000;15580000
02/17/2004;15630000;15960000;15320000;15400000
02/18/2004;15510000;15760000;15300000;15590000
02/19/2004;15330000;15970000;15200000;15800000
02/20/2004;15850000;16550000;15820000;16040000
02/23/2004;16500000;16780000;16250000;16290000
02/24/2004;16380000;16760000;15770000;15900000
02/25/2004;15580000;16050000;14930000;14930000
02/26/2004;15320000;15330000;14690000;14830000
02/27/2004;13800000;14770000;13800000;14550000
03/01/2004;14910000;15050000;14400000;14440000
03/02/2004;14590000;14890000;14180000;14860000
03/03/2004;14730000;15270000;14470000;14550000
03/04/2004;14450000;14500000;14190000;14400000
03/05/2004;14810000;14820000;13830000;14480000
03/08/2004;14830000;15830000;14540000;15790000
03/09/2004;15570000;16740000;15560000;16600000
03/10/2004;16120000;18700000;16110000;18670000
03/11/2004;18810000;20690000;17630000;20670000
03/12/2004;19940000;20080000;18060000;18300000
03/15/2004;18980000;21390000;18860000;21130000
03/16/2004;20270000;20940000;19860000;20340000
03/17/2004;19540000;19550000;17980000;18110000
03/18/2004;18380000;19230000;18350000;18530000
03/19/2004;17980000;19250000;17890000;19150000
03/22/2004;20610000;22670000;20610000;21580000
03/23/2004;21060000;21330000;20010000;20670000
03/24/2004;20240000;20830000;19450000;19810000
03/25/2004;19580000;19580000;17610000;17880000
03/26/2004;18190000;18230000;16670000;17330000
03/29/2004;17110000;17170000;16290000;16500000
03/30/2004;16680000;16800000;16130000;16280000
03/31/2004;16330000;16960000;16230000;16740000
04/01/2004;16760000;17250000;16650000;16650000
04/02/2004;15210000;16550000;15210000;15640000
04/05/2004;16170000;16640000;14810000;14970000
04/06/2004;15350000;15530000;15070000;15320000
04/07/2004;15410000;16360000;15340000;15760000
04/08/2004;14960000;16820000;14960000;16260000
04/12/2004;15710000;16120000;15000000;15280000
04/13/2004;15290000;17980000;15290000;17260000
04/14/2004;17290000;17710000;15600000;15620000
04/15/2004;16020000;16780000;15220000;15740000
04/16/2004;15590000;15690000;14770000;14940000
04/19/2004;15730000;16080000;15330000;15420000
04/20/2004;15240000;16720000;14790000;16670000
04/21/2004;16610000;16940000;15550000;15600000
04/22/2004;15890000;15980000;13860000;14610000
04/23/2004;12890000;14560000;12890000;14010000
04/26/2004;14750000;15220000;14390000;14770000
04/27/2004;15050000;15170000;14370000;15070000
04/28/2004;15550000;16540000;15550000;16290000
04/29/2004;16360000;17270000;15870000;16600000
04/30/2004;16270000;17230000;16140000;17190000
05/03/2004;17690000;17720000;16610000;16620000
05/04/2004;16800000;17130000;15970000;16550000
05/05/2004;16430000;16550000;15640000;15770000
05/06/2004;16450000;17670000;16450000;17050000
05/07/2004;17220000;18170000;16440000;18130000
05/10/2004;19440000;20200000;18990000;19770000
05/11/2004;19230000;19280000;17940000;18570000
05/12/2004;18790000;20410000;18140000;18140000
05/13/2004;18780000;18920000;17970000;18860000
05/14/2004;18660000;19270000;18060000;18470000
05/17/2004;19700000;20450000;19650000;19960000
05/18/2004;19600000;19700000;19140000;19330000
05/19/2004;18480000;18930000;17580000;18930000
05/20/2004;18600000;19250000;18550000;18670000
05/21/2004;18730000;18740000;18000000;18490000
05/24/2004;18790000;18820000;17960000;18080000
05/25/2004;18410000;18420000;15730000;15960000
05/26/2004;16090000;16300000;15780000;15970000
05/27/2004;15740000;15860000;15190000;15280000
05/28/2004;15440000;15650000;15390000;15500000
06/01/2004;16600000;16960000;16190000;16300000
06/02/2004;16050000;16700000;15950000;16080000
06/03/2004;16430000;17040000;16160000;17030000
06/04/2004;16240000;16900000;15820000;16780000
06/07/2004;16600000;16700000;15330000;15390000
06/08/2004;15790000;15880000;15000000;15010000
06/09/2004;14560000;15460000;14560000;15390000
06/10/2004;15330000;15350000;14920000;15040000
06/11/2004;15040000;15040000;15040000;15040000
06/14/2004;15540000;16360000;15540000;16070000
06/15/2004;15340000;15350000;14720000;15050000
06/16/2004;14830000;15220000;14480000;14790000
06/17/2004;15060000;15580000;15000000;15150000
06/18/2004;14740000;15250000;14510000;14990000
06/21/2004;15610000;15620000;14960000;15260000
06/22/2004;15440000;15640000;14310000;14310000
06/23/2004;14600000;14820000;13750000;13980000
06/24/2004;14390000;14970000;14160000;14810000
06/25/2004;14780000;15290000;14470000;15190000
06/28/2004;15280000;16130000;15190000;16070000
06/29/2004;15220000;16280000;15220000;15470000
06/30/2004;15270000;15730000;14250000;14340000
07/01/2004;14740000;15570000;14410000;15200000
07/02/2004;15230000;15450000;14800000;15080000
07/06/2004;16250000;16750000;16130000;16250000
07/07/2004;16360000;16470000;15590000;15810000
07/08/2004;15860000;16360000;15500000;16200000
07/09/2004;16010000;16030000;15710000;15780000
07/12/2004;15250000;15610000;14610000;14960000
07/13/2004;14860000;15080000;14280000;14460000
07/14/2004;14900000;16590000;13340000;13760000
07/15/2004;13940000;14730000;13600000;14710000
07/16/2004;14270000;14580000;13950000;14340000
07/19/2004;15170000;15830000;14860000;15170000
07/20/2004;15530000;15570000;13980000;14170000
07/21/2004;14000000;16460000;13910000;16410000
07/22/2004;16650000;17100000;15290000;15750000
07/23/2004;15820000;16940000;15820000;16500000
07/26/2004;17220000;17930000;16980000;17300000
07/27/2004;17240000;17340000;16300000;16550000
07/28/2004;16770000;17410000;15940000;16150000
07/29/2004;16000000;16120000;15420000;15680000
07/30/2004;15850000;15890000;15270000;15320000
08/02/2004;16420000;16580000;15220000;15370000
08/03/2004;15560000;16050000;15280000;16030000
08/04/2004;16330000;16650000;15820000;16210000
08/05/2004;16190000;18410000;16170000;18320000
08/06/2004;18210000;19680000;18180000;19340000
08/09/2004;19970000;19970000;18630000;18890000
08/10/2004;18800000;18860000;17250000;17470000
08/11/2004;18150000;18490000;17840000;18040000
08/12/2004;18610000;19300000;18360000;19080000
08/13/2004;18910000;19250000;17970000;17980000
08/16/2004;19280000;19280000;17420000;17570000
08/17/2004;16580000;17280000;16160000;17020000
08/18/2004;17550000;17550000;16130000;16230000
08/19/2004;16540000;17550000;16310000;16960000
08/20/2004;16990000;17040000;15780000;16000000
08/23/2004;16680000;16710000;15790000;15880000
08/24/2004;15630000;15810000;15330000;15330000
08/25/2004;15400000;15760000;14810000;14980000
08/26/2004;15220000;15220000;14760000;14910000
08/27/2004;14910000;15020000;14670000;14710000
08/30/2004;15350000;15580000;15300000;15440000
08/31/2004;15640000;15850000;15280000;15290000
09/01/2004;15390000;15390000;14720000;14910000
09/02/2004;14970000;15050000;14180000;14280000
09/03/2004;14360000;14380000;13790000;13910000
09/07/2004;14520000;14640000;14030000;14070000
09/08/2004;13410000;14310000;13410000;14060000
09/09/2004;14120000;14410000;13700000;14010000
09/10/2004;13900000;14230000;13690000;13760000
09/13/2004;13640000;13780000;13160000;13170000
09/14/2004;13500000;13890000;13500000;13560000
09/15/2004;13880000;14670000;13680000;14640000
09/16/2004;14290000;14660000;14270000;14390000
09/17/2004;14110000;14430000;13930000;14030000
09/20/2004;13980000;15290000;13980000;14430000
09/21/2004;15980000;15980000;13380000;13660000
09/22/2004;15280000;15300000;13950000;14740000
09/23/2004;14850000;15080000;14610000;14800000
09/24/2004;14930000;14940000;14080000;14280000
09/27/2004;14860000;31360000;14550000;14620000
09/28/2004;14730000;14840000;13690000;13830000
09/29/2004;14090000;14140000;13200000;13210000
09/30/2004;13490000;13670000;13200000;13340000
10/01/2004;13110000;13110000;12600000;12750000
10/04/2004;13050000;13450000;12990000;13410000
10/05/2004;13510000;14190000;13510000;13950000
10/06/2004;14010000;14100000;13240000;13280000
10/07/2004;13330000;14660000;13320000;14500000
10/08/2004;14700000;15520000;13780000;15050000
10/11/2004;14690000;15270000;14280000;14710000
10/12/2004;15210000;15690000;14910000;15050000
10/13/2004;13920000;15630000;13920000;15420000
10/14/2004;15220000;16560000;15220000;16430000
10/15/2004;16280000;16490000;14720000;15040000
10/18/2004;16160000;16160000;14640000;14710000
10/19/2004;16320000;16320000;14320000;15130000
10/20/2004;15460000;15530000;14800000;14850000
10/21/2004;14980000;15190000;14280000;14540000
10/22/2004;14590000;15410000;14310000;15280000
10/25/2004;16070000;16710000;16020000;16580000
10/26/2004;19540000;16870000;15970000;16390000
10/27/2004;16480000;16530000;15660000;15720000
10/28/2004;16020000;16050000;15360000;15390000
10/29/2004;15830000;16290000;14960000;16270000
11/01/2004;16430000;16760000;16180000;16270000
11/02/2004;15990000;16320000;15210000;16180000
11/03/2004;15050000;15180000;13790000;14040000
11/04/2004;13830000;14020000;12950000;13970000
11/05/2004;13670000;14100000;13230000;13840000
11/08/2004;2580000;14480000;13680000;13800000
11/09/2004;12890000;13960000;12890000;13610000
11/10/2004;13160000;13510000;12790000;13080000
11/11/2004;13110000;13120000;12640000;13040000
11/12/2004;13240000;13480000;13040000;13330000
11/15/2004;14050000;14060000;13250000;13380000
11/16/2004;13410000;13670000;13200000;13210000
11/17/2004;13200000;13390000;12770000;13210000
11/18/2004;13220000;13290000;12960000;12980000
11/19/2004;12790000;13830000;12770000;13500000
11/22/2004;13710000;13710000;12940000;12970000
11/23/2004;12780000;12910000;12570000;12670000
11/24/2004;12580000;12890000;12560000;12720000
11/26/2004;14980000;14980000;12590000;12790000
11/29/2004;12990000;13690000;12930000;13300000
11/30/2004;13270000;13380000;13070000;13240000
12/01/2004;13100000;13120000;12770000;12970000
12/02/2004;12970000;13040000;12720000;12980000
12/03/2004;13020000;13060000;12400000;12960000
12/06/2004;12950000;13400000;12930000;13190000
12/07/2004;13070000;13740000;12960000;13670000
12/08/2004;13520000;13680000;13180000;13190000
12/09/2004;13520000;13710000;12770000;12880000
12/10/2004;13050000;13150000;12680000;12760000
12/13/2004;12370000;12610000;12130000;12540000
12/14/2004;12550000;12970000;12210000;12730000
12/15/2004;12410000;12880000;12230000;12350000
12/16/2004;12340000;12590000;11960000;12270000
12/17/2004;12340000;12750000;11870000;11950000
12/20/2004;12260000;12340000;11770000;11830000
12/21/2004;11780000;12000000;11370000;11550000
12/22/2004;11420000;11710000;11370000;11450000
12/23/2004;11410000;11640000;11140000;11230000
12/27/2004;11530000;12160000;11530000;12140000
12/28/2004;12250000;12400000;11970000;12000000
12/29/2004;11610000;11790000;11610000;11620000
12/30/2004;12250000;12610000;12180000;12560000
12/31/2004;12420000;13290000;12420000;13290000
01/03/2005;13390000;14230000;13250000;14080000
01/04/2005;14010000;14450000;13930000;13980000
01/05/2005;13980000;14090000;13260000;14090000
01/06/2005;14090000;14090000;13330000;13580000
01/07/2005;13470000;13510000;12940000;13490000
01/10/2005;13920000;13930000;12940000;13230000
01/11/2005;13440000;13680000;13050000;13190000
01/12/2005;13940000;13940000;12540000;12560000
01/13/2005;12700000;12860000;12370000;12840000
01/14/2005;12680000;12820000;12290000;12430000
01/18/2005;13130000;13150000;12300000;12470000
01/19/2005;12470000;13210000;12410000;13180000
01/20/2005;13370000;14110000;13280000;13830000
01/21/2005;13750000;14460000;13400000;14360000
01/24/2005;14380000;14750000;14170000;14650000
01/25/2005;14340000;14360000;13880000;14060000
01/26/2005;13840000;13840000;13060000;13440000
01/27/2005;13500000;13570000;12960000;13240000
01/28/2005;13150000;13560000;12830000;13240000
01/31/2005;13630000;13630000;12790000;12820000
02/01/2005;12800000;20130000;12020000;12030000
02/02/2005;12010000;12060000;11520000;11660000
02/03/2005;12030000;12120000;11720000;11790000
02/04/2005;11970000;11970000;10900000;11210000
02/07/2005;11530000;11750000;11360000;11730000
02/08/2005;11660000;11670000;11450000;11600000
02/09/2005;11520000;12020000;11410000;12000000
02/10/2005;11980000;11990000;11380000;11510000
02/11/2005;11640000;11820000;11250000;11430000
02/14/2005;11280000;11860000;11180000;11520000
02/15/2005;11570000;11760000;11130000;11270000
02/16/2005;11400000;11500000;11030000;11100000
02/17/2005;11250000;11910000;11210000;11770000
02/18/2005;11990000;12120000;11180000;11180000
02/22/2005;12180000;13200000;12090000;13140000
02/23/2005;12940000;12940000;12300000;12390000
02/24/2005;12510000;12510000;11480000;11570000
02/25/2005;11750000;11780000;10920000;11490000
02/28/2005;11890000;12500000;11730000;12080000
03/01/2005;11950000;12100000;11660000;12040000
03/02/2005;12880000;12910000;12200000;12500000
03/03/2005;12280000;13070000;12230000;12930000
03/04/2005;12490000;12500000;11940000;11940000
03/07/2005;12360000;12600000;12050000;12260000
03/08/2005;12060000;12500000;11950000;12400000
03/09/2005;12230000;12720000;12200000;12700000
03/10/2005;12620000;12970000;12420000;12490000
03/11/2005;12290000;12980000;12110000;12800000
03/14/2005;12820000;12990000;12360000;12390000
03/15/2005;12440000;13220000;12330000;13150000
03/16/2005;13300000;13810000;13190000;13490000
03/17/2005;13250000;13670000;13200000;13290000
03/18/2005;13650000;13670000;13080000;13140000
03/21/2005;13620000;13980000;13330000;13610000
03/22/2005;13760000;14280000;13150000;14270000
03/23/2005;14610000;14890000;13880000;14060000
03/24/2005;13860000;13880000;12970000;13420000
03/28/2005;14010000;14010000;13440000;13750000
03/29/2005;13960000;14680000;13380000;14490000
03/30/2005;14470000;14470000;13640000;13640000
03/31/2005;13710000;14100000;13570000;14020000
04/01/2005;13640000;14380000;12920000;14090000
04/04/2005;14530000;14760000;13960000;14110000
04/05/2005;14100000;14110000;13660000;13680000
04/06/2005;13750000;13760000;12890000;13150000
04/07/2005;12920000;12960000;12300000;12330000
04/08/2005;12060000;12650000;11520000;12620000
04/11/2005;12090000;12460000;11820000;11980000
04/12/2005;11660000;12830000;11190000;11300000
04/13/2005;11680000;13440000;11270000;13310000
04/14/2005;13400000;14600000;12670000;14530000
04/15/2005;14920000;18050000;14710000;17740000
04/18/2005;18330000;18590000;16410000;16560000
04/19/2005;15280000;15970000;14810000;14960000
04/20/2005;14860000;17250000;14520000;16920000
04/21/2005;16220000;16220000;14260000;14410000
04/22/2005;14540000;16320000;14200000;15380000
04/25/2005;15290000;15470000;14600000;14620000
04/26/2005;14270000;15150000;14270000;14910000
04/27/2005;14620000;15930000;14430000;14870000
04/28/2005;14190000;16870000;14190000;16860000
04/29/2005;15750000;16920000;15260000;15310000
05/02/2005;15450000;16010000;15080000;15120000
05/03/2005;17890000;17890000;14530000;14530000
05/04/2005;14440000;15380000;13700000;13850000
05/05/2005;13480000;15820000;13430000;13980000
05/06/2005;13290000;14060000;13110000;14050000
05/09/2005;14110000;14560000;13530000;13750000
05/10/2005;14050000;15110000;14030000;14910000
05/11/2005;14690000;15800000;14310000;14450000
05/12/2005;14430000;16230000;14160000;16120000
05/13/2005;15880000;17700000;15400000;16320000
05/16/2005;16870000;16870000;15670000;15680000
05/17/2005;15920000;16210000;14450000;14570000
05/18/2005;14110000;14180000;13300000;13630000
05/19/2005;13350000;14020000;13250000;13320000
05/20/2005;13570000;13730000;13070000;13140000
05/23/2005;13380000;13450000;12750000;12950000
05/24/2005;13120000;13300000;12530000;12690000
05/25/2005;12830000;13110000;12580000;12580000
05/26/2005;12230000;12380000;11650000;12240000
05/27/2005;12060000;12430000;12060000;12150000
05/31/2005;12690000;13450000;12670000;13290000
06/01/2005;13340000;13340000;12170000;12360000
06/02/2005;12350000;12430000;11800000;11840000
06/03/2005;11780000;12490000;11520000;12150000
06/06/2005;12680000;26830000;12210000;12280000
06/07/2005;12220000;12430000;11470000;12390000
06/08/2005;13100000;13110000;12050000;12700000
06/09/2005;12690000;13070000;12060000;12080000
06/10/2005;12160000;12400000;11900000;11960000
06/13/2005;12120000;12120000;11310000;11650000
06/14/2005;11650000;12020000;11520000;11790000
06/15/2005;11220000;11960000;11050000;11460000
06/16/2005;11240000;11360000;11040000;11150000
06/17/2005;10830000;11640000;10780000;11480000
06/20/2005;12510000;12530000;11310000;11470000
06/21/2005;11520000;11670000;11010000;11080000
06/22/2005;10960000;11310000;10810000;11050000
06/23/2005;11190000;12130000;10960000;12130000
06/24/2005;12270000;12320000;11950000;12180000
06/27/2005;12730000;12780000;12380000;12520000
06/28/2005;12310000;12310000;11550000;11580000
06/29/2005;11540000;11780000;11440000;11770000
06/30/2005;11720000;12100000;11500000;12040000
07/01/2005;11750000;11920000;11380000;11400000
07/05/2005;12410000;12410000;11530000;11680000
07/06/2005;11670000;12330000;11540000;12270000
07/07/2005;13910000;13920000;12480000;12490000
07/08/2005;12240000;12290000;11090000;11450000
07/11/2005;10960000;11410000;10530000;11280000
07/12/2005;11030000;11370000;10850000;10950000
07/13/2005;11090000;11440000;10800000;10840000
07/14/2005;10870000;11130000;10500000;10810000
07/15/2005;10610000;10900000;10130000;10330000
07/18/2005;11090000;11090000;10770000;10770000
07/19/2005;10630000;10790000;10360000;10450000
07/20/2005;10800000;10940000;9880000;10230000
07/21/2005;10230000;11210000;10230000;10970000
07/22/2005;11010000;11050000;10510000;10520000
07/25/2005;11120000;36560000;10700000;11100000
07/26/2005;11110000;11250000;10920000;10990000
07/27/2005;11030000;11030000;10340000;10360000
07/28/2005;10400000;10580000;10270000;10520000
07/29/2005;10240000;11730000;10240000;11570000
08/01/2005;11750000;12230000;11360000;12080000
08/02/2005;12000000;12030000;11690000;11750000
08/03/2005;11900000;12010000;11620000;11830000
08/04/2005;12120000;12570000;11990000;12520000
08/05/2005;11820000;12920000;11820000;12480000
08/08/2005;12560000;13290000;12560000;13210000
08/09/2005;12250000;12780000;12240000;12400000
08/10/2005;12030000;12560000;11510000;12380000
08/11/2005;12340000;12940000;11880000;12420000
08/12/2005;12360000;12980000;12180000;12740000
08/15/2005;12870000;12990000;12080000;12260000
08/16/2005;12370000;13890000;12280000;13520000
08/17/2005;13350000;13760000;12780000;13300000
08/18/2005;13470000;13880000;13010000;13420000
08/19/2005;12840000;13850000;12610000;13420000
08/22/2005;13670000;13890000;13200000;13420000
08/23/2005;13630000;14050000;13300000;13340000
08/24/2005;13560000;14180000;13000000;14170000
08/25/2005;13920000;14120000;13660000;13730000
08/26/2005;13790000;14200000;13650000;13720000
08/29/2005;14340000;14410000;13380000;13520000
08/30/2005;13490000;14180000;13470000;13650000
08/31/2005;13370000;13630000;12560000;12600000
09/01/2005;12860000;13370000;12310000;13150000
09/02/2005;13210000;13720000;13030000;13570000
09/06/2005;14170000;14180000;12900000;12930000
09/07/2005;13060000;13200000;12440000;12520000
09/08/2005;12720000;12940000;12370000;12930000
09/09/2005;12460000;12650000;11960000;11980000
09/12/2005;11660000;11890000;11450000;11650000
09/13/2005;11760000;12480000;11750000;12390000
09/14/2005;12790000;13260000;12670000;12910000
09/15/2005;12720000;13170000;12280000;12490000
09/16/2005;11890000;11930000;11070000;11220000
09/19/2005;12170000;12460000;12040000;12140000
09/20/2005;12230000;12960000;11830000;12640000
09/21/2005;13070000;13910000;12960000;13790000
09/22/2005;13850000;14390000;13310000;13330000
09/23/2005;13640000;13880000;12750000;12960000
09/26/2005;13270000;13470000;12640000;13040000
09/27/2005;13060000;13460000;12510000;12760000
09/28/2005;12600000;12980000;12370000;12630000
09/29/2005;12920000;13230000;12150000;12240000
09/30/2005;12420000;12440000;11920000;11920000
10/03/2005;12370000;12620000;11980000;12460000
10/04/2005;12500000;13210000;12110000;13200000
10/05/2005;13150000;14580000;12970000;14550000
10/06/2005;14530000;15630000;14040000;14960000
10/07/2005;14560000;14820000;14300000;14590000
10/10/2005;14930000;15610000;14870000;15550000
10/11/2005;15350000;15700000;15060000;15630000
10/12/2005;15560000;16270000;15040000;16220000
10/13/2005;16320000;17190000;15980000;16470000
10/14/2005;15990000;16030000;14830000;14870000
10/17/2005;15300000;15300000;14580000;14670000
10/18/2005;14920000;15400000;14790000;15330000
10/19/2005;15630000;15860000;13470000;13500000
10/20/2005;14180000;16190000;13980000;16110000
10/21/2005;15530000;16270000;15260000;16130000
10/24/2005;16180000;16440000;14610000;14740000
10/25/2005;14960000;15300000;14200000;14530000
10/26/2005;14800000;14880000;13720000;14590000
10/27/2005;14730000;16300000;14570000;16020000
10/28/2005;15450000;15610000;14110000;14250000
10/31/2005;14040000;15390000;13930000;15320000
11/01/2005;14850000;15660000;14650000;14850000
11/02/2005;14990000;14990000;13380000;13480000
11/03/2005;13120000;13230000;12500000;13000000
11/04/2005;12880000;13620000;12690000;13170000
11/07/2005;13110000;13650000;12760000;13100000
11/08/2005;13610000;13610000;13040000;13080000
11/09/2005;13140000;13360000;12420000;12800000
11/10/2005;12680000;13170000;11730000;11900000
11/11/2005;11820000;11960000;11630000;11630000
11/14/2005;11990000;12340000;11770000;12180000
11/15/2005;12160000;12690000;11700000;12230000
11/16/2005;12220000;12680000;12170000;12260000
11/17/2005;11920000;12200000;11250000;11250000
11/18/2005;11190000;11670000;10960000;11120000
11/21/2005;11180000;11380000;10710000;10820000
11/22/2005;11010000;11100000;10500000;10600000
11/23/2005;10960000;11030000;10670000;10960000
11/25/2005;11040000;11240000;10880000;10880000
11/28/2005;11340000;11990000;11330000;11840000
11/29/2005;11770000;11960000;11610000;11890000
11/30/2005;11840000;12130000;11550000;12060000
12/01/2005;12090000;12230000;11140000;11240000
12/02/2005;11100000;11230000;10940000;11010000
12/05/2005;11450000;11680000;11400000;11600000
12/06/2005;11160000;11590000;10960000;11520000
12/07/2005;11490000;12440000;11450000;12180000
12/08/2005;11880000;12410000;11730000;12210000
12/09/2005;11910000;12200000;11560000;11690000
12/12/2005;10860000;11810000;10830000;11470000
12/13/2005;11180000;11420000;10740000;11110000
12/14/2005;10750000;10790000;10390000;10480000
12/15/2005;10660000;11110000;10370000;10730000
12/16/2005;10700000;10750000;10150000;10680000
12/19/2005;11110000;11380000;10650000;11380000
12/20/2005;11320000;11450000;11000000;11190000
12/21/2005;10710000;11070000;10340000;10810000
12/22/2005;10820000;10890000;10280000;10290000
12/23/2005;10370000;10480000;10240000;10270000
12/27/2005;10970000;11650000;10830000;11570000
12/28/2005;11550000;11640000;11260000;11350000
12/29/2005;11360000;11670000;11140000;11610000
12/30/2005;11960000;12070000;11550000;12070000
01/03/2006;12250000;12510000;10990000;11140000
01/04/2006;11220000;11710000;10970000;11370000
01/05/2006;11430000;11840000;11310000;11310000
01/06/2006;11230000;11500000;10810000;11000000
01/09/2006;11350000;11350000;10980000;11130000
01/10/2006;11390000;11390000;10840000;10860000
01/11/2006;11030000;11160000;10830000;10940000
01/12/2006;10980000;11380000;10940000;11200000
01/13/2006;11400000;11610000;11110000;11230000
01/17/2006;12130000;12460000;11870000;11910000
01/18/2006;12620000;12700000;12200000;12250000
01/19/2006;12120000;12340000;11650000;11980000
01/20/2006;12100000;14560000;11890000;14560000
01/23/2006;14440000;14480000;13580000;13930000
01/24/2006;13790000;13830000;13140000;13310000
01/25/2006;12950000;13380000;12620000;12870000
01/26/2006;12890000;12910000;12190000;12420000
01/27/2006;12270000;12330000;11720000;11970000
01/30/2006;12220000;12460000;12070000;12390000
01/31/2006;12450000;13060000;12450000;12950000
02/01/2006;13030000;13030000;12340000;12360000
02/02/2006;12540000;13470000;12480000;13230000
02/03/2006;13370000;13700000;12640000;12960000
02/06/2006;13430000;13430000;12990000;13040000
02/07/2006;13200000;13670000;12970000;13590000
02/08/2006;41600000;13610000;12760000;12830000
02/09/2006;12560000;13150000;12270000;13120000
02/10/2006;13350000;13730000;12690000;12870000
02/13/2006;13340000;13700000;13050000;13350000
02/14/2006;13090000;13150000;12010000;12250000
02/15/2006;12430000;12950000;12210000;12310000
02/16/2006;12190000;12290000;11130000;11480000
02/17/2006;11640000;12210000;11520000;12010000
02/21/2006;12360000;12640000;12280000;12410000
02/22/2006;12270000;12300000;11680000;11880000
02/23/2006;11860000;11970000;11580000;11870000
02/24/2006;11940000;12060000;11420000;11460000
02/27/2006;11790000;11830000;11400000;11590000
02/28/2006;11740000;12360000;11710000;12340000
03/01/2006;12050000;12070000;11520000;11540000
03/02/2006;11790000;11950000;11560000;11720000
03/03/2006;12030000;12100000;11360000;11960000
03/06/2006;12220000;12910000;12220000;12740000
03/07/2006;12920000;13340000;12640000;12660000
03/08/2006;12830000;13340000;12260000;12320000
03/09/2006;12210000;12690000;12010000;12680000
03/10/2006;12520000;12600000;11790000;11850000
03/13/2006;11720000;11750000;10890000;11370000
03/14/2006;11610000;11720000;10530000;10740000
03/15/2006;11170000;11540000;10980000;11350000
03/16/2006;10590000;12050000;10570000;11980000
03/17/2006;11560000;12200000;11530000;12120000
03/20/2006;11230000;12210000;11130000;11790000
03/21/2006;11710000;11890000;11170000;11620000
03/22/2006;11710000;11790000;11110000;11210000
03/23/2006;11190000;11570000;11110000;11170000
03/24/2006;11230000;11480000;11090000;11190000
03/27/2006;11460000;11720000;11410000;11460000
03/28/2006;11690000;11900000;11380000;11580000
03/29/2006;11460000;11570000;10790000;10950000
03/30/2006;11030000;11730000;10700000;11570000
03/31/2006;11420000;11650000;11270000;11390000
04/03/2006;11470000;11620000;11030000;11570000
04/04/2006;11660000;11800000;11090000;11140000
04/05/2006;11240000;11360000;11060000;11130000
04/06/2006;11340000;11740000;11250000;11450000
04/07/2006;11440000;12310000;11200000;12260000
04/10/2006;12440000;12490000;12040000;12190000
04/11/2006;12090000;13060000;12060000;13000000
04/12/2006;13080000;13900000;12660000;12760000
04/13/2006;12930000;13000000;12280000;12380000
04/17/2006;12800000;13020000;12270000;12580000
04/18/2006;12550000;12550000;11310000;11400000
04/19/2006;11520000;11800000;11230000;11320000
04/20/2006;11300000;11670000;11020000;11640000
04/21/2006;11240000;11980000;11190000;11590000
04/24/2006;12260000;12420000;11670000;11750000
04/25/2006;11710000;12190000;11590000;11750000
04/26/2006;11760000;11790000;11340000;11760000
04/27/2006;12270000;12520000;11550000;11840000
04/28/2006;12130000;12130000;11420000;11590000
05/01/2006;11830000;12590000;11750000;12540000
05/02/2006;12200000;12270000;11930000;11990000
05/03/2006;12210000;12450000;11950000;11990000
05/04/2006;11920000;12160000;11710000;11860000
05/05/2006;11390000;11620000;11180000;11620000
05/08/2006;11980000;12060000;11810000;12000000
05/09/2006;12100000;12150000;11880000;11990000
05/10/2006;12220000;12320000;11780000;11780000
05/11/2006;12330000;12920000;11990000;12490000
05/12/2006;12710000;14260000;12710000;14190000
05/15/2006;15120000;15130000;13440000;13570000
05/16/2006;13490000;13610000;12980000;13350000
05/17/2006;13830000;16260000;13390000;16260000
05/18/2006;15540000;17090000;14960000;16990000
05/19/2006;16160000;18010000;15900000;17180000
05/22/2006;18550000;19620000;16730000;17720000
05/23/2006;16700000;18260000;15360000;18260000
05/24/2006;17870000;19870000;17130000;17360000
05/25/2006;16670000;16670000;15310000;15500000
05/26/2006;14920000;15040000;14260000;14260000
05/30/2006;15390000;18720000;15390000;18660000
05/31/2006;18090000;18090000;16410000;16440000
06/01/2006;16470000;16560000;14480000;14520000
06/02/2006;14170000;14970000;13920000;14320000
06/05/2006;14970000;17140000;14970000;16650000
06/06/2006;16720000;18560000;16650000;17340000
06/07/2006;15830000;17860000;15830000;17800000
06/08/2006;17920000;20750000;17880000;18350000
06/09/2006;17900000;18450000;17070000;18120000
06/12/2006;18130000;21250000;17890000;20960000
06/13/2006;20950000;23810000;20270000;23810000
06/14/2006;23450000;23490000;21450000;21460000
06/15/2006;21050000;21140000;15650000;15900000
06/16/2006;16560000;18130000;16520000;17250000
06/19/2006;16060000;18100000;15730000;17830000
06/20/2006;17520000;17650000;16390000;16690000
06/21/2006;16670000;16720000;14880000;15520000
06/22/2006;15950000;16660000;15560000;15880000
06/23/2006;16410000;16580000;14940000;15890000
06/26/2006;16550000;16610000;15490000;15620000
06/27/2006;15580000;16550000;15270000;16400000
06/28/2006;16020000;17000000;15780000;15790000
06/29/2006;15280000;15300000;12930000;13030000
06/30/2006;12900000;13470000;12740000;13080000
07/03/2006;13290000;13510000;12770000;13050000
07/05/2006;13920000;14770000;13860000;14150000
07/06/2006;14040000;14040000;13250000;13650000
07/07/2006;13900000;14450000;13430000;13970000
07/10/2006;14170000;14500000;13670000;14020000
07/11/2006;14310000;14680000;13100000;13140000
07/12/2006;13390000;14850000;13260000;14490000
07/13/2006;15170000;17830000;15170000;17790000
07/14/2006;17570000;18790000;17280000;18050000
07/17/2006;18730000;18760000;17750000;18640000
07/18/2006;18200000;19580000;17660000;17740000
07/19/2006;17620000;17620000;14470000;15550000
07/20/2006;15100000;16370000;14870000;16210000
07/21/2006;16230000;17560000;16230000;17400000
07/24/2006;17080000;17080000;14890000;14980000
07/25/2006;15440000;15680000;14310000;14850000
07/26/2006;15040000;15210000;14090000;14620000
07/27/2006;14260000;15390000;14070000;14940000
07/28/2006;14730000;14750000;14060000;14330000
07/31/2006;15010000;15130000;14860000;14950000
08/01/2006;15490000;16150000;15030000;15050000
08/02/2006;14930000;14930000;13920000;14340000
08/03/2006;15100000;15190000;14200000;14460000
08/04/2006;14030000;14910000;13650000;14340000
08/07/2006;14980000;15530000;14970000;15230000
08/08/2006;15200000;15550000;14860000;15230000
08/09/2006;14760000;15410000;14070000;15200000
08/10/2006;15560000;15730000;14450000;14460000
08/11/2006;14720000;14850000;14300000;14300000
08/14/2006;14150000;14430000;13410000;14260000
08/15/2006;13570000;13720000;13150000;13420000
08/16/2006;12690000;12950000;12110000;12410000
08/17/2006;12690000;12720000;12210000;12240000
08/18/2006;12110000;12520000;11570000;11640000
08/21/2006;12400000;12620000;12210000;12220000
08/22/2006;12420000;12420000;11930000;12190000
08/23/2006;12260000;12730000;12160000;12400000
08/24/2006;12240000;12580000;12210000;12400000
08/25/2006;12410000;12470000;12080000;12310000
08/28/2006;12920000;12920000;12070000;12180000
08/29/2006;12270000;12830000;12210000;12280000
08/30/2006;12140000;12350000;12100000;12220000
08/31/2006;12230000;12330000;12070000;12310000
09/01/2006;12140000;12330000;11910000;11960000
09/05/2006;12800000;12860000;12430000;12630000
09/06/2006;13060000;13880000;13060000;13740000
09/07/2006;14070000;14490000;13670000;13880000
09/08/2006;13790000;13800000;13050000;13160000
09/11/2006;13950000;13950000;12750000;12990000
09/12/2006;13040000;13140000;11550000;11920000
09/13/2006;10720000;12540000;10540000;11180000
09/14/2006;11360000;12020000;10740000;11550000
09/15/2006;11490000;12540000;11400000;11760000
09/18/2006;12280000;12410000;11580000;11780000
09/19/2006;11960000;12690000;11860000;11980000
09/20/2006;11750000;11750000;11340000;11390000
09/21/2006;11430000;12600000;11280000;12250000
09/22/2006;12470000;13280000;12470000;12590000
09/25/2006;12970000;13410000;11930000;12120000
09/26/2006;12230000;12230000;11510000;11530000
09/27/2006;11650000;11900000;11420000;11580000
09/28/2006;11640000;12060000;11590000;11720000
09/29/2006;11750000;12100000;11720000;11980000
10/02/2006;12450000;12720000;12110000;12570000
10/03/2006;12680000;12910000;11970000;12240000
10/04/2006;12640000;12640000;11620000;11860000
10/05/2006;11940000;12060000;11650000;11980000
10/06/2006;11990000;12170000;11550000;11560000
10/09/2006;12070000;12090000;11580000;11680000
10/10/2006;11770000;11890000;11470000;11520000
10/11/2006;11750000;12030000;11310000;11620000
10/12/2006;11500000;11510000;11090000;11090000
10/13/2006;11170000;11350000;10750000;10750000
10/16/2006;11070000;11200000;10910000;11090000
10/17/2006;11360000;12030000;11350000;11730000
10/18/2006;11440000;11830000;11330000;11340000
10/19/2006;11510000;11570000;10780000;10900000
10/20/2006;11060000;11230000;10440000;10630000
10/23/2006;11150000;11250000;10620000;11080000
10/24/2006;11250000;11270000;10780000;10780000
10/25/2006;10880000;10880000;10600000;10660000
10/26/2006;10560000;10960000;10470000;10560000
10/27/2006;10660000;10990000;10530000;10800000
10/30/2006;11360000;11430000;10920000;11200000
10/31/2006;11100000;11390000;10990000;11100000
11/01/2006;10930000;11680000;10890000;11510000
11/02/2006;11610000;11760000;11410000;11420000
11/03/2006;11160000;11430000;10340000;11160000
11/06/2006;11390000;11410000;10990000;11160000
11/07/2006;11060000;11190000;10870000;11090000
11/08/2006;11410000;11490000;10700000;10750000
11/09/2006;10650000;11070000;10570000;11010000
11/10/2006;11010000;11120000;10770000;10790000
11/13/2006;11190000;11260000;10690000;10860000
11/14/2006;10890000;11310000;10140000;10500000
11/15/2006;10470000;10610000;10130000;10310000
11/16/2006;10130000;10350000;10040000;10160000
11/17/2006;10370000;10480000;10050000;10050000
11/20/2006;10420000;10480000;9910000;9970000
11/21/2006;10050000;10060000;9840000;9900000
11/22/2006;10020000;10150000;9810000;10140000
11/24/2006;10810000;10860000;10560000;10730000
11/27/2006;11260000;12330000;11140000;12300000
11/28/2006;12480000;12550000;11560000;11620000
11/29/2006;11410000;11430000;10670000;10830000
11/30/2006;10880000;11300000;10580000;10910000
12/01/2006;11070000;12280000;10960000;11660000
12/04/2006;12010000;12010000;10980000;11230000
12/05/2006;11130000;11590000;10850000;11270000
12/06/2006;11390000;11550000;11190000;11330000
12/07/2006;11350000;12680000;11170000;12670000
12/08/2006;12580000;12670000;11910000;12070000
12/11/2006;11880000;11930000;10710000;10710000
12/12/2006;11200000;11390000;10350000;10650000
12/13/2006;10450000;10580000;10150000;10180000
12/14/2006;10740000;10750000;9640000;9970000
12/15/2006;9680000;10070000;9390000;10050000
12/18/2006;10640000;10910000;10400000;10600000
12/19/2006;11060000;11310000;10270000;10300000
12/20/2006;10300000;10330000;10030000;10260000
12/21/2006;10360000;10890000;10130000;10530000
12/22/2006;10590000;11460000;10590000;11360000
12/26/2006;12030000;12030000;11240000;11260000
12/27/2006;11120000;11120000;10590000;10640000
12/28/2006;10840000;11060000;10730000;10990000
12/29/2006;10950000;11650000;10710000;11560000
01/03/2007;12160000;12750000;11530000;12040000
01/04/2007;12400000;12420000;11280000;11510000
01/05/2007;11840000;12250000;11680000;12140000
01/08/2007;12480000;12830000;11780000;12000000
01/09/2007;11860000;12470000;11690000;11910000
01/10/2007;12340000;12500000;11430000;11470000
01/11/2007;11420000;11480000;10500000;10870000
01/12/2007;10930000;10930000;10140000;10150000
01/16/2007;10640000;10890000;10400000;10740000
01/17/2007;10900000;10900000;10350000;10590000
01/18/2007;10650000;11040000;10450000;10850000
01/19/2007;10800000;11030000;10240000;10400000
01/22/2007;10770000;11080000;10620000;10770000
01/23/2007;10770000;10940000;10220000;10340000
01/24/2007;10410000;10410000;9870000;9890000
01/25/2007;9990000;11380000;9950000;11220000
01/26/2007;10950000;11600000;10920000;11130000
01/29/2007;11500000;11600000;10920000;11450000
01/30/2007;11280000;11490000;10950000;10960000
01/31/2007;11090000;11260000;10270000;10420000
02/01/2007;10320000;10430000;10140000;10310000
02/02/2007;10300000;10360000;9960000;10080000
02/05/2007;10530000;10700000;10440000;10550000
02/06/2007;10550000;10880000;10440000;10650000
02/07/2007;10310000;10560000;10240000;10320000
02/08/2007;10490000;10910000;10400000;10440000
02/09/2007;10420000;11560000;10250000;11100000
02/12/2007;11330000;11880000;11300000;11610000
02/13/2007;11420000;11420000;10330000;10340000
02/14/2007;10190000;10260000;9700000;10230000
02/15/2007;10280000;10320000;10050000;10220000
02/16/2007;10420000;10440000;9980000;10020000
02/20/2007;10620000;10720000;10140000;10240000
02/21/2007;10480000;10530000;10170000;10200000
02/22/2007;10230000;10520000;10010000;10180000
02/23/2007;10410000;10700000;10360000;10580000
02/26/2007;10590000;11440000;10520000;11150000
02/27/2007;12120000;19010000;12100000;18310000
02/28/2007;17210000;17290000;14500000;15420000
03/01/2007;17760000;19400000;15360000;15820000
03/02/2007;16700000;18630000;16040000;18610000
03/05/2007;20400000;20410000;18130000;19630000
03/06/2007;18310000;18340000;15760000;15960000
03/07/2007;16250000;16270000;14520000;15240000
03/08/2007;14340000;14700000;13480000;14290000
03/09/2007;13700000;14620000;13670000;14090000
03/12/2007;14960000;14960000;13760000;13990000
03/13/2007;14870000;18420000;14600000;18130000
03/14/2007;17630000;21250000;16750000;17270000
03/15/2007;16910000;16910000;15270000;16430000
03/16/2007;15380000;17710000;15290000;16790000
03/19/2007;15820000;15820000;14580000;14590000
03/20/2007;15010000;15160000;13250000;13270000
03/21/2007;13270000;13670000;11210000;12190000
03/22/2007;12290000;12950000;12040000;12930000
03/23/2007;13130000;13180000;12460000;12950000
03/26/2007;13390000;14700000;12910000;13160000
03/27/2007;13350000;13900000;13350000;13480000
03/28/2007;14280000;15510000;14220000;14980000
03/29/2007;14450000;16050000;14340000;15140000
03/30/2007;14940000;15820000;14140000;14640000
04/02/2007;14910000;15460000;14400000;14530000
04/03/2007;14020000;14060000;12810000;13460000
04/04/2007;13820000;13910000;13200000;13240000
04/05/2007;13570000;13660000;12690000;13230000
04/09/2007;13260000;13560000;12890000;13140000
04/10/2007;13330000;13330000;12560000;12680000
04/11/2007;12720000;14080000;12720000;13490000
04/12/2007;13650000;14150000;12580000;12710000
04/13/2007;12670000;13000000;12130000;12200000
04/16/2007;11860000;12100000;11460000;11980000
04/17/2007;11700000;12170000;11500000;12140000
04/18/2007;12480000;12570000;11950000;12420000
04/19/2007;13160000;13270000;12410000;12540000
04/20/2007;12030000;12670000;11970000;12070000
04/23/2007;12600000;13080000;12480000;13040000
04/24/2007;13120000;13890000;13040000;13120000
04/25/2007;12740000;13230000;12580000;13210000
04/26/2007;13160000;13670000;12670000;12790000
04/27/2007;13120000;13260000;12410000;12450000
04/30/2007;12900000;14310000;12780000;14220000
05/01/2007;14100000;14600000;13480000;13510000
05/02/2007;13520000;13520000;12550000;13080000
05/03/2007;13010000;13360000;12890000;13090000
05/04/2007;12910000;13360000;12590000;12910000
05/07/2007;13340000;13370000;13110000;13150000
05/08/2007;13480000;13690000;13160000;13210000
05/09/2007;13430000;13500000;12540000;12880000
05/10/2007;13310000;13850000;12890000;13600000
05/11/2007;13470000;13470000;12630000;12950000
05/14/2007;13260000;14430000;13010000;13960000
05/15/2007;13880000;14300000;13270000;14010000
05/16/2007;14020000;14180000;13470000;13500000
05/17/2007;13620000;13820000;13250000;13510000
05/18/2007;13010000;13220000;12690000;12760000
05/21/2007;13240000;13300000;12700000;13300000
05/22/2007;12090000;13380000;12080000;13060000
05/23/2007;12770000;13280000;12550000;13240000
05/24/2007;13150000;14360000;12920000;14080000
05/25/2007;13810000;13870000;13230000;13340000
05/29/2007;13860000;13950000;13310000;13530000
05/30/2007;14180000;14290000;12820000;12830000
05/31/2007;12780000;13180000;12620000;13050000
06/01/2007;12770000;13010000;12430000;12780000
06/04/2007;13470000;13540000;13210000;13290000
06/05/2007;13580000;14170000;13540000;13630000
06/06/2007;14070000;15060000;14060000;14870000
06/07/2007;15080000;17090000;14890000;17060000
06/08/2007;16750000;16780000;14730000;14840000
06/11/2007;15310000;15470000;14240000;14710000
06/12/2007;15460000;16700000;14770000;16670000
06/13/2007;16050000;16100000;14670000;14730000
06/14/2007;14760000;14820000;13590000;13640000
06/15/2007;13010000;13970000;12580000;13940000
06/18/2007;14420000;14510000;13350000;13420000
06/19/2007;13780000;13800000;12790000;12850000
06/20/2007;12770000;14760000;12750000;14670000
06/21/2007;14800000;15560000;14170000;14210000
06/22/2007;14450000;16580000;14310000;15750000
06/25/2007;16500000;17240000;15410000;16650000
06/26/2007;16460000;18890000;16210000;18890000
06/27/2007;18870000;18980000;15440000;15530000
06/28/2007;15700000;15710000;14980000;15540000
06/29/2007;15250000;17130000;14620000;16230000
07/02/2007;16480000;16480000;15310000;15400000
07/03/2007;14960000;15300000;14850000;14920000
07/05/2007;15370000;15950000;15170000;15480000
07/06/2007;15360000;15590000;14670000;14720000
07/09/2007;15340000;15690000;15030000;15160000
07/10/2007;15880000;17680000;15830000;17570000
07/11/2007;17690000;17910000;16640000;16640000
07/12/2007;16390000;16390000;14930000;15540000
07/13/2007;15390000;15510000;14790000;15150000
07/16/2007;15570000;15830000;15270000;15590000
07/17/2007;15580000;15780000;15310000;15630000
07/18/2007;16380000;17060000;15950000;16000000
07/19/2007;15430000;15620000;15060000;15230000
07/20/2007;15390000;18530000;15360000;16950000
07/23/2007;16620000;17090000;16390000;16810000
07/24/2007;17630000;19090000;17480000;18550000
07/25/2007;17770000;19460000;17380000;18100000
07/26/2007;19410000;23360000;19300000;20740000
07/27/2007;20340000;24170000;19600000;24170000
07/30/2007;23640000;23640000;20860000;20870000
07/31/2007;20080000;23930000;19680000;23520000
08/01/2007;23710000;26220000;23260000;23670000
08/02/2007;22940000;23000000;21200000;21220000
08/03/2007;21520000;25550000;21090000;25160000
08/06/2007;25320000;26470000;22440000;22940000
08/07/2007;23330000;23740000;20790000;21560000
08/08/2007;20970000;22950000;19330000;21450000
08/09/2007;24460000;26900000;23840000;26480000
08/10/2007;28040000;29840000;26910000;28300000
08/13/2007;28020000;28020000;25480000;26570000
08/14/2007;25560000;28290000;25310000;27680000
08/15/2007;28220000;31760000;26160000;30670000
08/16/2007;32680000;37500000;30440000;30830000
08/17/2007;25250000;31460000;25230000;29990000
08/20/2007;29870000;29950000;25800000;26330000
08/21/2007;26390000;26720000;24770000;25250000
08/22/2007;24330000;24440000;22870000;22890000
08/23/2007;22470000;23610000;22050000;22620000
08/24/2007;22750000;23030000;20440000;20720000
08/27/2007;22240000;22830000;21960000;22720000
08/28/2007;23870000;26570000;23720000;26300000
08/29/2007;25870000;26020000;23440000;23810000
08/30/2007;25400000;25580000;23690000;25060000
08/31/2007;23530000;24070000;22470000;23380000
09/04/2007;21930000;24810000;21710000;22780000
09/05/2007;24030000;25450000;23800000;24580000
09/06/2007;24430000;25140000;23660000;23990000
09/07/2007;25980000;26970000;25600000;26230000
09/10/2007;26910000;28820000;26560000;27380000
09/11/2007;27110000;27210000;25190000;25270000
09/12/2007;25970000;26210000;24570000;24960000
09/13/2007;25010000;25320000;23830000;24760000
09/14/2007;26380000;26480000;24680000;24920000
09/17/2007;26450000;27080000;25800000;26480000
09/18/2007;25790000;26230000;20270000;20350000
09/19/2007;19960000;20570000;19170000;20030000
09/20/2007;20470000;20820000;19550000;20450000
09/21/2007;19440000;19810000;18370000;19000000
09/24/2007;19040000;19620000;18320000;19370000
09/25/2007;20250000;20460000;18440000;18600000
09/26/2007;17920000;18180000;17300000;17630000
09/27/2007;17120000;17470000;16950000;17000000
09/28/2007;17230000;18220000;16910000;18000000
10/01/2007;18440000;18440000;17110000;17840000
10/02/2007;17670000;18890000;17600000;18490000
10/03/2007;18880000;18990000;18310000;18800000
10/04/2007;18650000;18650000;18260000;18440000
10/05/2007;17550000;17560000;16440000;16910000
10/08/2007;17730000;17830000;17320000;17460000
10/09/2007;17150000;17280000;16090000;16120000
10/10/2007;16420000;17350000;16390000;16670000
10/11/2007;16150000;19730000;16080000;18880000
10/12/2007;18680000;18740000;17490000;17730000
10/15/2007;18140000;20010000;17950000;19250000
10/16/2007;20070000;20750000;19730000;20020000
10/17/2007;18760000;20110000;18280000;18540000
10/18/2007;19160000;19560000;17730000;18500000
10/19/2007;19150000;22960000;19020000;22960000
10/22/2007;23890000;23940000;21380000;21640000
10/23/2007;21290000;21430000;20130000;20410000
10/24/2007;21160000;24150000;20590000;20800000
10/25/2007;20840000;22400000;20040000;21170000
10/26/2007;19840000;20970000;19480000;19560000
10/29/2007;19930000;20240000;16840000;19870000
10/30/2007;20460000;21150000;20310000;21070000
10/31/2007;20530000;22090000;18300000;18530000
11/01/2007;19890000;24150000;17380000;23210000
11/02/2007;22560000;25170000;22560000;23010000
11/05/2007;25250000;25460000;23610000;24310000
11/06/2007;23500000;23740000;21240000;21390000
11/07/2007;23150000;26850000;22750000;26490000
11/08/2007;26450000;29150000;25320000;26160000
11/09/2007;27960000;28840000;26210000;28500000
11/12/2007;30570000;31090000;24470000;31090000
11/13/2007;27470000;27500000;23820000;24100000
11/14/2007;23350000;27030000;23070000;25940000
11/15/2007;26960000;29310000;25980000;28060000
11/16/2007;27040000;28120000;25120000;25490000
11/19/2007;26740000;27180000;25740000;26010000
11/20/2007;26120000;27350000;23620000;24880000
11/21/2007;26300000;27770000;24550000;26840000
11/23/2007;26420000;26420000;25350000;25610000
11/26/2007;26460000;28950000;25840000;28910000
11/27/2007;28140000;28240000;26230000;26280000
11/28/2007;25140000;25140000;23550000;24110000
11/29/2007;24590000;24610000;23350000;23970000
11/30/2007;22670000;23390000;22000000;22870000
12/03/2007;23590000;24490000;23400000;23610000
12/04/2007;24300000;24590000;23320000;23790000
12/05/2007;22720000;23030000;21870000;22530000
12/06/2007;22680000;22750000;19650000;20960000
12/07/2007;20690000;21010000;20290000;20850000
12/10/2007;21160000;21460000;20360000;20740000
12/11/2007;20690000;23700000;19770000;23590000
12/12/2007;20820000;24220000;20490000;22470000
12/13/2007;23530000;24040000;22410000;22560000
12/14/2007;23530000;23530000;22260000;23270000
12/17/2007;24130000;24860000;23420000;24520000
12/18/2007;23700000;24600000;22410000;22640000
12/19/2007;22620000;22680000;21300000;21680000
12/20/2007;21020000;21670000;20580000;20580000
12/21/2007;19820000;19820000;18280000;18470000
12/24/2007;19080000;19420000;18480000;18600000
12/26/2007;19370000;19470000;18600000;18660000
12/27/2007;19150000;20510000;19150000;20260000
12/28/2007;19590000;21050000;19440000;20740000
12/31/2007;21870000;22750000;21790000;22500000
01/02/2008;22580000;24050000;22400000;23170000
01/03/2008;23110000;23270000;22110000;22490000
01/04/2008;23500000;24300000;23250000;23940000
01/07/2008;24620000;24880000;23300000;23790000
01/08/2008;23270000;25600000;22630000;25430000
01/09/2008;25610000;25950000;23900000;24120000
01/10/2008;24560000;24610000;22620000;23450000
01/11/2008;24040000;24410000;23220000;23680000
01/14/2008;23760000;23930000;22650000;22900000
01/15/2008;24100000;24590000;22970000;23340000
01/16/2008;23900000;24380000;22850000;24380000
01/17/2008;24110000;28510000;23870000;28460000
01/18/2008;27550000;29300000;26270000;27180000
01/22/2008;35120000;37570000;29710000;31010000
01/23/2008;33840000;34420000;22820000;29020000
01/24/2008;28070000;28480000;27030000;27780000
01/25/2008;26190000;29760000;25930000;29080000
01/28/2008;29670000;30260000;27570000;27780000
01/29/2008;26610000;27960000;26550000;27320000
01/30/2008;27530000;28340000;24740000;27620000
01/31/2008;28780000;28810000;25450000;26200000
02/01/2008;25660000;25750000;24020000;24020000
02/04/2008;25090000;26030000;24850000;25990000
02/05/2008;27200000;28490000;27200000;28240000
02/06/2008;27750000;29310000;27040000;28970000
02/07/2008;29510000;29700000;26780000;27660000
02/08/2008;27980000;28890000;27220000;28010000
02/11/2008;29140000;29570000;27320000;27600000
02/12/2008;26560000;27170000;25250000;26330000
02/13/2008;25670000;26060000;24570000;24880000
02/14/2008;24640000;25640000;23980000;25540000
02/15/2008;25580000;25670000;24450000;25020000
02/19/2008;25390000;26590000;24730000;25590000
02/20/2008;25600000;26950000;24210000;24400000
02/21/2008;24420000;25450000;23740000;25120000
02/22/2008;24990000;25930000;23620000;24060000
02/25/2008;24060000;25070000;22690000;23030000
02/26/2008;23440000;23450000;21640000;21900000
02/27/2008;21900000;23010000;21830000;22690000
02/28/2008;22690000;23790000;22690000;23530000
02/29/2008;23540000;26910000;23540000;26540000
03/03/2008;27540000;28130000;26270000;26280000
03/04/2008;27190000;27420000;25510000;25520000
03/05/2008;25520000;25770000;23300000;24600000
03/06/2008;25450000;27900000;25040000;27550000
03/07/2008;28520000;29290000;22290000;27490000
03/10/2008;28130000;29730000;27920000;29380000
03/11/2008;27250000;28640000;26350000;26360000
03/12/2008;26390000;27250000;24900000;27220000
03/13/2008;27220000;29620000;25650000;27290000
03/14/2008;27310000;32890000;26020000;31160000
03/17/2008;35140000;35600000;31100000;32240000
03/18/2008;32240000;32240000;25580000;25790000
03/19/2008;25780000;29950000;25160000;29840000
03/20/2008;29840000;29840000;25800000;26620000
03/24/2008;26640000;27040000;24750000;25730000
03/25/2008;25750000;26420000;25170000;25720000
03/26/2008;25750000;26850000;25510000;26080000
03/27/2008;25550000;25980000;24910000;25880000
03/28/2008;25810000;25960000;25040000;25710000
03/31/2008;25710000;26770000;25350000;25610000
04/01/2008;25610000;25610000;22520000;22680000
04/02/2008;22640000;23650000;22390000;23430000
04/03/2008;23840000;24150000;23000000;23210000
04/04/2008;23000000;23310000;21750000;22450000
04/07/2008;22450000;22730000;21210000;22420000
04/08/2008;22420000;23160000;22360000;22360000
04/09/2008;22360000;23570000;22360000;22810000
04/10/2008;22800000;23220000;21630000;21980000
04/11/2008;23030000;23590000;22650000;23460000
04/14/2008;23460000;24350000;23460000;23820000
04/15/2008;23840000;23990000;22720000;22780000
04/16/2008;22030000;22090000;20500000;20530000
04/17/2008;21130000;21540000;20350000;20370000
04/18/2008;20370000;20370000;19210000;20130000
04/21/2008;20150000;21120000;20150000;20500000
04/22/2008;20470000;21600000;20470000;20870000
04/23/2008;20630000;20950000;19880000;20260000
04/24/2008;20260000;20770000;19210000;20060000
04/25/2008;19600000;20360000;19280000;19590000
04/28/2008;20140000;20250000;19370000;19640000
04/29/2008;19860000;20540000;19630000;20240000
04/30/2008;20240000;20810000;19690000;20790000
05/01/2008;20780000;20830000;18870000;18880000
05/02/2008;18870000;19110000;17970000;18180000
05/05/2008;18680000;19290000;18680000;18900000
05/06/2008;18900000;19570000;18110000;18210000
05/07/2008;18480000;19980000;18420000;19730000
05/08/2008;19730000;19920000;18620000;19400000
05/09/2008;19980000;20010000;19300000;19410000
05/12/2008;19170000;19480000;16920000;17790000
05/13/2008;17790000;19630000;17760000;17980000
05/14/2008;17980000;17980000;16190000;17660000
05/15/2008;17650000;17840000;16250000;16300000
05/16/2008;16300000;17920000;16300000;16470000
05/19/2008;16470000;17890000;15820000;17010000
05/20/2008;17020000;18420000;17020000;17580000
05/21/2008;17640000;18890000;17010000;18590000
05/22/2008;18920000;19110000;17820000;18050000
05/23/2008;18580000;19800000;18380000;19550000
05/27/2008;20780000;20950000;19420000;19640000
05/28/2008;19640000;20030000;19010000;19070000
05/29/2008;19080000;19170000;17540000;18140000
05/30/2008;18140000;18210000;17560000;17830000
06/02/2008;17830000;20450000;17830000;19830000
06/03/2008;19800000;21000000;18890000;20240000
06/04/2008;20640000;21310000;19760000;20800000
06/05/2008;20540000;20590000;18620000;18630000
06/06/2008;18630000;23790000;18630000;23560000
06/09/2008;23560000;24470000;20780000;23120000
06/10/2008;24370000;24420000;22310000;23180000
06/11/2008;23440000;24300000;22860000;24120000
06/12/2008;23610000;23980000;19460000;23330000
06/13/2008;23020000;23140000;21040000;21220000
06/16/2008;21220000;22840000;20730000;20950000
06/17/2008;20960000;21420000;20020000;21130000
06/18/2008;21670000;22860000;21260000;22240000
06/19/2008;22240000;22610000;20910000;21580000
06/20/2008;21580000;23700000;21580000;22870000
06/23/2008;22890000;23140000;22520000;22640000
06/24/2008;22690000;23480000;21680000;22420000
06/25/2008;22420000;22420000;20340000;21140000
06/26/2008;22230000;23990000;22150000;23930000
06/27/2008;23750000;24560000;23300000;23440000
06/30/2008;24250000;24260000;23270000;23950000
07/01/2008;25140000;25570000;23640000;23650000
07/02/2008;23400000;25960000;22700000;25920000
07/03/2008;25920000;26080000;24440000;24790000
07/07/2008;25480000;26910000;24730000;25780000
07/08/2008;25720000;26050000;23020000;23150000
07/09/2008;23160000;25390000;22590000;25230000
07/10/2008;25220000;26620000;25070000;25590000
07/11/2008;25560000;29440000;25560000;27490000
07/14/2008;27490000;29300000;26900000;28480000
07/15/2008;28470000;30810000;27010000;28540000
07/16/2008;28190000;38840000;24870000;25100000
07/17/2008;24580000;25500000;23990000;25010000
07/18/2008;25010000;25190000;23780000;24050000
07/21/2008;24050000;24580000;23040000;23050000
07/22/2008;24020000;24080000;21050000;21180000
07/23/2008;21230000;22080000;20730000;21310000
07/24/2008;21310000;23610000;21310000;23440000
07/25/2008;23450000;23450000;22310000;22910000
07/28/2008;22910000;24620000;22910000;24230000
07/29/2008;24200000;24220000;21960000;22030000
07/30/2008;22030000;22310000;20990000;21210000
07/31/2008;22330000;22960000;21450000;22940000
08/01/2008;22660000;23370000;22350000;22570000
08/04/2008;23530000;23860000;22940000;23490000
08/05/2008;22990000;22990000;20060000;21140000
08/06/2008;21660000;21660000;19750000;20230000
08/07/2008;20230000;21460000;20230000;21150000
08/08/2008;21150000;21690000;20110000;20660000
08/11/2008;20660000;20960000;19660000;20120000
08/12/2008;20640000;21510000;20380000;21170000
08/13/2008;21570000;22110000;20800000;21550000
08/14/2008;22300000;22300000;20070000;20340000
08/15/2008;20240000;20650000;19570000;19580000
08/18/2008;19580000;21440000;19580000;20980000
08/19/2008;21760000;22140000;21280000;21280000
08/20/2008;21300000;21670000;20390000;20420000
08/21/2008;20430000;21080000;18940000;19820000
08/22/2008;19830000;19830000;18640000;18810000
08/25/2008;18780000;21220000;18780000;20970000
08/26/2008;20980000;21270000;20480000;20490000
08/27/2008;20480000;20670000;19530000;19760000
08/28/2008;19360000;19660000;19220000;19430000
08/29/2008;19430000;20710000;19430000;20650000
09/02/2008;20650000;22300000;20470000;21990000
09/03/2008;21990000;22300000;21390000;21430000
09/04/2008;22020000;24150000;21910000;24030000
09/05/2008;24540000;24710000;22970000;23060000
09/08/2008;22220000;24060000;22120000;22640000
09/09/2008;22690000;25680000;22580000;25470000
09/10/2008;25470000;25480000;23800000;24520000
09/11/2008;25380000;26250000;24390000;24390000
09/12/2008;24800000;26670000;24800000;25660000
09/15/2008;25660000;31870000;25660000;31700000
09/16/2008;31700000;33700000;30240000;30300000
09/17/2008;30250000;36400000;30250000;36220000
09/18/2008;36100000;42160000;33100000;33100000
09/19/2008;33070000;33080000;27950000;32070000
09/22/2008;32400000;34220000;30810000;33850000
09/23/2008;33850000;36080000;32630000;35720000
09/24/2008;35700000;36710000;34160000;35190000
09/25/2008;35190000;35190000;32450000;32820000
09/26/2008;32820000;36400000;32820000;34740000
09/29/2008;36920000;48400000;36920000;46720000
09/30/2008;43770000;43800000;38860000;39390000
10/01/2008;39390000;42380000;39390000;39810000
10/02/2008;39820000;46480000;39820000;45260000
10/03/2008;45220000;45520000;41510000;45140000
10/06/2008;45120000;58240000;45120000;52050000
10/07/2008;52050000;54190000;47030000;53680000
10/08/2008;53680000;59060000;51900000;57530000
10/09/2008;57570000;64920000;52540000;63920000
10/10/2008;65850000;76940000;28130000;69950000
10/13/2008;69950000;71420000;54690000;54990000
10/14/2008;55100000;59810000;46350000;55130000
10/15/2008;55690000;69470000;55690000;69250000
10/16/2008;69210000;81170000;66510000;67610000
10/17/2008;67650000;74480000;59820000;70330000
10/20/2008;70400000;70400000;52700000;52970000
10/21/2008;52950000;56370000;50910000;53110000
10/22/2008;63120000;72560000;53000000;69650000
10/23/2008;68030000;79430000;51830000;67800000
10/24/2008;67800000;89530000;67800000;79130000
10/27/2008;79130000;81650000;71290000;80060000
10/28/2008;73300000;78980000;65660000;66960000
10/29/2008;66960000;71140000;62720000;69960000
10/30/2008;69830000;69830000;62670000;62900000
10/31/2008;62930000;65850000;56730000;59890000
11/03/2008;60170000;60770000;53630000;53680000
11/04/2008;53680000;53680000;44250000;47730000
11/05/2008;47730000;55620000;46870000;54560000
11/06/2008;56710000;64780000;55600000;63680000
11/07/2008;63680000;63680000;56030000;56100000
11/10/2008;56090000;62090000;54630000;59980000
11/11/2008;59980000;64730000;58580000;61440000
11/12/2008;61520000;67190000;61520000;66460000
11/13/2008;66450000;69990000;58660000;59830000
11/14/2008;62600000;66310000;59750000;66310000
11/17/2008;69570000;69590000;65100000;69150000
11/18/2008;70090000;73130000;67180000;67640000
11/19/2008;68460000;75000000;67340000;74260000
11/20/2008;74260000;81480000;72760000;80860000
11/21/2008;80740000;80740000;71630000;72670000
11/24/2008;71190000;71350000;61810000;64700000
11/25/2008;64760000;65490000;60250000;60900000
11/26/2008;60900000;62500000;54620000;54920000
11/28/2008;56020000;56820000;50500000;55840000
12/01/2008;60470000;68600000;60360000;68510000
12/02/2008;66680000;67010000;62310000;62980000
12/03/2008;62980000;65370000;60180000;60720000
12/04/2008;62190000;65080000;60210000;63640000
12/05/2008;63640000;66540000;59260000;59930000
12/08/2008;58860000;59870000;57350000;58490000
12/09/2008;59480000;59570000;56370000;58910000
12/10/2008;58910000;58910000;53790000;55730000
12/11/2008;55080000;56440000;52940000;55780000
12/12/2008;55780000;58840000;54260000;54280000
12/15/2008;55680000;58490000;55680000;56760000
12/16/2008;56760000;56760000;50910000;52370000
12/17/2008;52000000;52190000;49360000;49840000
12/18/2008;49840000;49840000;44500000;47340000
12/19/2008;46010000;46010000;41290000;44930000
12/22/2008;44930000;46690000;42750000;44560000
12/23/2008;43190000;45390000;41680000;45020000
12/24/2008;45020000;45020000;44150000;44210000
12/26/2008;44270000;44360000;42920000;43380000
12/29/2008;43350000;46240000;42160000;43900000
12/30/2008;43990000;44290000;41630000;41630000
12/31/2008;41630000;41630000;37960000;40000000
01/02/2009;39580000;39820000;36880000;39190000
01/05/2009;39240000;40220000;38300000;39080000
01/06/2009;38060000;39330000;37340000;38560000
01/07/2009;38560000;43820000;38560000;43390000
01/08/2009;43380000;44600000;42560000;42560000
01/09/2009;41180000;43130000;41050000;42820000
01/12/2009;42060000;46620000;41940000;45840000
01/13/2009;45840000;47080000;43230000;43270000
01/14/2009;46240000;51550000;46140000;49140000
01/15/2009;49140000;55160000;49140000;51000000
01/16/2009;51000000;51000000;45960000;46110000
01/20/2009;50120000;57360000;49270000;56650000
01/21/2009;51520000;54120000;46150000;46420000
01/22/2009;50650000;51760000;46510000;47290000
01/23/2009;50390000;51110000;46430000;47270000
01/26/2009;47890000;47930000;44290000;45690000
01/27/2009;45110000;45930000;42200000;42250000
01/28/2009;42250000;42250000;33480000;39660000
01/29/2009;41340000;43030000;41120000;42630000
01/30/2009;42630000;45530000;42090000;44840000
02/02/2009;49420000;49540000;45260000;45520000
02/03/2009;45520000;45520000;42430000;43060000
02/04/2009;43060000;44520000;41390000;43850000
02/05/2009;43830000;46230000;42320000;43730000
02/06/2009;43710000;43710000;41200000;43370000
02/09/2009;45400000;45450000;43040000;43640000
02/10/2009;45140000;48120000;44180000;46670000
02/11/2009;46670000;46670000;44500000;44530000
02/12/2009;44520000;48630000;41210000;41250000
02/13/2009;41600000;43020000;40730000;42930000
02/17/2009;48140000;51180000;46960000;48660000
02/18/2009;48660000;50290000;46000000;48460000
02/19/2009;48540000;48540000;44810000;47080000
02/20/2009;47080000;52040000;47080000;49300000
02/23/2009;49300000;53160000;48970000;52620000
02/24/2009;52500000;52560000;44280000;45490000
02/25/2009;45730000;47230000;42840000;44670000
02/26/2009;43750000;45330000;41910000;44660000
02/27/2009;44660000;47340000;44460000;46350000
03/02/2009;49960000;53250000;48350000;52650000
03/03/2009;52650000;52760000;48500000;50930000
03/04/2009;48020000;48830000;45020000;47560000
03/05/2009;47560000;51950000;46980000;50170000
03/06/2009;50170000;51950000;47650000;49330000
03/09/2009;49350000;51340000;48400000;49680000
03/10/2009;49680000;49680000;43880000;44370000
03/11/2009;43350000;44260000;42360000;43610000
03/12/2009;43530000;43980000;40750000;41180000
03/13/2009;40990000;43520000;40030000;42360000
03/16/2009;42360000;44230000;42360000;43740000
03/17/2009;44230000;44590000;40740000;40800000
03/18/2009;41140000;42390000;38980000;40060000
03/19/2009;40060000;44170000;38790000;43680000
03/20/2009;43600000;47630000;43070000;45890000
03/23/2009;45890000;45890000;41270000;43230000
03/24/2009;43240000;44000000;41630000;42930000
03/25/2009;42350000;44200000;40810000;42250000
03/26/2009;42250000;42250000;40170000;40360000
03/27/2009;40360000;42130000;40360000;41040000
03/30/2009;44860000;46280000;44860000;45540000
03/31/2009;45540000;45540000;42270000;44140000
04/01/2009;45420000;45600000;42260000;42280000
04/02/2009;42280000;42680000;40300000;42040000
04/03/2009;42030000;42030000;39640000;39700000
04/06/2009;41960000;43020000;40830000;40930000
04/07/2009;41480000;42500000;40360000;40390000
04/08/2009;40390000;40860000;38700000;38850000
04/09/2009;37220000;37740000;36530000;36530000
04/13/2009;38320000;38910000;37510000;37810000
04/14/2009;37950000;38500000;36880000;37670000
04/15/2009;37850000;38060000;36100000;36170000
04/16/2009;36040000;36800000;34880000;35790000
04/17/2009;35360000;35520000;33680000;33940000
04/20/2009;33940000;39580000;33940000;39180000
04/21/2009;40270000;40290000;36950000;37140000
04/22/2009;37140000;38190000;36010000;38100000
04/23/2009;38100000;38520000;37010000;37150000
04/24/2009;36860000;37530000;36370000;36820000
04/27/2009;39460000;39520000;37970000;38320000
04/28/2009;39430000;39640000;37420000;37950000
04/29/2009;37950000;37950000;35370000;36080000
04/30/2009;36090000;36710000;34500000;36500000
05/01/2009;36500000;36880000;34880000;35300000
05/04/2009;35300000;36240000;34310000;34530000
05/05/2009;34540000;35140000;33360000;33360000
05/06/2009;33360000;33700000;32430000;32450000
05/07/2009;32100000;34560000;31910000;33440000
05/08/2009;32360000;32720000;31190000;32050000
05/11/2009;32050000;34080000;32050000;32870000
05/12/2009;32680000;33290000;31570000;31800000
05/13/2009;32970000;33990000;32560000;33650000
05/14/2009;33650000;33960000;31320000;31370000
05/15/2009;31360000;33610000;30590000;33120000
05/18/2009;32910000;32910000;30000000;30240000
05/19/2009;30230000;30320000;28350000;28800000
05/20/2009;27470000;29160000;26570000;29030000
05/21/2009;29030000;32770000;29030000;31350000
05/22/2009;31360000;32710000;30570000;32630000
05/26/2009;34570000;34570000;30380000;30620000
05/27/2009;30800000;32530000;29620000;32360000
05/28/2009;31540000;33320000;31100000;31670000
05/29/2009;31670000;31670000;28850000;28920000
06/01/2009;28700000;30050000;28450000;30040000
06/02/2009;30040000;30130000;28300000;29630000
06/03/2009;29620000;31790000;29620000;31020000
06/04/2009;31020000;31020000;29920000;30180000
06/05/2009;29390000;30810000;28850000;29620000
06/08/2009;30840000;31820000;29330000;29770000
06/09/2009;29770000;29770000;27790000;28270000
06/10/2009;26900000;29740000;26900000;28460000
06/11/2009;27360000;28110000;26810000;28110000
06/12/2009;28080000;28500000;27730000;28150000
06/15/2009;29700000;31090000;29640000;30810000
06/16/2009;30810000;32750000;30070000;32680000
06/17/2009;31190000;32770000;30640000;31540000
06/18/2009;31540000;31540000;29600000;30030000
06/19/2009;29160000;29320000;27560000;27990000
06/22/2009;30400000;32050000;30300000;31170000
06/23/2009;31300000;31540000;30190000;30580000
06/24/2009;30580000;30580000;28790000;29050000
06/25/2009;29450000;29560000;26300000;26360000
06/26/2009;27090000;27220000;25760000;25930000
06/29/2009;25930000;27180000;25290000;25350000
06/30/2009;25360000;27380000;25020000;26350000
07/01/2009;25730000;26310000;24800000;26220000
07/02/2009;26220000;28620000;26220000;27950000
07/06/2009;30320000;30600000;28990000;29000000
07/07/2009;29000000;30940000;28900000;30850000
07/08/2009;30850000;33050000;30430000;31300000
07/09/2009;30230000;30490000;29280000;29780000
07/10/2009;29780000;30340000;28820000;29020000
07/13/2009;28360000;29240000;25420000;26310000
07/14/2009;26310000;26840000;24990000;25020000
07/15/2009;25050000;26060000;23830000;25890000
07/16/2009;25960000;26180000;24510000;25420000
07/17/2009;25420000;25550000;23880000;24340000
07/20/2009;25060000;25420000;24260000;24400000
07/21/2009;24280000;25140000;23810000;23870000
07/22/2009;24050000;24140000;23240000;23470000
07/23/2009;23710000;24050000;23210000;23430000
07/24/2009;23870000;23870000;23000000;23090000
07/27/2009;24060000;24860000;24020000;24280000
07/28/2009;24280000;25610000;24280000;25010000
07/29/2009;25470000;26180000;25410000;25610000
07/30/2009;25400000;25760000;24850000;25400000
07/31/2009;25400000;26220000;24930000;25920000
08/03/2009;25920000;26490000;25560000;25560000
08/04/2009;25550000;26160000;24890000;24890000
08/05/2009;24910000;25850000;24860000;24900000
08/06/2009;24900000;26150000;24470000;25670000
08/07/2009;24710000;24950000;23980000;24760000
08/10/2009;24760000;25820000;24760000;24990000
08/11/2009;24980000;26980000;24980000;25990000
08/12/2009;25990000;26500000;25110000;25450000
08/13/2009;25340000;26150000;24710000;24710000
08/14/2009;24770000;25940000;24260000;24270000
08/17/2009;24270000;28390000;24270000;27890000
08/18/2009;27890000;27890000;26080000;26180000
08/19/2009;28080000;28140000;26140000;26260000
08/20/2009;26450000;26450000;24750000;25090000
08/21/2009;24490000;25060000;23910000;25010000
08/24/2009;25010000;25700000;25010000;25140000
08/25/2009;25130000;25130000;23680000;24920000
08/26/2009;24910000;25560000;24690000;24950000
08/27/2009;25130000;25890000;24430000;24680000
08/28/2009;24440000;25500000;24280000;24760000
08/31/2009;24760000;27010000;24760000;26010000
09/01/2009;26010000;29230000;26000000;29150000
09/02/2009;29140000;29570000;28410000;28900000
09/03/2009;28900000;28900000;26980000;27100000
09/04/2009;26980000;26980000;24860000;25260000
09/08/2009;25260000;26150000;25260000;25620000
09/09/2009;25660000;25930000;24230000;24320000
09/10/2009;24400000;24760000;22820000;23550000
09/11/2009;23490000;24330000;22480000;24150000
09/14/2009;25390000;25390000;23320000;23860000
09/15/2009;23900000;24270000;23070000;23420000
09/16/2009;23290000;23920000;22780000;23690000
09/17/2009;23990000;24070000;22790000;23650000
09/18/2009;23650000;24430000;23140000;23920000
09/21/2009;25340000;25510000;23710000;24060000
09/22/2009;23810000;23980000;23060000;23080000
09/23/2009;22900000;23690000;22190000;23490000
09/24/2009;23670000;25370000;23440000;24950000
09/25/2009;25180000;26340000;24810000;25610000
09/28/2009;26260000;26400000;24850000;24880000
09/29/2009;24880000;25280000;24540000;25190000
09/30/2009;25190000;26450000;24760000;25610000
10/01/2009;25980000;28420000;25980000;28270000
10/02/2009;29340000;29560000;27980000;28680000
10/05/2009;29340000;29340000;26570000;26840000
10/06/2009;26390000;26410000;25190000;25700000
10/07/2009;25780000;25820000;24570000;24680000
10/08/2009;24680000;24690000;23900000;24180000
10/09/2009;24390000;24540000;22990000;23120000
10/12/2009;23120000;23530000;22670000;23010000
10/13/2009;23000000;24070000;22740000;22990000
10/14/2009;22080000;22890000;21550000;22860000
10/15/2009;23510000;23530000;21490000;21720000
10/16/2009;21720000;22600000;20980000;21430000
10/19/2009;21410000;22460000;20910000;21490000
10/20/2009;21550000;21760000;20900000;20900000
10/21/2009;20900000;22480000;20100000;22220000
10/22/2009;22220000;22770000;20330000;20690000
10/23/2009;20700000;22590000;20340000;22270000
10/26/2009;23060000;24860000;21890000;24310000
10/27/2009;24380000;25220000;24030000;24830000
10/28/2009;24830000;27940000;24830000;27910000
10/29/2009;27160000;27190000;24680000;24760000
10/30/2009;24760000;31590000;24760000;30690000
11/02/2009;30700000;31840000;28070000;29780000
11/03/2009;30620000;30800000;28770000;28810000
11/04/2009;28810000;28810000;26610000;27720000
11/05/2009;27280000;27390000;25410000;25430000
11/06/2009;26170000;26170000;24060000;24190000
11/09/2009;24190000;24240000;22780000;23150000
11/10/2009;23150000;23530000;22780000;22840000
11/11/2009;22840000;23680000;21610000;23040000
11/12/2009;23040000;24610000;22910000;24240000
11/13/2009;24250000;24430000;23220000;23360000
11/16/2009;23360000;23420000;22020000;22890000
11/17/2009;22810000;23330000;22270000;22410000
11/18/2009;22350000;22650000;21630000;21630000
11/19/2009;21630000;24200000;21630000;22630000
11/20/2009;23450000;23450000;22140000;22190000
11/23/2009;21980000;21980000;20900000;21160000
11/24/2009;21280000;21870000;20350000;20470000
11/25/2009;20230000;20570000;20050000;20480000
11/27/2009;25750000;25930000;23120000;24850000
11/30/2009;24950000;25570000;24190000;24510000
12/01/2009;24510000;24510000;21880000;21920000
12/02/2009;21890000;22190000;21010000;21120000
12/03/2009;21150000;22500000;20610000;22460000
12/04/2009;21180000;22760000;20620000;21250000
12/07/2009;22320000;22460000;21600000;22100000
12/08/2009;23280000;23970000;22840000;23690000
12/09/2009;23210000;24200000;22540000;22660000
12/10/2009;22660000;22660000;21770000;22320000
12/11/2009;21450000;22310000;21390000;21590000
12/14/2009;21590000;21590000;20570000;21150000
12/15/2009;21090000;21870000;20910000;21490000
12/16/2009;21500000;21500000;20460000;20540000
12/17/2009;21890000;22860000;21400000;22510000
12/18/2009;21840000;23020000;21680000;21680000
12/21/2009;21460000;21510000;20280000;20490000
12/22/2009;20390000;20400000;19540000;19540000
12/23/2009;19540000;19970000;19350000;19710000
12/24/2009;19670000;19670000;19250000;19470000
12/28/2009;20290000;20530000;19900000;19930000
12/29/2009;19870000;20120000;19620000;20010000
12/30/2009;20360000;20440000;19930000;19960000
12/31/2009;19960000;21830000;19890000;21680000
01/04/2010;21680000;21680000;20030000;20040000
01/05/2010;20050000;20130000;19340000;19350000
01/06/2010;19590000;19680000;18770000;19160000
01/07/2010;19680000;19710000;18700000;19060000
01/08/2010;19270000;19270000;18110000;18130000
01/11/2010;16930000;17740000;16860000;17550000
01/12/2010;17950000;19460000;17950000;18250000
01/13/2010;17940000;18720000;17560000;17850000
01/14/2010;18160000;18270000;17380000;17630000
01/15/2010;17630000;19020000;17630000;17910000
01/19/2010;18630000;18850000;17330000;17580000
01/20/2010;18510000;19690000;18440000;18680000
01/21/2010;18590000;22300000;18270000;22270000
01/22/2010;22270000;28010000;22270000;27310000
01/25/2010;27320000;27320000;24610000;25410000
01/26/2010;26030000;26220000;22770000;24550000
01/27/2010;24810000;25690000;23140000;23140000
01/28/2010;22790000;25300000;22690000;23730000
01/29/2010;23730000;25030000;22110000;24620000
02/01/2010;24330000;24330000;22580000;22590000
02/02/2010;22590000;22990000;21080000;21480000
02/03/2010;22110000;22110000;21330000;21600000
02/04/2010;22630000;26320000;22630000;26080000
02/05/2010;25690000;29220000;25370000;26110000
02/08/2010;26110000;27110000;25480000;26510000
02/09/2010;26510000;26560000;24780000;26000000
02/10/2010;26360000;26770000;24800000;25400000
02/11/2010;25820000;26110000;23870000;23960000
02/12/2010;23960000;25540000;22730000;22730000
02/16/2010;23510000;23570000;22130000;22250000
02/17/2010;22250000;22600000;21700000;21720000
02/18/2010;21720000;22210000;20600000;20630000
02/19/2010;21070000;21140000;19710000;20020000
02/22/2010;20160000;21000000;19590000;19940000
02/23/2010;20390000;21940000;20060000;21370000
02/24/2010;21230000;21580000;20220000;20270000
02/25/2010;22030000;22680000;20060000;20100000
02/26/2010;19880000;20530000;19320000;19500000
03/01/2010;19930000;19940000;19180000;19260000
03/02/2010;18830000;19360000;18600000;19060000
03/03/2010;18950000;19300000;18420000;18830000
03/04/2010;18860000;19270000;18580000;18720000
03/05/2010;18060000;18150000;17230000;17420000
03/08/2010;17950000;17960000;17560000;17790000
03/09/2010;18180000;18190000;17510000;17920000
03/10/2010;18000000;18600000;17430000;18570000
03/11/2010;18900000;19340000;18060000;18060000
03/12/2010;17970000;18530000;17580000;17580000
03/15/2010;18280000;18780000;17960000;18000000
03/16/2010;17780000;18010000;17420000;17690000
03/17/2010;16970000;17170000;16520000;16910000
03/18/2010;16960000;16990000;16310000;16620000
03/19/2010;16170000;17570000;16170000;16970000
03/22/2010;18300000;18340000;16770000;16870000
03/23/2010;16840000;17090000;16210000;16350000
03/24/2010;16850000;17920000;16830000;17550000
03/25/2010;17070000;18540000;16620000;18400000
03/26/2010;18270000;18690000;17350000;17770000
03/29/2010;18170000;18280000;17570000;17590000
03/30/2010;17640000;18080000;17130000;17130000
03/31/2010;17660000;17920000;17290000;17590000
04/01/2010;17010000;18090000;16790000;17470000
04/05/2010;17960000;18160000;17020000;17020000
04/06/2010;17390000;17540000;16080000;16230000
04/07/2010;16720000;17210000;16160000;16620000
04/08/2010;17210000;17800000;16300000;16480000
04/09/2010;16320000;16650000;16060000;16140000
04/12/2010;15670000;16000000;15230000;15580000
04/13/2010;15980000;16770000;15810000;16200000
04/14/2010;15800000;16380000;15550000;15590000
04/15/2010;15870000;16500000;15680000;15890000
04/16/2010;16190000;19700000;16110000;18360000
04/19/2010;19140000;19550000;17340000;17340000
04/20/2010;16840000;16890000;15730000;15730000
04/21/2010;15940000;16850000;15500000;16320000
04/22/2010;17480000;18190000;16200000;16470000
04/23/2010;16620000;16710000;16120000;16620000
04/26/2010;17520000;17530000;17070000;17470000
04/27/2010;18130000;23200000;17940000;22810000
04/28/2010;22080000;23030000;20860000;21080000
04/29/2010;20370000;20370000;18440000;18440000
04/30/2010;18750000;22390000;18410000;22050000
05/03/2010;22410000;22410000;19610000;20190000
05/04/2010;22460000;25700000;22460000;23840000
05/05/2010;25960000;27230000;23750000;24910000
05/06/2010;25880000;40710000;24430000;32800000
05/07/2010;32760000;42150000;31710000;40950000
05/10/2010;28650000;30890000;25680000;28840000
05/11/2010;31040000;31040000;25860000;28320000
05/12/2010;26560000;26670000;24980000;25520000
05/13/2010;26170000;26850000;24300000;26680000
05/14/2010;28400000;33240000;28400000;31240000
05/17/2010;31330000;35250000;30760000;30840000
05/18/2010;28670000;34170000;28090000;33550000
05/19/2010;34650000;38420000;33070000;35320000
05/20/2010;41790000;46370000;40300000;45790000
05/21/2010;47660000;48200000;38950000;40100000
05/24/2010;41740000;41740000;35570000;38320000
05/25/2010;43150000;43740000;34590000;34610000
05/26/2010;32540000;35020000;24100000;35020000
05/27/2010;30240000;31030000;29540000;29680000
05/28/2010;30230000;33300000;29530000;32070000
06/01/2010;34870000;35680000;31820000;35540000
06/02/2010;34390000;34570000;29940000;30170000
06/03/2010;29650000;31200000;29120000;29460000
06/04/2010;32930000;36120000;31810000;35480000
06/07/2010;35660000;36800000;34430000;36570000
06/08/2010;36530000;37380000;33360000;33700000
06/09/2010;32330000;34120000;30230000;33730000
06/10/2010;31000000;31770000;29690000;30570000
06/11/2010;31790000;31790000;28600000;28790000
06/14/2010;27940000;28720000;26980000;28580000
06/15/2010;27680000;27840000;25680000;25870000
06/16/2010;26720000;26720000;25340000;25920000
06/17/2010;25590000;26640000;25050000;25050000
06/18/2010;24870000;24880000;23300000;23950000
06/21/2010;22900000;25640000;22870000;24880000
06/22/2010;25140000;27050000;24410000;27050000
06/23/2010;26930000;28550000;26540000;26910000
06/24/2010;27610000;30270000;27530000;29740000
06/25/2010;29640000;30410000;28070000;28530000
06/28/2010;29200000;29900000;28470000;29000000
06/29/2010;31220000;35390000;31220000;34130000
06/30/2010;33950000;34630000;31740000;34540000
07/01/2010;34410000;37580000;32720000;32860000
07/02/2010;31710000;31880000;29350000;30120000
07/06/2010;28820000;31150000;27960000;29650000
07/07/2010;29560000;29560000;26840000;26840000
07/08/2010;26500000;27420000;24220000;25710000
07/09/2010;25350000;25670000;24370000;24980000
07/12/2010;24660000;25140000;23530000;24430000
07/13/2010;23290000;24570000;23120000;24560000
07/14/2010;24610000;25800000;24180000;24890000
07/15/2010;25080000;27240000;24740000;25140000
07/16/2010;25770000;28160000;25710000;26250000
07/19/2010;27020000;27300000;25120000;25970000
07/20/2010;27350000;27400000;23790000;23930000
07/21/2010;23610000;26630000;23590000;25640000
07/22/2010;24370000;24850000;23720000;24630000
07/23/2010;24790000;25170000;23320000;23470000
07/26/2010;24370000;24610000;22700000;22730000
07/27/2010;21890000;23570000;21860000;23190000
07/28/2010;23930000;24540000;22240000;24250000
07/29/2010;23400000;25540000;23040000;24130000
07/30/2010;25470000;27320000;23350000;23500000
08/02/2010;23070000;23240000;21740000;22010000
08/03/2010;22440000;23060000;21980000;22630000
08/04/2010;22690000;23690000;22160000;22210000
08/05/2010;23040000;23130000;22070000;22100000
08/06/2010;23340000;23890000;21720000;21740000
08/09/2010;21850000;22870000;21360000;22140000
08/10/2010;23300000;24240000;22170000;22370000
08/11/2010;24960000;26100000;24960000;25390000
08/12/2010;27210000;27210000;25180000;25730000
08/13/2010;26080000;26260000;25450000;26240000
08/16/2010;27410000;28100000;25380000;26100000
08/17/2010;24720000;24890000;23710000;24330000
08/18/2010;24300000;25230000;23400000;24590000
08/19/2010;24480000;26780000;24260000;26440000
08/20/2010;26730000;27000000;25490000;25490000
08/23/2010;25970000;25970000;24620000;25660000
08/24/2010;27910000;28770000;26320000;27460000
08/25/2010;28300000;28920000;26460000;26700000
08/26/2010;26450000;27550000;25860000;27370000
08/27/2010;26500000;28110000;24410000;24450000
08/30/2010;25880000;27210000;25410000;27210000
08/31/2010;27580000;27830000;25930000;26050000
09/01/2010;25130000;25130000;23860000;23890000
09/02/2010;24230000;24310000;23150000;23190000
09/03/2010;21990000;22780000;21240000;21310000
09/07/2010;22770000;23940000;22770000;23800000
09/08/2010;23510000;23560000;22920000;23250000
09/09/2010;22220000;23240000;22140000;22810000
09/10/2010;22640000;22870000;21760000;21990000
09/13/2010;21060000;22050000;20930000;21210000
09/14/2010;21690000;21970000;20850000;21560000
09/15/2010;22550000;22800000;22100000;22100000
09/16/2010;22650000;22830000;21710000;21720000
09/17/2010;21650000;22560000;21630000;22010000
09/20/2010;22470000;22580000;21250000;21500000
09/21/2010;21540000;22590000;21420000;22350000
09/22/2010;22560000;23190000;21910000;22510000
09/23/2010;23910000;24060000;22560000;23870000
09/24/2010;22610000;22610000;21710000;21710000
09/27/2010;22580000;22750000;21970000;22540000
09/28/2010;22920000;24280000;22400000;22600000
09/29/2010;23140000;23450000;22720000;23250000
09/30/2010;22850000;24520000;22390000;23700000
10/01/2010;22900000;23670000;22460000;22500000
10/04/2010;23630000;24340000;23300000;23530000
10/05/2010;22520000;23080000;21710000;21760000
10/06/2010;21820000;22130000;21460000;21490000
10/07/2010;21310000;22160000;21280000;21560000
10/08/2010;21580000;21640000;20290000;20710000
10/11/2010;19330000;19510000;18800000;18960000
10/12/2010;20000000;20100000;18550000;18930000
10/13/2010;17920000;19160000;17900000;19070000
10/14/2010;19590000;21020000;19400000;19880000
10/15/2010;20200000;21590000;19020000;19030000
10/18/2010;20430000;20710000;18880000;19090000
10/19/2010;20700000;21350000;19330000;20630000
10/20/2010;21200000;21200000;19670000;19790000
10/21/2010;19700000;20530000;18930000;19270000
10/22/2010;19360000;19360000;18760000;18780000
10/25/2010;19220000;19880000;18860000;19850000
10/26/2010;20520000;21010000;20220000;20220000
10/27/2010;21110000;22370000;20690000;20710000
10/28/2010;20280000;21410000;20180000;20880000
10/29/2010;21200000;21400000;20860000;21200000
11/01/2010;21650000;22540000;20920000;21830000
11/02/2010;21340000;21820000;21220000;21570000
11/03/2010;21660000;22020000;19540000;19560000
11/04/2010;18030000;18800000;17970000;18520000
11/05/2010;18070000;18440000;17920000;18260000
11/08/2010;19330000;19350000;18210000;18290000
11/09/2010;18510000;19390000;17830000;19080000
11/10/2010;18940000;19960000;18410000;18470000
11/11/2010;19440000;19750000;18480000;18640000
11/12/2010;19590000;21230000;19290000;20610000
11/15/2010;20330000;20370000;19140000;20200000
11/16/2010;21260000;23070000;20950000;22580000
11/17/2010;22190000;22210000;21220000;21760000
11/18/2010;20310000;20310000;18750000;18750000
11/19/2010;19150000;19720000;17760000;18040000
11/22/2010;19450000;20140000;18350000;18370000
11/23/2010;20250000;21450000;20240000;20630000
11/24/2010;19420000;19610000;18730000;19560000
11/26/2010;21170000;22220000;20280000;22220000
11/29/2010;23150000;23840000;21380000;21530000
11/30/2010;23270000;23790000;22420000;23540000
12/01/2010;21190000;21430000;20400000;21360000
12/02/2010;21130000;21130000;19100000;19390000
12/03/2010;19260000;19280000;17710000;18010000
12/06/2010;18800000;18850000;17950000;18020000
12/07/2010;17130000;18150000;17130000;17990000
12/08/2010;17970000;18320000;17690000;17740000
12/09/2010;17320000;17840000;17240000;17250000
12/10/2010;17060000;17630000;17060000;17610000
12/13/2010;16820000;17670000;16680000;17550000
12/14/2010;17600000;17950000;17220000;17610000
12/15/2010;17990000;18140000;17370000;17940000
12/16/2010;18030000;18270000;16880000;17390000
12/17/2010;17620000;17640000;15460000;16110000
12/20/2010;16220000;16860000;15780000;16410000
12/21/2010;16200000;16620000;16080000;16490000
12/22/2010;16520000;16560000;15450000;15450000
12/23/2010;15440000;16860000;15400000;16470000
12/27/2010;18260000;18320000;17660000;17670000
12/28/2010;17300000;17990000;17300000;17520000
12/29/2010;17490000;17490000;17020000;17280000
12/30/2010;17650000;17890000;17460000;17520000
12/31/2010;17910000;18130000;17750000;17750000
01/03/2011;17940000;17950000;16910000;17610000
01/04/2011;17340000;18240000;17330000;17380000
01/05/2011;17810000;17950000;16860000;17020000
01/06/2011;16800000;17560000;16790000;17400000
01/07/2011;17310000;18070000;16570000;17140000
01/10/2011;18350000;18630000;17540000;17540000
01/11/2011;16610000;17350000;16600000;16890000
01/12/2011;16260000;16500000;16170000;16240000
01/13/2011;16510000;16780000;16140000;16390000
01/14/2011;16670000;16710000;15370000;15460000
01/18/2011;16190000;16200000;15710000;15870000
01/19/2011;15890000;17670000;15860000;17310000
01/20/2011;17810000;18850000;17650000;17990000
01/21/2011;17030000;18610000;16600000;18470000
01/24/2011;18780000;18930000;17560000;17650000
01/25/2011;18220000;18550000;17590000;17590000
01/26/2011;17000000;17420000;16590000;16640000
01/27/2011;16840000;16890000;15810000;16150000
01/28/2011;15940000;20080000;15920000;20040000
01/31/2011;19610000;19960000;17100000;19530000
02/01/2011;18590000;18630000;17400000;17630000
02/02/2011;17820000;17840000;17280000;17300000
02/03/2011;17530000;17800000;16610000;16690000
02/04/2011;16640000;16740000;15890000;15930000
02/07/2011;16140000;16540000;15840000;16280000
02/08/2011;16290000;16600000;14860000;15810000
02/09/2011;16270000;16520000;15860000;15870000
02/10/2011;16740000;17070000;16000000;16090000
02/11/2011;16530000;16530000;15550000;15690000
02/14/2011;16070000;16260000;15220000;15950000
02/15/2011;16300000;16750000;16270000;16370000
02/16/2011;16310000;16740000;15840000;16720000
02/17/2011;17010000;17300000;15880000;16590000
02/18/2011;16590000;16910000;15540000;16430000
02/22/2011;19460000;21450000;18380000;20800000
02/23/2011;20840000;23220000;20300000;22130000
02/24/2011;22280000;22710000;20810000;21320000
02/25/2011;20410000;20440000;18880000;19220000
02/28/2011;19120000;19270000;18140000;18350000
03/01/2011;17630000;21010000;17630000;21010000
03/02/2011;20730000;21140000;19620000;20700000
03/03/2011;19270000;19270000;18250000;18600000
03/04/2011;18560000;20330000;18310000;19060000
03/07/2011;19370000;21770000;18950000;20660000
03/08/2011;20580000;21060000;19150000;19820000
03/09/2011;20050000;20960000;19410000;20220000
03/10/2011;21370000;22250000;20340000;21880000
03/11/2011;21720000;21750000;19970000;20080000
03/14/2011;21790000;22740000;20920000;21130000
03/15/2011;25660000;25720000;23310000;24320000
03/16/2011;24650000;31280000;24040000;29400000
03/17/2011;26940000;27540000;25440000;26370000
03/18/2011;23900000;24850000;23090000;24440000
03/21/2011;22100000;22160000;20220000;20610000
03/22/2011;20530000;20590000;19970000;20210000
03/23/2011;20590000;21050000;18190000;19170000
03/24/2011;18450000;18990000;17870000;18000000
03/25/2011;17870000;18080000;17070000;17910000
03/28/2011;18310000;19440000;17960000;19440000
03/29/2011;19170000;19780000;18000000;18160000
03/30/2011;17820000;17890000;17250000;17710000
03/31/2011;17900000;17950000;17410000;17740000
04/01/2011;16680000;17620000;16440000;17400000
04/04/2011;17630000;17850000;17390000;17500000
04/05/2011;17870000;17870000;16500000;17250000
04/06/2011;16750000;17150000;16500000;16900000
04/07/2011;16920000;17770000;16490000;17110000
04/08/2011;16510000;18330000;16510000;17870000
04/11/2011;16740000;17050000;16220000;16590000
04/12/2011;17580000;18460000;16880000;17090000
04/13/2011;16330000;17380000;16200000;16920000
04/14/2011;17770000;18080000;16080000;16270000
04/15/2011;15970000;15980000;14920000;15320000
04/18/2011;18300000;19070000;16810000;16960000
04/19/2011;16620000;16720000;15690000;15830000
04/20/2011;14310000;15390000;14300000;15070000
04/21/2011;14710000;15230000;14400000;14690000
04/25/2011;15640000;16060000;15500000;15770000
04/26/2011;15360000;15660000;15070000;15620000
04/27/2011;15370000;16420000;15130000;15350000
04/28/2011;15540000;15540000;14270000;14620000
04/29/2011;14560000;14990000;14490000;14750000
05/02/2011;15070000;16130000;15070000;15990000
05/03/2011;16350000;17290000;16130000;16700000
05/04/2011;16840000;17720000;16830000;17080000
05/05/2011;17680000;19110000;16740000;18200000
05/06/2011;17170000;19290000;16120000;18400000
05/09/2011;18590000;18590000;17040000;17160000
05/10/2011;16840000;16900000;15790000;15910000
05/11/2011;16270000;17490000;16230000;16950000
05/12/2011;17270000;17890000;16030000;16030000
05/13/2011;16020000;17560000;15980000;17070000
05/16/2011;17860000;18250000;16610000;18240000
05/17/2011;18540000;19090000;17470000;17550000
05/18/2011;17560000;17680000;16030000;16230000
05/19/2011;15900000;16560000;15500000;15520000
05/20/2011;15880000;17430000;15700000;17430000
05/23/2011;20030000;20030000;17470000;18270000
05/24/2011;18070000;18190000;17000000;17820000
05/25/2011;18260000;18260000;16700000;17070000
05/26/2011;17170000;17460000;15900000;16090000
05/27/2011;16110000;16270000;15360000;15980000
05/31/2011;15850000;16500000;15150000;15450000
06/01/2011;15950000;18480000;15950000;18300000
06/02/2011;17920000;18720000;17390000;18090000
06/03/2011;18230000;19870000;17120000;17950000
06/06/2011;18420000;18650000;17650000;18490000
06/07/2011;18130000;18480000;17390000;18070000
06/08/2011;18150000;18830000;17720000;18790000
06/09/2011;18200000;18310000;17260000;17770000
06/10/2011;17930000;19160000;17930000;18860000
06/13/2011;19100000;20020000;18410000;19610000
06/14/2011;18560000;18560000;17800000;18260000
06/15/2011;19310000;21660000;19030000;21320000
06/16/2011;21370000;24650000;20810000;22730000
06/17/2011;21560000;22390000;20350000;21850000
06/20/2011;22990000;23080000;19990000;19990000
06/21/2011;19460000;19460000;17720000;18860000
06/22/2011;18860000;18900000;17720000;18520000
06/23/2011;20230000;21500000;19220000;19290000
06/24/2011;19200000;21280000;19100000;21100000
06/27/2011;21600000;21820000;20270000;20560000
06/28/2011;20300000;20450000;19170000;19170000
06/29/2011;18620000;18830000;16320000;17270000
06/30/2011;16670000;16770000;15880000;16520000
07/01/2011;16060000;16290000;15120000;15870000
07/05/2011;16320000;16500000;15890000;16060000
07/06/2011;16460000;17080000;16320000;16340000
07/07/2011;15300000;16130000;15300000;15950000
07/08/2011;17140000;17140000;15950000;15950000
07/11/2011;17440000;19060000;17160000;18390000
07/12/2011;19550000;20130000;18250000;19870000
07/13/2011;19080000;20160000;18090000;19910000
07/14/2011;20080000;21580000;19350000;20800000
07/15/2011;20250000;21680000;19520000;19530000
07/18/2011;21250000;21930000;20900000;20950000
07/19/2011;20140000;20430000;19120000;19210000
07/20/2011;18810000;19650000;18610000;19090000
07/21/2011;18610000;18630000;17150000;17560000
07/22/2011;17220000;17950000;17140000;17520000
07/25/2011;19260000;19500000;18730000;19350000
07/26/2011;19750000;20500000;19560000;20230000
07/27/2011;20870000;23200000;20870000;22980000
07/28/2011;22830000;23990000;21200000;23740000
07/29/2011;25280000;25940000;23650000;25250000
08/01/2011;22630000;25630000;22460000;23660000
08/02/2011;24220000;24790000;22650000;24790000
08/03/2011;23580000;25230000;22760000;23380000
08/04/2011;24570000;32070000;24310000;31660000
08/05/2011;28480000;39250000;27540000;32000000
08/08/2011;36900000;48000000;35290000;48000000
08/09/2011;42120000;47560000;34280000;35060000
08/10/2011;39330000;44410000;37340000;42990000
08/11/2011;41940000;42880000;37500000;39000000
08/12/2011;37080000;37850000;34010000;36360000
08/15/2011;34730000;34830000;31470000;31870000
08/16/2011;33360000;34490000;31680000;32850000
08/17/2011;32090000;33320000;30810000;31580000
08/18/2011;36770000;45280000;36690000;42670000
08/19/2011;45340000;45400000;39990000;43050000
08/22/2011;38800000;43580000;38780000;42440000
08/23/2011;41890000;42540000;35830000;36270000
08/24/2011;37120000;37380000;34550000;35900000
08/25/2011;34430000;40140000;34050000;39760000
08/26/2011;41180000;43840000;34330000;35590000
08/29/2011;33810000;33810000;32210000;32280000
08/30/2011;32970000;33550000;31550000;32890000
08/31/2011;31200000;32530000;30160000;31620000
09/01/2011;31910000;32380000;30760000;31820000
09/02/2011;34290000;34740000;32700000;33920000
09/06/2011;39840000;39860000;37000000;37000000
09/07/2011;34240000;34700000;33380000;33380000
09/08/2011;34410000;34710000;32790000;34320000
09/09/2011;35530000;40740000;35530000;38520000
09/12/2011;42560000;43180000;38580000;38590000
09/13/2011;38680000;39430000;36690000;36910000
09/14/2011;36590000;37760000;33400000;34600000
09/15/2011;33430000;33980000;31750000;31970000
09/16/2011;31810000;32480000;30430000;30980000
09/19/2011;34800000;35330000;32350000;32730000
09/20/2011;32420000;33140000;31450000;32860000
09/21/2011;33000000;37320000;32450000;37320000
09/22/2011;41000000;43870000;39330000;41350000
09/23/2011;42170000;42820000;40420000;41250000
09/26/2011;40990000;43340000;39020000;39020000
09/27/2011;36590000;38570000;35320000;37710000
09/28/2011;37700000;41240000;36650000;41080000
09/29/2011;38620000;42000000;38030000;38840000
09/30/2011;40930000;42990000;39880000;42960000
10/03/2011;44250000;45550000;41510000;45450000
10/04/2011;46180000;46880000;40020000;40820000
10/05/2011;40730000;41200000;37510000;37810000
10/06/2011;38240000;38740000;36150000;36270000
10/07/2011;35670000;37820000;35190000;36200000
10/10/2011;35450000;35450000;32960000;33020000
10/11/2011;33950000;34240000;32620000;32860000
10/12/2011;31570000;31930000;29790000;31260000
10/13/2011;31990000;32760000;30480000;30700000
10/14/2011;29070000;29960000;28080000;28240000
10/17/2011;30350000;33390000;30120000;33390000
10/18/2011;33370000;34710000;29690000;31560000
10/19/2011;32920000;35470000;31910000;34440000
10/20/2011;34440000;36870000;34160000;34780000
10/21/2011;32760000;32980000;31320000;31320000
10/24/2011;31670000;31700000;28840000;29260000
10/25/2011;30680000;32460000;30320000;32220000
10/26/2011;30440000;33300000;29630000;29860000
10/27/2011;24720000;26460000;24700000;25460000
10/28/2011;26020000;26020000;24440000;24530000
10/31/2011;27090000;29970000;27010000;29960000
11/01/2011;36030000;37530000;33870000;34770000
11/02/2011;33530000;34270000;32550000;32740000
11/03/2011;31380000;34650000;30210000;30500000
11/04/2011;31460000;32560000;30140000;30160000
11/07/2011;31400000;32150000;29850000;29850000
11/08/2011;29340000;30490000;27470000;27480000
11/09/2011;31320000;36430000;30980000;36160000
11/10/2011;33090000;35500000;32120000;32810000
11/11/2011;29910000;30420000;29450000;30040000
11/14/2011;31420000;32850000;31130000;31130000
11/15/2011;31740000;32550000;30400000;31220000
11/16/2011;32660000;33510000;30540000;33510000
11/17/2011;33150000;36460000;32890000;34510000
11/18/2011;33160000;33990000;31920000;32000000
11/21/2011;34590000;35290000;32530000;32910000
11/22/2011;33120000;33390000;31280000;31970000
11/23/2011;32910000;34570000;32680000;33980000
11/25/2011;34610000;34770000;33120000;34470000
11/28/2011;31930000;33110000;31570000;32130000
11/29/2011;31760000;32020000;30560000;30640000
11/30/2011;27720000;28500000;27030000;27800000
12/01/2011;27630000;27890000;26640000;27410000
12/02/2011;26260000;27620000;25290000;27520000
12/05/2011;26740000;28310000;26000000;27840000
12/06/2011;27910000;28130000;27410000;28130000
12/07/2011;28610000;29580000;28440000;28670000
12/08/2011;29630000;30910000;29020000;30590000
12/09/2011;29610000;29610000;26290000;26380000
12/12/2011;26780000;27730000;25640000;25670000
12/13/2011;24720000;26280000;23270000;25410000
12/14/2011;26160000;27550000;25760000;26040000
12/15/2011;24380000;25280000;24140000;25110000
12/16/2011;24160000;25020000;23510000;24290000
12/19/2011;25140000;25380000;24380000;24920000
12/20/2011;23560000;23580000;22540000;23220000
12/21/2011;22520000;23940000;21120000;21430000
12/22/2011;21080000;21330000;20340000;21160000
12/23/2011;21100000;21210000;20720000;20730000
12/27/2011;22580000;22660000;21680000;21910000
12/28/2011;22120000;23560000;22110000;23520000
12/29/2011;23520000;23520000;22650000;22650000
12/30/2011;22860000;23460000;22650000;23400000
01/03/2012;22950000;23100000;22540000;22970000
01/04/2012;23440000;23730000;22220000;22220000
01/05/2012;22750000;23090000;21340000;21480000
01/06/2012;21240000;21720000;20580000;20630000
01/09/2012;21670000;21780000;21000000;21070000
01/10/2012;20140000;20690000;20050000;20690000
01/11/2012;21180000;21220000;20980000;21050000
01/12/2012;21010000;22030000;20460000;20470000
01/13/2012;21410000;22430000;20910000;20910000
01/17/2012;20900000;22250000;20690000;22200000
01/18/2012;23200000;23440000;20780000;20890000
01/19/2012;20490000;20870000;19450000;19870000
01/20/2012;19910000;19940000;18160000;18280000
01/23/2012;19220000;19310000;18550000;18670000
01/24/2012;19760000;20000000;18630000;18910000
01/25/2012;19350000;19550000;17150000;18310000
01/26/2012;17960000;19170000;16800000;18570000
01/27/2012;19160000;19160000;18260000;18530000
01/30/2012;20330000;20330000;19380000;19400000
01/31/2012;19070000;19840000;18130000;19440000
02/01/2012;18680000;18820000;17990000;18550000
02/02/2012;18380000;18500000;17980000;17980000
02/03/2012;16840000;17320000;16100000;17100000
02/06/2012;17980000;18020000;16110000;17760000
02/07/2012;17930000;18100000;17500000;17650000
02/08/2012;17790000;18460000;17530000;18160000
02/09/2012;18120000;18720000;18070000;18630000
02/10/2012;20100000;21980000;19020000;20790000
02/13/2012;19640000;19680000;17920000;19040000
02/14/2012;19450000;20760000;18950000;19540000
02/15/2012;19740000;21770000;19440000;21140000
02/16/2012;21590000;21760000;19220000;19220000
02/17/2012;18730000;18790000;17540000;17780000
02/21/2012;18410000;18940000;17650000;18190000
02/22/2012;18850000;18940000;17740000;18190000
02/23/2012;18730000;18970000;16640000;16800000
02/24/2012;16680000;17620000;16420000;17310000
02/27/2012;19100000;19250000;17580000;18190000
02/28/2012;18670000;18670000;17880000;17960000
02/29/2012;17800000;18750000;17530000;18430000
03/01/2012;18020000;18030000;17260000;17260000
03/02/2012;17650000;17650000;17140000;17290000
03/05/2012;18270000;18900000;18020000;18050000
03/06/2012;20570000;21240000;20300000;20870000
03/07/2012;20430000;20440000;19070000;19070000
03/08/2012;18080000;18460000;17760000;17950000
03/09/2012;17160000;17540000;16630000;17110000
03/12/2012;15790000;16670000;15230000;15640000
03/13/2012;14000000;16080000;13990000;14800000
03/14/2012;14420000;16190000;14390000;15310000
03/15/2012;15320000;16060000;14580000;15420000
03/16/2012;14430000;15240000;13660000;14470000
03/19/2012;15420000;15430000;14540000;15040000
03/20/2012;15820000;15950000;15110000;15580000
03/21/2012;14720000;15310000;14190000;15130000
03/22/2012;16040000;16580000;15560000;15570000
03/23/2012;15650000;16390000;14690000;14820000
03/26/2012;14510000;15030000;14260000;14260000
03/27/2012;14520000;15590000;14140000;15590000
03/28/2012;15580000;17270000;15400000;15470000
03/29/2012;16840000;17200000;15390000;15480000
03/30/2012;14880000;15980000;14670000;15500000
04/02/2012;16350000;16580000;15020000;15640000
04/03/2012;15610000;16650000;15560000;15660000
04/04/2012;17070000;17740000;16310000;16440000
04/05/2012;17020000;17130000;16290000;16700000
04/09/2012;18940000;18940000;17930000;18810000
04/10/2012;19100000;21060000;18620000;20390000
04/11/2012;19220000;20120000;18730000;20020000
04/12/2012;19630000;19740000;17200000;17200000
04/13/2012;17950000;19620000;17850000;19550000
04/16/2012;18870000;20420000;18600000;19550000
04/17/2012;18660000;18660000;17580000;18460000
04/18/2012;19020000;19170000;17700000;18640000
04/19/2012;18510000;19690000;17690000;18360000
04/20/2012;17920000;18050000;16970000;17440000
04/23/2012;20220000;20270000;18950000;18970000
04/24/2012;19220000;19220000;18090000;18100000
04/25/2012;17050000;17380000;16820000;16820000
04/26/2012;16970000;17040000;15750000;16240000
04/27/2012;15830000;16470000;15830000;16320000
04/30/2012;17040000;17410000;16920000;17150000
05/01/2012;17270000;17490000;16010000;16600000
05/02/2012;17250000;17630000;16780000;16880000
05/03/2012;16900000;17920000;16730000;17560000
05/04/2012;18030000;19280000;17810000;19160000
05/07/2012;19800000;19870000;18410000;18940000
05/08/2012;19440000;20910000;17950000;19050000
05/09/2012;20650000;21590000;19380000;20080000
05/10/2012;19250000;19880000;18770000;18830000
05/11/2012;19930000;19940000;18620000;19890000
05/14/2012;21470000;21870000;20940000;21870000
05/15/2012;21430000;22700000;20760000;21970000
05/16/2012;21540000;22690000;20830000;22270000
05/17/2012;21990000;24510000;21870000;24490000
05/18/2012;23270000;25140000;23070000;25100000
05/21/2012;24880000;24880000;22010000;22010000
05/22/2012;21760000;23190000;19980000;22480000
05/23/2012;23320000;24620000;21990000;22330000
05/24/2012;22000000;23220000;21480000;21540000
05/25/2012;22050000;22290000;21300000;21760000
05/29/2012;21700000;22470000;20990000;21030000
05/30/2012;22680000;24140000;22660000;24140000
05/31/2012;23830000;25460000;22780000;24060000
06/01/2012;25870000;26710000;23940000;26660000
06/04/2012;26350000;27730000;25720000;26120000
06/05/2012;25900000;25900000;24500000;24680000
06/06/2012;23760000;23890000;21800000;22160000
06/07/2012;21000000;22480000;20740000;21720000
06/08/2012;22540000;23100000;20290000;21230000
06/11/2012;19870000;23560000;19630000;23560000
06/12/2012;23150000;23900000;22090000;22090000
06/13/2012;22930000;24930000;22660000;24270000
06/14/2012;24190000;24810000;21550000;21680000
06/15/2012;22470000;23090000;20610000;21110000
06/18/2012;21760000;21980000;18240000;18320000
06/19/2012;17660000;18620000;17360000;18380000
06/20/2012;17960000;20050000;17090000;17240000
06/21/2012;16890000;20480000;16770000;20080000
06/22/2012;18650000;19370000;17900000;18110000
06/25/2012;20470000;21360000;19890000;20380000
06/26/2012;20010000;20570000;19420000;19720000
06/27/2012;19550000;20120000;19380000;19450000
06/28/2012;20330000;21190000;19600000;19710000
06/29/2012;17520000;19710000;16870000;17080000
07/02/2012;17620000;18190000;16660000;16800000
07/03/2012;16670000;16920000;16270000;16660000
07/05/2012;17610000;18220000;17180000;17500000
07/06/2012;18200000;18250000;16950000;17100000
07/09/2012;18170000;18320000;17730000;17980000
07/10/2012;17510000;19190000;17290000;18720000
07/11/2012;17980000;19170000;17840000;17950000
07/12/2012;18820000;19510000;17750000;18330000
07/13/2012;17780000;17820000;16360000;16740000
07/16/2012;17310000;17320000;16460000;17110000
07/17/2012;16720000;17460000;16090000;16480000
07/18/2012;16810000;16810000;15690000;16160000
07/19/2012;16060000;16700000;15450000;15450000
07/20/2012;16650000;17050000;15970000;16270000
07/23/2012;20410000;20490000;18340000;18620000
07/24/2012;18380000;21000000;18370000;20470000
07/25/2012;19790000;20670000;18990000;19340000
07/26/2012;17680000;18470000;17070000;17530000
07/27/2012;17110000;17300000;16520000;16700000
07/30/2012;17550000;18080000;17230000;18030000
07/31/2012;18400000;19090000;18260000;18930000
08/01/2012;18800000;19180000;18200000;18960000
08/02/2012;19050000;19250000;17560000;17570000
08/03/2012;16050000;16450000;15640000;15640000
08/06/2012;15850000;16270000;15820000;15950000
08/07/2012;15550000;16030000;15480000;15990000
08/08/2012;16460000;16470000;15270000;15320000
08/09/2012;15390000;15670000;15280000;15280000
08/10/2012;15340000;15500000;14730000;14740000
08/13/2012;14090000;14670000;13670000;13700000
08/14/2012;13910000;15060000;13910000;14850000
08/15/2012;14820000;14980000;14360000;14630000
08/16/2012;14880000;15150000;14280000;14290000
08/17/2012;14230000;14300000;13300000;13450000
08/20/2012;14110000;14780000;13990000;14020000
08/21/2012;14100000;15440000;14040000;15020000
08/22/2012;15320000;15520000;14750000;15110000
08/23/2012;15000000;16450000;15000000;15960000
08/24/2012;15990000;16000000;15180000;15180000
08/27/2012;16150000;16380000;15750000;16350000
08/28/2012;16320000;16920000;16010000;16490000
08/29/2012;16610000;17060000;16500000;17060000
08/30/2012;17480000;18050000;17440000;17830000
08/31/2012;17250000;18040000;16920000;17470000
09/04/2012;18650000;18960000;17850000;17980000
09/05/2012;17380000;17840000;16990000;17740000
09/06/2012;17300000;17300000;15600000;15600000
09/07/2012;15600000;15600000;14330000;14380000
09/10/2012;14270000;16280000;13970000;16280000
09/11/2012;16110000;16410000;15780000;16410000
09/12/2012;15590000;16310000;15430000;15800000
09/13/2012;15600000;16540000;13910000;14050000
09/14/2012;13820000;14710000;13510000;14510000
09/17/2012;14670000;14920000;14380000;14590000
09/18/2012;14510000;14880000;14170000;14180000
09/19/2012;13950000;14080000;13610000;13880000
09/20/2012;14630000;14670000;14070000;14070000
09/21/2012;13940000;14180000;13690000;13980000
09/24/2012;15060000;15060000;13870000;14150000
09/25/2012;14190000;15720000;14030000;15430000
09/26/2012;15830000;17080000;15830000;16810000
09/27/2012;16380000;16500000;14830000;14840000
09/28/2012;15230000;15770000;14950000;15730000
10/01/2012;16030000;16530000;15130000;16320000
10/02/2012;15850000;16500000;15700000;15710000
10/03/2012;15630000;16020000;15130000;15430000
10/04/2012;15230000;15330000;14530000;14550000
10/05/2012;13680000;14780000;13670000;14330000
10/08/2012;15190000;15460000;15040000;15110000
10/09/2012;15280000;16400000;15180000;16370000
10/10/2012;16520000;16790000;16130000;16290000
10/11/2012;15330000;15800000;15310000;15590000
10/12/2012;15410000;16180000;14960000;16140000
10/15/2012;16050000;16210000;15230000;15270000
10/16/2012;14840000;15230000;14500000;15220000
10/17/2012;15430000;15630000;14900000;15070000
10/18/2012;15250000;15500000;14680000;15030000
10/19/2012;14910000;17600000;14900000;17060000
10/22/2012;17440000;17980000;16620000;16620000
10/23/2012;18230000;19650000;18170000;18830000
10/24/2012;18220000;18670000;17930000;18330000
10/25/2012;17560000;18640000;17300000;18120000
10/26/2012;18030000;18640000;17520000;17810000
10/31/2012;17680000;18840000;17560000;18600000
11/01/2012;17770000;17790000;16450000;16690000
11/02/2012;16060000;17600000;16050000;17590000
11/05/2012;18330000;18700000;18130000;18420000
11/06/2012;18160000;18170000;17190000;17580000
11/07/2012;17720000;19400000;17620000;19080000
11/08/2012;18690000;18690000;17960000;18490000
11/09/2012;18800000;18810000;17670000;18610000
11/12/2012;18150000;18150000;16450000;16680000
11/13/2012;17360000;17380000;16120000;16650000
11/14/2012;16320000;18050000;15930000;17920000
11/15/2012;17740000;18640000;17620000;17990000
11/16/2012;17650000;18500000;16410000;16410000
11/19/2012;15880000;15980000;15100000;15240000
11/20/2012;15110000;15650000;15060000;15080000
11/21/2012;14960000;15430000;14770000;15310000
11/23/2012;15000000;15260000;15000000;15140000
11/26/2012;15630000;15840000;15470000;15500000
11/27/2012;15300000;15930000;15010000;15920000
11/28/2012;16430000;16980000;15470000;15510000
11/29/2012;15210000;15510000;15020000;15060000
11/30/2012;15260000;16170000;14890000;15870000
12/03/2012;15810000;16690000;15760000;16640000
12/04/2012;16660000;17370000;16380000;17120000
12/05/2012;16950000;17530000;16270000;16460000
12/06/2012;16590000;16850000;16310000;16580000
12/07/2012;16120000;16650000;15730000;15900000
12/10/2012;16470000;16470000;15960000;16050000
12/11/2012;15940000;16010000;15420000;15570000
12/12/2012;15600000;16090000;15410000;15950000
12/13/2012;15870000;16670000;15710000;16560000
12/14/2012;16680000;17150000;16610000;17000000
12/17/2012;17200000;17200000;16210000;16340000
12/18/2012;16390000;16430000;15460000;15570000
12/19/2012;16050000;17460000;16040000;17360000
12/20/2012;17260000;17960000;17110000;17670000
12/21/2012;19850000;19930000;17760000;17840000
12/24/2012;18460000;18660000;17840000;17840000
12/26/2012;18710000;19630000;18610000;19480000
12/27/2012;19390000;20900000;19110000;19470000
12/28/2012;20320000;23230000;19940000;22720000
12/31/2012;22140000;22720000;17880000;18020000
01/02/2013;15240000;15930000;14600000;14680000
01/03/2013;14770000;14920000;14240000;14560000
01/04/2013;14230000;14310000;13640000;13830000
01/07/2013;14530000;14530000;13710000;13790000
01/08/2013;13880000;14290000;13620000;13620000
01/09/2013;13320000;13930000;13220000;13810000
01/10/2013;13330000;13880000;13330000;13490000
01/11/2013;13550000;13790000;13220000;13360000
01/14/2013;13660000;13850000;13410000;13520000
01/15/2013;13970000;13990000;13330000;13550000
01/16/2013;13700000;13760000;13200000;13420000
01/17/2013;13450000;13700000;13160000;13570000
01/18/2013;13520000;13530000;12290000;12460000
01/22/2013;13280000;13320000;12430000;12430000
01/23/2013;12670000;12670000;12300000;12460000
01/24/2013;12730000;13500000;12400000;12690000
01/25/2013;12630000;12990000;12500000;12890000
01/28/2013;13290000;13910000;13290000;13570000
01/29/2013;13870000;13880000;13040000;13310000
01/30/2013;13640000;14330000;13600000;14320000
01/31/2013;14430000;14430000;14040000;14280000
02/01/2013;13370000;13380000;12720000;12900000
02/04/2013;14000000;14750000;13800000;14670000
02/05/2013;14210000;14210000;13390000;13720000
02/06/2013;14060000;14080000;13340000;13410000
02/07/2013;13470000;14410000;13430000;13500000
02/08/2013;13200000;13200000;12890000;13020000
02/11/2013;13370000;13420000;12910000;12940000
02/12/2013;12820000;13130000;12630000;12640000
02/13/2013;12880000;13190000;12670000;12980000
02/14/2013;13300000;13320000;12640000;12660000
02/15/2013;12470000;12890000;12240000;12460000
02/19/2013;12810000;12850000;12080000;12310000
02/20/2013;12320000;14680000;12320000;14680000
02/21/2013;14680000;16210000;14670000;15220000
02/22/2013;14600000;15020000;14160000;14170000
02/25/2013;13690000;19280000;13570000;18990000
02/26/2013;17500000;18230000;16750000;16870000
02/27/2013;16570000;16600000;14420000;14730000
02/28/2013;15000000;15600000;14160000;15510000
03/01/2013;16100000;16820000;15140000;15360000
03/04/2013;16160000;16160000;14010000;14010000
03/05/2013;13440000;13660000;13240000;13480000
03/06/2013;13180000;13770000;13170000;13530000
03/07/2013;13450000;13560000;13030000;13060000
03/08/2013;12670000;13300000;12490000;12590000
03/11/2013;12310000;12340000;11500000;11560000
03/12/2013;11790000;12930000;11740000;12270000
03/13/2013;12180000;12550000;11790000;11830000
03/14/2013;11700000;11750000;11050000;11300000
03/15/2013;11520000;11990000;11210000;11300000
03/18/2013;13470000;13640000;12570000;13360000
03/19/2013;13030000;15400000;12920000;14390000
03/20/2013;13180000;13180000;12300000;12670000
03/21/2013;13070000;14210000;12620000;13990000
03/22/2013;13340000;13850000;13190000;13570000
03/25/2013;12850000;14610000;12390000;13740000
03/26/2013;12950000;13210000;12690000;12770000
03/27/2013;13720000;13970000;12970000;13150000
03/28/2013;12910000;13070000;12540000;12700000
04/01/2013;13460000;14050000;13260000;13580000
04/02/2013;13110000;13180000;12760000;12780000
04/03/2013;12650000;14660000;12620000;14210000
04/04/2013;14100000;14790000;13890000;13890000
04/05/2013;15640000;15650000;13860000;13920000
04/08/2013;14040000;14500000;13190000;13190000
04/09/2013;13110000;13680000;12750000;12840000
04/10/2013;12660000;12880000;12320000;12360000
04/11/2013;12550000;12620000;12150000;12240000
04/12/2013;12610000;13120000;11990000;12060000
04/15/2013;13120000;17270000;12660000;17270000
04/16/2013;14720000;14870000;13910000;13960000
04/17/2013;15350000;17900000;14980000;16510000
04/18/2013;16340000;18200000;16320000;17560000
04/19/2013;16670000;16980000;14870000;14970000
04/22/2013;15080000;16000000;14040000;14390000
04/23/2013;13810000;14870000;13460000;13480000
04/24/2013;13570000;13750000;13360000;13610000
04/25/2013;13610000;13870000;13130000;13620000
04/26/2013;13940000;14180000;13490000;13610000
04/29/2013;13720000;13940000;13360000;13710000
04/30/2013;13710000;14280000;13510000;13520000
05/01/2013;13880000;14670000;13870000;14490000
05/02/2013;14480000;14480000;13580000;13590000
05/03/2013;12920000;13150000;12770000;12850000
05/06/2013;13060000;13190000;12660000;12660000
05/07/2013;12630000;12960000;12490000;12830000
05/08/2013;12870000;13040000;12620000;12660000
05/09/2013;12910000;13530000;12780000;13130000
05/10/2013;13080000;13450000;12540000;12590000
05/13/2013;12570000;12870000;12490000;12550000
05/14/2013;12610000;13210000;12540000;12770000
05/15/2013;12980000;13430000;12780000;12810000
05/16/2013;13070000;13460000;12790000;13070000
05/17/2013;12730000;12940000;12260000;12450000
05/20/2013;13280000;13280000;12840000;13020000
05/21/2013;13080000;13440000;12890000;13370000
05/22/2013;13450000;14450000;13050000;13820000
05/23/2013;14940000;15110000;13870000;14070000
05/24/2013;14590000;14790000;13990000;13990000
05/28/2013;13670000;14560000;13560000;14480000
05/29/2013;15300000;15650000;14590000;14830000
05/30/2013;14900000;14980000;14270000;14530000
05/31/2013;15020000;16350000;14360000;16300000
06/03/2013;16400000;17580000;16150000;16280000
06/04/2013;16160000;17250000;15820000;16270000
06/05/2013;16860000;17840000;16570000;17500000
06/06/2013;17700000;18510000;16600000;16630000
06/07/2013;15900000;16210000;14960000;15140000
06/10/2013;15160000;15600000;15100000;15440000
06/11/2013;16910000;17140000;16000000;17070000
06/12/2013;16510000;18600000;16430000;18590000
06/13/2013;18380000;18580000;16370000;16410000
06/14/2013;16630000;17260000;16030000;17150000
06/17/2013;16530000;17620000;16330000;16800000
06/18/2013;16810000;16950000;16460000;16610000
06/19/2013;16890000;17180000;15360000;16640000
06/20/2013;18400000;21320000;18010000;20490000
06/21/2013;18970000;20930000;18250000;18900000
06/24/2013;20870000;21910000;18580000;20110000
06/25/2013;18650000;19220000;17820000;18470000
06/26/2013;17230000;18060000;17080000;17210000
06/27/2013;16600000;16970000;16340000;16860000
06/28/2013;17250000;17690000;16190000;16860000
07/01/2013;16900000;16900000;16000000;16370000
07/02/2013;16490000;16930000;15880000;16440000
07/03/2013;17220000;17320000;16200000;16200000
07/05/2013;15590000;16280000;14890000;14890000
07/08/2013;14660000;15270000;14660000;14780000
07/09/2013;14330000;14650000;14260000;14350000
07/10/2013;14460000;14620000;14060000;14210000
07/11/2013;13570000;14200000;13570000;14010000
07/12/2013;13900000;14040000;13740000;13840000
07/15/2013;13980000;14110000;13500000;13790000
07/16/2013;13780000;14560000;13780000;14420000
07/17/2013;14200000;14440000;13760000;13780000
07/18/2013;13630000;13800000;13200000;13770000
07/19/2013;13890000;13970000;12540000;12540000
07/22/2013;13230000;13370000;12290000;12290000
07/23/2013;12150000;13060000;12070000;12660000
07/24/2013;12690000;13490000;12690000;13180000
07/25/2013;13470000;13540000;12910000;12970000
07/26/2013;13410000;13730000;12710000;12720000
07/29/2013;13540000;13860000;13380000;13390000
07/30/2013;13450000;14140000;13350000;13390000
07/31/2013;13550000;13830000;12940000;13450000
08/01/2013;12890000;13250000;12820000;12940000
08/02/2013;12660000;12740000;11980000;11980000
08/05/2013;12290000;12420000;11830000;11840000
08/06/2013;12190000;12930000;12060000;12720000
08/07/2013;13170000;13910000;12960000;12980000
08/08/2013;12500000;13130000;12370000;12730000
08/09/2013;12880000;13660000;12710000;13410000
08/12/2013;13520000;13570000;12800000;12810000
08/13/2013;12860000;13370000;12290000;12310000
08/14/2013;12480000;13090000;12350000;13040000
08/15/2013;14140000;14850000;13910000;14730000
08/16/2013;14560000;14880000;13620000;14370000
08/19/2013;14940000;15200000;14350000;15100000
08/20/2013;15220000;15250000;14290000;14910000
08/21/2013;16000000;16560000;14670000;15940000
08/22/2013;15260000;15260000;14660000;14760000
08/23/2013;14290000;14820000;13980000;13980000
08/26/2013;14370000;15010000;13900000;14990000
08/27/2013;16560000;17130000;15820000;16770000
08/28/2013;16960000;17110000;16100000;16490000
08/29/2013;16790000;16980000;15990000;16810000
08/30/2013;16750000;17810000;16700000;17010000
09/03/2013;16470000;17370000;16110000;16610000
09/04/2013;16880000;17010000;15770000;15880000
09/05/2013;16120000;16120000;15630000;15770000
09/06/2013;15350000;16810000;15170000;15850000
09/09/2013;15860000;16020000;15220000;15630000
09/10/2013;14890000;15090000;14500000;14530000
09/11/2013;14740000;14740000;13820000;13820000
09/12/2013;13930000;14390000;13730000;14290000
09/13/2013;14270000;14550000;14110000;14160000
09/16/2013;14100000;14490000;13870000;14380000
09/17/2013;14440000;14610000;14280000;14530000
09/18/2013;14680000;14680000;13230000;13590000
09/19/2013;13020000;13390000;13020000;13160000
09/20/2013;13300000;13470000;12520000;13120000
09/23/2013;14040000;14710000;14020000;14310000
09/24/2013;14170000;14370000;13750000;14080000
09/25/2013;14240000;14620000;13890000;14010000
09/26/2013;13800000;14400000;13580000;14060000
09/27/2013;14620000;15790000;14620000;15460000
09/30/2013;17490000;17490000;16160000;16600000
10/01/2013;16310000;16460000;15470000;15540000
10/02/2013;16400000;16810000;16130000;16600000
10/03/2013;16630000;18710000;16630000;17670000
10/04/2013;17720000;17870000;16660000;16740000
10/07/2013;18760000;19410000;18080000;19410000
10/08/2013;19010000;21010000;18980000;20340000
10/09/2013;20190000;21340000;19040000;19600000
10/10/2013;17660000;17920000;16290000;16480000
10/11/2013;16310000;16380000;15460000;15720000
10/14/2013;17080000;17740000;15800000;16070000
10/15/2013;16410000;18670000;16160000;18660000
10/16/2013;17140000;17150000;14670000;14710000
10/17/2013;14520000;14590000;12890000;13480000
10/18/2013;12860000;13530000;12340000;13040000
10/21/2013;13340000;13630000;13070000;13160000
10/22/2013;12990000;13920000;12930000;13330000
10/23/2013;13710000;14210000;13420000;13420000
10/24/2013;13500000;13620000;13150000;13200000
10/25/2013;13160000;13440000;13080000;13090000
10/28/2013;13620000;13720000;13220000;13310000
10/29/2013;13250000;13630000;13060000;13410000
10/30/2013;13720000;21260000;13640000;13650000
10/31/2013;13830000;14020000;13280000;13750000
11/01/2013;13460000;13920000;13220000;13280000
11/04/2013;13350000;13670000;12910000;12930000
11/05/2013;13220000;13640000;12860000;13270000
11/06/2013;13010000;13330000;12670000;12670000
11/07/2013;12990000;14140000;12930000;13910000
11/08/2013;13760000;13800000;12840000;12900000
11/11/2013;12850000;12930000;12400000;12530000
11/12/2013;12800000;13060000;12630000;12820000
11/13/2013;13350000;13350000;12460000;12520000
11/14/2013;12800000;12940000;12280000;12370000
11/15/2013;12120000;12450000;11990000;12190000
11/18/2013;12410000;13220000;12410000;13100000
11/19/2013;13030000;13680000;12880000;13390000
11/20/2013;13560000;13940000;12970000;13400000
11/21/2013;13090000;13090000;12440000;12660000
11/22/2013;12690000;12910000;12240000;12260000
11/25/2013;12550000;12920000;12490000;12790000
11/26/2013;12840000;12990000;12490000;12810000
11/27/2013;12810000;12980000;12440000;12980000
11/29/2013;13060000;13780000;12930000;13700000
12/02/2013;13910000;14310000;13780000;14230000
12/03/2013;14740000;15040000;14430000;14550000
12/04/2013;15030000;15710000;14220000;14700000
12/05/2013;14820000;15380000;14700000;15080000
12/06/2013;13970000;14090000;13620000;13790000
12/09/2013;13970000;14070000;13490000;13490000
12/10/2013;14140000;14220000;13690000;13910000
12/11/2013;13980000;15430000;13980000;15420000
12/12/2013;15440000;16090000;15210000;15540000
12/13/2013;15170000;15800000;15060000;15760000
12/16/2013;15640000;16080000;15300000;16030000
12/17/2013;16040000;16670000;15810000;16210000
12/18/2013;15950000;16750000;13740000;13800000
12/19/2013;13590000;14210000;12890000;14150000
12/20/2013;13610000;13870000;13120000;13790000
12/23/2013;13370000;13530000;13020000;13040000
12/24/2013;12850000;12890000;12480000;12480000
12/26/2013;12480000;12500000;11690000;12330000
12/27/2013;12210000;12590000;12200000;12460000
12/30/2013;12870000;13580000;12830000;13560000
12/31/2013;13430000;14350000;13380000;13720000
01/02/2014;14320000;14590000;14000000;14230000
01/03/2014;14060000;14220000;13570000;13760000
01/06/2014;13410000;14000000;13220000;13550000
01/07/2014;12380000;13280000;12160000;12920000
01/08/2014;13040000;13240000;12860000;12870000
01/09/2014;12830000;13260000;12830000;12890000
01/10/2014;12600000;12900000;12140000;12140000
01/13/2014;12180000;13650000;11820000;13280000
01/14/2014;12890000;12900000;11960000;12280000
01/15/2014;12150000;12400000;11810000;12280000
01/16/2014;12320000;12660000;12280000;12530000
01/17/2014;12340000;12930000;12040000;12440000
01/21/2014;12630000;13420000;12610000;12870000
01/22/2014;12570000;13120000;12550000;12840000
01/23/2014;13670000;14660000;13670000;13770000
01/24/2014;14950000;18140000;14920000;18140000
01/27/2014;17290000;18990000;16850000;17420000
01/28/2014;17270000;17280000;15800000;15800000
01/29/2014;17950000;18040000;16710000;17350000
01/30/2014;16370000;17390000;15960000;17290000
01/31/2014;18710000;18990000;17270000;18410000
02/03/2014;18570000;21480000;18340000;21440000
02/04/2014;19990000;20070000;18440000;19110000
02/05/2014;19590000;20720000;19130000;19950000
02/06/2014;19090000;19090000;17090000;17230000
02/07/2014;16150000;16310000;15090000;15290000
02/10/2014;15630000;15760000;15100000;15260000
02/11/2014;15290000;15290000;14080000;14510000
02/12/2014;14310000;14640000;14020000;14300000
02/13/2014;15240000;15240000;13980000;14140000
02/14/2014;14210000;14220000;13440000;13570000
02/18/2014;13950000;14510000;13770000;13870000
02/19/2014;14850000;15730000;14120000;15500000
02/20/2014;15280000;15800000;14590000;14790000
02/21/2014;14740000;14790000;14190000;14680000
02/24/2014;14830000;14830000;13970000;14230000
02/25/2014;14170000;14830000;13660000;13670000
02/26/2014;13830000;14540000;13730000;14350000
02/27/2014;14560000;14690000;13920000;14040000
02/28/2014;14220000;14790000;13490000;14000000
03/03/2014;16470000;16780000;15380000;16000000
03/04/2014;14530000;14540000;14000000;14100000
03/05/2014;14130000;14320000;13810000;13890000
03/06/2014;13820000;14420000;13730000;14210000
03/07/2014;13510000;14430000;13510000;14110000
03/10/2014;14760000;15280000;14200000;14200000
03/11/2014;14220000;14930000;13840000;14800000
03/12/2014;15370000;15640000;14430000;14470000
03/13/2014;14280000;16660000;14240000;16220000
03/14/2014;16740000;18220000;16090000;17820000
03/17/2014;16390000;16400000;15370000;15640000
03/18/2014;15420000;15470000;14160000;14520000
03/19/2014;14560000;15950000;13890000;15120000
03/20/2014;15580000;15620000;14500000;14520000
03/21/2014;13960000;15170000;13770000;15000000
03/24/2014;14700000;16070000;14560000;15090000
03/25/2014;14160000;15050000;13960000;14020000
03/26/2014;13640000;15280000;13460000;14930000
03/27/2014;15000000;15630000;14490000;14620000
03/28/2014;14150000;14860000;13730000;14410000
03/31/2014;13880000;14160000;13570000;13880000
04/01/2014;13430000;13560000;13060000;13100000
04/02/2014;13170000;13350000;12920000;13090000
04/03/2014;13020000;13700000;13020000;13370000
04/04/2014;12880000;14550000;12600000;13960000
04/07/2014;14960000;16010000;14570000;15570000
04/08/2014;15590000;16200000;14810000;14890000
04/09/2014;14580000;14940000;13700000;13820000
04/10/2014;13980000;16380000;13810000;15890000
04/11/2014;16660000;17850000;15890000;17030000
04/14/2014;16140000;17400000;16100000;16110000
04/15/2014;16140000;17500000;15470000;15610000
04/16/2014;14890000;15270000;14050000;14180000
04/17/2014;14090000;14170000;13070000;13360000
04/21/2014;14100000;14110000;13170000;13250000
04/22/2014;13130000;13260000;12900000;13190000
04/23/2014;13350000;13750000;13270000;13270000
04/24/2014;13360000;14080000;13090000;13320000
04/25/2014;13930000;14670000;13910000;14060000
04/28/2014;14270000;15280000;13820000;13970000
04/29/2014;13880000;14240000;13610000;13710000
04/30/2014;14050000;14180000;13340000;13410000
05/01/2014;13640000;13750000;13100000;13250000
05/02/2014;13150000;13500000;12830000;12910000
05/05/2014;13950000;14200000;13080000;13290000
05/06/2014;13650000;13900000;13280000;13800000
05/07/2014;13640000;14490000;13390000;13400000
05/08/2014;13690000;13880000;12920000;13430000
05/09/2014;13550000;14030000;12870000;12920000
05/12/2014;12460000;12580000;11880000;12230000
05/13/2014;12360000;12740000;12050000;12130000
05/14/2014;12420000;12510000;12030000;12170000
05/15/2014;12730000;13770000;12720000;13170000
05/16/2014;13310000;13660000;12260000;12440000
05/19/2014;13170000;13210000;12280000;12420000
05/20/2014;12690000;13300000;12320000;12960000
05/21/2014;12380000;12460000;11800000;11910000
05/22/2014;11930000;12090000;11680000;12030000
05/23/2014;11960000;11970000;11360000;11360000
05/27/2014;11690000;11840000;11500000;11510000
05/28/2014;11600000;11860000;11500000;11680000
05/29/2014;11580000;11820000;11410000;11570000
05/30/2014;11660000;11700000;11320000;11400000
06/02/2014;11690000;12170000;11290000;11580000
06/03/2014;12030000;12130000;11720000;11870000
06/04/2014;12150000;12330000;11910000;12080000
06/05/2014;12090000;12340000;11440000;11680000
06/06/2014;11320000;11390000;10730000;10730000
06/09/2014;11230000;11510000;10990000;11150000
06/10/2014;11300000;11660000;10930000;10990000
06/11/2014;11420000;11870000;11190000;11600000
06/12/2014;11810000;12810000;11710000;12560000
06/13/2014;12450000;12690000;11890000;12180000
06/16/2014;12650000;12870000;12280000;12650000
06/17/2014;12810000;12890000;12060000;12060000
06/18/2014;11800000;11910000;10570000;10610000
06/19/2014;10530000;10820000;10420000;10620000
06/20/2014;10400000;11020000;10340000;10850000
06/23/2014;11260000;11350000;10920000;10980000
06/24/2014;11020000;12270000;10870000;12130000
06/25/2014;12310000;12330000;11370000;11590000
06/26/2014;11510000;12510000;11500000;11630000
06/27/2014;11720000;12040000;11190000;11260000
06/30/2014;11750000;11810000;11300000;11570000
07/01/2014;11280000;11420000;10920000;11150000
07/02/2014;11180000;11180000;10560000;10820000
07/03/2014;10470000;10760000;10280000;10320000
07/07/2014;11150000;11540000;11010000;11330000
07/08/2014;11720000;12510000;11720000;11980000
07/09/2014;11740000;12050000;11500000;11650000
07/10/2014;13220000;13230000;12050000;12590000
07/11/2014;12500000;12680000;12070000;12080000
07/14/2014;11600000;11830000;11400000;11820000
07/15/2014;11530000;12470000;11460000;11960000
07/16/2014;10810000;11450000;10590000;11000000
07/17/2014;11350000;15380000;10850000;14540000
07/18/2014;13340000;13550000;12040000;12060000
07/21/2014;12850000;13620000;12460000;12810000
07/22/2014;11970000;12240000;11690000;12240000
07/23/2014;11540000;12160000;11410000;11520000
07/24/2014;11430000;12060000;11430000;11840000
07/25/2014;12030000;12750000;12030000;12690000
07/28/2014;12930000;13640000;12540000;12560000
07/29/2014;12350000;13350000;12120000;13280000
07/30/2014;12630000;14070000;12530000;13330000
07/31/2014;14350000;17110000;14260000;16950000
08/01/2014;16670000;17570000;15520000;17030000
08/04/2014;16640000;16800000;14690000;15120000
08/05/2014;15540000;17140000;15100000;16870000
08/06/2014;17220000;17300000;15700000;16370000
08/07/2014;15500000;17250000;15440000;16660000
08/08/2014;16430000;17090000;15530000;15770000
08/11/2014;15160000;15160000;13720000;14230000
08/12/2014;14420000;14740000;13760000;14130000
08/13/2014;13570000;13930000;12840000;12900000
08/14/2014;13050000;13130000;12420000;12420000
08/15/2014;11910000;14940000;11890000;13150000
08/18/2014;12850000;12850000;12260000;12320000
08/19/2014;12140000;12460000;11910000;12210000
08/20/2014;12230000;12240000;11600000;11780000
08/21/2014;11930000;13510000;11520000;11760000
08/22/2014;11880000;12480000;11470000;11470000
08/25/2014;11580000;11770000;11240000;11700000
08/26/2014;11330000;11930000;11330000;11630000
08/27/2014;11690000;11930000;11540000;11780000
08/28/2014;12380000;12730000;12050000;12050000
08/29/2014;11860000;12440000;11780000;11980000
09/02/2014;12320000;13410000;12230000;12250000
09/03/2014;12030000;12550000;11910000;12360000
09/04/2014;12400000;12990000;11700000;12640000
09/05/2014;12370000;13180000;11960000;12090000
09/08/2014;12640000;13090000;12400000;12660000
09/09/2014;12700000;13910000;12700000;13500000
09/10/2014;13360000;14060000;12860000;12880000
09/11/2014;13530000;13670000;12660000;12800000
09/12/2014;12850000;14270000;12850000;13310000
09/15/2014;13540000;14190000;13540000;14120000
09/16/2014;14480000;14530000;12720000;12730000
09/17/2014;13060000;14530000;11730000;12650000
09/18/2014;12550000;12580000;11980000;12030000
09/19/2014;11730000;12610000;11520000;12110000
09/22/2014;13140000;13980000;13130000;13690000
09/23/2014;14820000;14940000;13830000;14930000
09/24/2014;14620000;14930000;13240000;13270000
09/25/2014;14110000;16690000;14030000;15640000
09/26/2014;15770000;15980000;14310000;14850000
09/29/2014;16960000;17080000;15450000;15980000
09/30/2014;15490000;16430000;15180000;16310000
10/01/2014;16440000;17560000;16080000;16710000
10/02/2014;16700000;17980000;15900000;16160000
10/03/2014;15160000;15430000;14440000;14550000
10/06/2014;14460000;15770000;14050000;15460000
10/07/2014;16180000;17460000;15970000;17200000
10/08/2014;17350000;18030000;14970000;15110000
10/09/2014;15640000;19380000;15340000;18760000
10/10/2014;19110000;22060000;18140000;21240000
10/13/2014;21160000;24640000;20520000;24640000
10/14/2014;23770000;24550000;21480000;22790000
10/15/2014;26360000;31060000;24640000;26250000
10/16/2014;29260000;29410000;24610000;25200000
10/17/2014;21680000;23080000;20230000;21990000
10/20/2014;22110000;22160000;18510000;18570000
10/21/2014;17720000;17750000;16030000;16080000
10/22/2014;16060000;18430000;15560000;17870000
10/23/2014;16070000;17060000;15680000;16530000
10/24/2014;16430000;18060000;16090000;16110000
10/27/2014;17240000;17870000;16000000;16040000
10/28/2014;15690000;15780000;14390000;14390000
10/29/2014;14610000;16280000;14190000;15150000
10/30/2014;15310000;15750000;14070000;14520000
10/31/2014;13840000;14830000;13720000;14030000
11/03/2014;14410000;14990000;14230000;14730000
11/04/2014;15050000;15930000;14830000;14890000
11/05/2014;14150000;14990000;14150000;14170000
11/06/2014;14460000;15080000;13670000;13670000
11/07/2014;13710000;14160000;13010000;13120000
11/10/2014;13160000;13250000;12380000;12670000
11/11/2014;12710000;13180000;12600000;12920000
11/12/2014;13760000;13760000;12990000;13020000
11/13/2014;13330000;14310000;12870000;13790000
11/14/2014;13790000;14150000;13310000;13310000
11/17/2014;14700000;14730000;13840000;13990000
11/18/2014;13860000;13990000;13130000;13860000
11/19/2014;14010000;14780000;13830000;13960000
11/20/2014;14660000;15740000;13580000;13580000
11/21/2014;13160000;13800000;12900000;12900000
11/24/2014;12920000;13020000;12430000;12620000
11/25/2014;12550000;13020000;12230000;12250000
11/26/2014;12270000;12400000;11910000;12070000
11/28/2014;12640000;13490000;12360000;13330000
12/01/2014;14160000;14750000;13940000;14290000
12/02/2014;14100000;14170000;12850000;12850000
12/03/2014;12750000;12880000;12210000;12470000
12/04/2014;12700000;13230000;12090000;12380000
12/05/2014;12080000;12280000;11530000;11820000
12/08/2014;13050000;14670000;12550000;14210000
12/09/2014;16230000;16680000;14840000;14890000
12/10/2014;15560000;18920000;15400000;18530000
12/11/2014;17680000;20130000;15940000;20080000
12/12/2014;20510000;23060000;18340000;21080000
12/15/2014;19590000;24830000;17770000;20420000
12/16/2014;23550000;25200000;19600000;23570000
12/17/2014;23900000;24610000;19260000;19440000
12/18/2014;17140000;18510000;16070000;16810000
12/19/2014;16570000;17200000;16110000;16490000
12/22/2014;16320000;16880000;15030000;15250000
12/23/2014;14470000;15210000;14320000;14800000
12/24/2014;14520000;14540000;14010000;14370000
12/26/2014;14600000;14840000;14130000;14500000
12/29/2014;16040000;16140000;15060000;15060000
12/30/2014;15900000;16200000;15480000;15920000
12/31/2014;15910000;19910000;15860000;19200000
01/02/2015;17760000;20140000;17050000;17790000
01/05/2015;19190000;21290000;19190000;19920000
01/06/2015;20330000;22900000;19520000;21120000
01/07/2015;20150000;20720000;19040000;19310000
01/08/2015;17930000;18090000;16990000;17010000
01/09/2015;16440000;18420000;16440000;17550000
01/12/2015;18020000;20440000;18020000;19600000
01/13/2015;18210000;21580000;17650000;20560000
01/14/2015;22870000;23340000;21320000;21480000
01/15/2015;21230000;23310000;20860000;22390000
01/16/2015;22800000;23430000;20950000;20950000
01/20/2015;20070000;21370000;19580000;19890000
01/21/2015;20920000;21280000;18640000;18850000
01/22/2015;17980000;19230000;16070000;16400000
01/23/2015;16790000;17090000;15810000;16660000
01/26/2015;16960000;17430000;15520000;15520000
01/27/2015;17600000;18410000;16670000;17220000
01/28/2015;16970000;20440000;16920000;20440000
01/29/2015;20460000;21560000;18660000;18760000
01/30/2015;20230000;22180000;19240000;20970000
02/02/2015;20890000;22810000;19350000;19430000
02/03/2015;18410000;18890000;17200000;17330000
02/04/2015;17820000;18380000;16820000;18330000
02/05/2015;17290000;17430000;16670000;16850000
02/06/2015;16290000;18740000;16060000;17290000
02/09/2015;19160000;19280000;18210000;18550000
02/10/2015;17720000;18360000;16970000;17230000
02/11/2015;17430000;17810000;16820000;16960000
02/12/2015;16390000;16470000;15280000;15340000
02/13/2015;15110000;15640000;14690000;14690000
02/17/2015;15860000;16330000;15530000;15800000
02/18/2015;16740000;16740000;15440000;15450000
02/19/2015;16110000;16220000;15100000;15290000
02/20/2015;15730000;16290000;14270000;14300000
02/23/2015;15050000;15480000;14490000;14560000
02/24/2015;14500000;14630000;13530000;13690000
02/25/2015;13640000;14060000;12860000;13840000
02/26/2015;13550000;14570000;13550000;13910000
02/27/2015;14070000;14170000;13290000;13340000
03/02/2015;13900000;13900000;12870000;13040000
03/03/2015;13350000;14690000;13250000;13860000
03/04/2015;14310000;15330000;14130000;14230000
03/05/2015;14010000;14580000;13880000;14040000
03/06/2015;14610000;15830000;14180000;15200000
03/09/2015;15720000;15760000;14710000;15060000
03/10/2015;16470000;16910000;16030000;16690000
03/11/2015;16440000;17190000;16290000;16870000
03/12/2015;16450000;16450000;15300000;15420000
03/13/2015;15470000;16740000;15320000;16000000
03/16/2015;15780000;15890000;15360000;15610000
03/17/2015;16310000;16370000;15660000;15660000
03/18/2015;14600000;16290000;13380000;13970000
03/19/2015;14680000;14970000;13840000;14070000
03/20/2015;13520000;13530000;12540000;13020000
03/23/2015;13520000;13530000;12890000;13410000
03/24/2015;13360000;13680000;12590000;13620000
03/25/2015;13260000;15550000;13200000;15440000
03/26/2015;16640000;17190000;15230000;15800000
03/27/2015;15730000;15830000;14190000;15070000
03/30/2015;14760000;14760000;14080000;14510000
03/31/2015;14970000;15740000;14330000;15290000
04/01/2015;15320000;16660000;15080000;15110000
04/02/2015;15300000;15510000;14270000;14670000
04/06/2015;15750000;15760000;14040000;14740000
04/07/2015;14570000;14810000;14010000;14780000
04/08/2015;14590000;14770000;13750000;13980000
04/09/2015;14140000;14590000;13090000;13090000
04/10/2015;13200000;13260000;12510000;12580000
04/13/2015;13170000;14310000;12710000;13940000
04/14/2015;14340000;14740000;13640000;13670000
04/15/2015;13580000;13580000;12830000;12840000
04/16/2015;13270000;13350000;12500000;12600000
04/17/2015;13970000;15020000;13730000;13890000
04/20/2015;13670000;13670000;12830000;13300000
04/21/2015;12750000;13510000;12660000;13250000
04/22/2015;12970000;13800000;12570000;12710000
04/23/2015;12960000;12960000;12120000;12480000
04/24/2015;12210000;13020000;12160000;12290000
04/27/2015;12340000;13400000;12330000;13120000
04/28/2015;13260000;14230000;12410000;12410000
04/29/2015;13440000;14340000;12610000;13390000
04/30/2015;13890000;15290000;12490000;14550000
05/01/2015;13980000;13980000;12680000;12700000
05/04/2015;13120000;13180000;12100000;12850000
05/05/2015;13210000;14410000;12970000;14310000
05/06/2015;13930000;16360000;13890000;15150000
05/07/2015;15480000;15970000;14810000;15130000
05/08/2015;13360000;13420000;12700000;12860000
05/11/2015;13350000;13850000;13000000;13850000
05/12/2015;14730000;15130000;13730000;13860000
05/13/2015;13630000;14040000;13060000;13760000
05/14/2015;13140000;13290000;12720000;12740000
05/15/2015;12460000;13090000;12350000;12380000
05/18/2015;13080000;13220000;12550000;12730000
05/19/2015;12950000;13130000;12550000;12850000
05/20/2015;12900000;13270000;12620000;12880000
05/21/2015;13030000;13090000;12090000;12110000
05/22/2015;12370000;12370000;11820000;12130000
05/26/2015;13450000;14630000;13340000;14060000
05/27/2015;14160000;14410000;13050000;13270000
05/28/2015;13490000;13990000;13310000;13310000
05/29/2015;13590000;14430000;13400000;13840000
06/01/2015;13920000;14860000;13470000;13970000
06/02/2015;14720000;15050000;13590000;14240000
06/03/2015;13730000;14200000;13400000;13660000
06/04/2015;14570000;15490000;13990000;14710000
06/05/2015;15010000;15650000;14210000;14210000
06/08/2015;14840000;15500000;14670000;15290000
06/09/2015;15180000;15740000;14470000;14470000
06/10/2015;14240000;14370000;12960000;13220000
06/11/2015;13040000;13220000;12560000;12850000
06/12/2015;13310000;14020000;13300000;13780000
06/15/2015;15480000;15570000;14910000;15390000
06/16/2015;15620000;15620000;14810000;14810000
06/17/2015;14660000;15490000;14070000;14500000
06/18/2015;14030000;14030000;12540000;13190000
06/19/2015;13350000;14000000;12960000;13960000
06/22/2015;13420000;13460000;12430000;12740000
06/23/2015;12500000;12680000;11930000;12110000
06/24/2015;12570000;13330000;12010000;13260000
06/25/2015;12960000;14160000;12920000;14010000
06/26/2015;14130000;14910000;13640000;14020000
06/29/2015;16700000;19500000;15820000;18850000
06/30/2015;17600000;19800000;17490000;18230000
07/01/2015;16630000;17260000;15650000;16090000
07/02/2015;15430000;17480000;15390000;16790000
07/06/2015;18650000;18950000;16570000;17010000
07/07/2015;17220000;19200000;15930000;16090000
07/08/2015;17380000;19760000;16940000;19660000
07/09/2015;17460000;20050000;17200000;19970000
07/10/2015;17450000;18170000;16600000;16830000
07/13/2015;15290000;15360000;13820000;13900000
07/14/2015;13910000;13950000;12900000;13370000
07/15/2015;13350000;13970000;12810000;13230000
07/16/2015;12590000;12610000;11870000;12110000
07/17/2015;11770000;12220000;11770000;11950000
07/20/2015;12250000;12370000;11710000;12250000
07/21/2015;12420000;12790000;12210000;12220000
07/22/2015;12770000;12830000;12050000;12120000
07/23/2015;12060000;13080000;11730000;12640000
07/24/2015;12870000;14730000;12860000;13740000
07/27/2015;15600000;16270000;15030000;15600000
07/28/2015;14870000;15620000;13320000;13440000
07/29/2015;13570000;13590000;11850000;12500000
07/30/2015;12720000;13420000;12090000;12130000
07/31/2015;12030000;12630000;11820000;12120000
08/03/2015;12850000;13550000;12320000;12560000
08/04/2015;12660000;13220000;12290000;13000000
08/05/2015;12020000;12720000;10880000;12510000
08/06/2015;12200000;14250000;12160000;13770000
08/07/2015;13570000;14580000;13290000;13390000
08/10/2015;12730000;12780000;12180000;12230000
08/11/2015;13240000;14330000;13020000;13710000
08/12/2015;15190000;16280000;13450000;13610000
08/13/2015;13870000;14330000;13060000;13490000
08/14/2015;13690000;13870000;12800000;12830000
08/17/2015;14320000;14520000;13010000;13020000
08/18/2015;13410000;13940000;13170000;13790000
08/19/2015;14840000;15960000;13730000;15250000
08/20/2015;16550000;19240000;16130000;19140000
08/21/2015;22550000;28380000;20800000;28030000
08/24/2015;28030000;53290000;28030000;40740000
08/25/2015;31130000;38060000;28080000;36020000
08/26/2015;31130000;35620000;28670000;30320000
08/27/2015;27110000;29900000;24490000;26100000
08/28/2015;26690000;29200000;25770000;26050000
08/31/2015;27030000;29370000;26630000;28430000
09/01/2015;31910000;33820000;29910000;31400000
09/02/2015;29140000;30450000;24770000;26090000
09/03/2015;25210000;26310000;23450000;25610000
09/04/2015;27430000;29470000;25680000;27800000
09/08/2015;25050000;26250000;24130000;24900000
09/09/2015;22390000;26820000;21510000;26230000
09/10/2015;26870000;27220000;23530000;24370000
09/11/2015;25380000;25810000;23150000;23200000
09/14/2015;24030000;25320000;23640000;24250000
09/15/2015;23280000;23770000;22130000;22540000
09/16/2015;22570000;22940000;21090000;21350000
09/17/2015;21540000;23330000;17870000;21140000
09/18/2015;23070000;23990000;20980000;22280000
09/21/2015;21970000;22480000;20050000;20140000
09/22/2015;22970000;26290000;22250000;22440000
09/23/2015;22090000;23200000;21140000;22130000
09/24/2015;23530000;25300000;21810000;23470000
09/25/2015;21120000;24290000;20810000;23620000
09/28/2015;25020000;28330000;24940000;27630000
09/29/2015;26570000;28200000;25760000;26830000
09/30/2015;24640000;25880000;23250000;24500000
10/01/2015;23140000;25230000;22550000;22550000
10/02/2015;23990000;24470000;20350000;20940000
10/05/2015;20310000;20420000;19140000;19540000
10/06/2015;19540000;20320000;18820000;19400000
10/07/2015;18960000;19730000;18330000;18400000
10/08/2015;18620000;19020000;16340000;17420000
10/09/2015;17150000;18200000;16890000;17080000
10/12/2015;17680000;17810000;16150000;16170000
10/13/2015;17080000;17700000;16140000;17670000
10/14/2015;17670000;18780000;17300000;18030000
10/15/2015;17620000;17850000;16040000;16050000
10/16/2015;15640000;16860000;15050000;15050000
10/19/2015;15680000;16230000;14820000;14980000
10/20/2015;15170000;16340000;14720000;15750000
10/21/2015;14980000;16700000;14410000;16700000
10/22/2015;15020000;15920000;14450000;14450000
10/23/2015;13460000;15120000;13240000;14460000
10/26/2015;14760000;15430000;14680000;15290000
10/27/2015;15750000;15990000;14780000;15430000
10/28/2015;15140000;15730000;12800000;14330000
10/29/2015;14800000;15460000;14330000;14610000
10/30/2015;14600000;15390000;14000000;15070000
11/02/2015;15410000;15510000;13670000;14150000
11/03/2015;14330000;14730000;13810000;14540000
11/04/2015;14040000;15880000;13960000;15510000
11/05/2015;15390000;16390000;15000000;15050000
11/06/2015;14910000;16000000;14320000;14330000
11/09/2015;15340000;17090000;15140000;16520000
11/10/2015;16690000;16960000;15240000;15290000
11/11/2015;15070000;16150000;15020000;16060000
11/12/2015;17060000;18500000;16650000;18370000
11/13/2015;18680000;20670000;18200000;20080000
11/16/2015;20510000;20550000;17250000;18160000
11/17/2015;17820000;19590000;16860000;18840000
11/18/2015;19010000;19450000;16800000;16850000
11/19/2015;16250000;18260000;16000000;16990000
11/20/2015;16130000;16380000;15470000;15470000
11/23/2015;16150000;16740000;15380000;15620000
11/24/2015;16530000;17210000;15480000;15930000
11/25/2015;15550000;15890000;15050000;15190000
11/27/2015;15310000;16090000;15120000;15120000
11/30/2015;15550000;16570000;15520000;16130000
12/01/2015;15610000;16340000;14630000;14670000
12/02/2015;15040000;16490000;14710000;15910000
12/03/2015;15870000;19350000;15860000;18110000
12/04/2015;17430000;17650000;14690000;14810000
12/07/2015;15650000;17180000;15580000;15840000
12/08/2015;17690000;18330000;16520000;17600000
12/09/2015;18050000;20130000;15720000;19610000
12/10/2015;19250000;19720000;18130000;19340000
12/11/2015;21360000;25270000;20880000;24390000
12/14/2015;24700000;26810000;21470000;22730000
12/15/2015;20760000;21620000;20020000;20950000
12/16/2015;19250000;20240000;17120000;17860000
12/17/2015;16180000;19050000;16130000;18940000
12/18/2015;19340000;23300000;18750000;20700000
12/21/2015;19640000;20210000;18700000;18700000
12/22/2015;17610000;18220000;16600000;16600000
12/23/2015;15860000;16250000;15330000;15570000
12/24/2015;15440000;15880000;14450000;15740000
12/28/2015;17650000;18130000;16880000;16910000
12/29/2015;15910000;16480000;15630000;16080000
12/30/2015;16500000;17420000;16500000;17290000
12/31/2015;17970000;20390000;17510000;18210000
01/04/2016;22480000;23360000;20670000;20700000
01/05/2016;20750000;21060000;19250000;19340000
01/06/2016;21670000;21860000;19800000;20590000
01/07/2016;23220000;25860000;22400000;24990000
01/08/2016;22960000;27080000;22480000;27010000
01/11/2016;25580000;27390000;23830000;24300000
01/12/2016;22970000;23930000;21910000;22470000
01/13/2016;21720000;26110000;21440000;25220000
01/14/2016;24750000;26280000;23070000;23950000
01/15/2016;28960000;30950000;26670000;27020000
01/19/2016;25400000;27590000;25210000;26050000
01/20/2016;27780000;32090000;26590000;27590000
01/21/2016;27790000;28430000;25010000;26690000
01/22/2016;24210000;24550000;22220000;22340000
01/25/2016;23300000;24310000;22380000;24150000
01/26/2016;23750000;24020000;22330000;22500000
01/27/2016;22880000;27220000;20420000;23110000
01/28/2016;22150000;23810000;21900000;22420000
01/29/2016;21590000;21740000;19500000;20200000
02/01/2016;21320000;23660000;19610000;19980000
02/02/2016;21340000;22420000;21060000;21980000
02/03/2016;21490000;27700000;21420000;21650000
02/04/2016;22290000;23140000;21240000;21840000
02/05/2016;22090000;24110000;21910000;23380000
02/08/2016;25890000;27720000;25560000;26000000
02/09/2016;28300000;28310000;25990000;26540000
02/10/2016;25750000;26600000;24470000;26290000
02/11/2016;29010000;30900000;26670000;28140000
02/12/2016;27160000;27570000;24920000;25400000
02/16/2016;24960000;25520000;23320000;24110000
02/17/2016;23400000;24160000;21830000;22310000
02/18/2016;22160000;22530000;21290000;21640000
02/19/2016;22390000;23440000;20520000;20530000
02/22/2016;20140000;20350000;19020000;19380000
02/23/2016;19750000;21160000;19540000;20980000
02/24/2016;22280000;22870000;20260000;20720000
02/25/2016;20540000;21260000;19100000;19110000
02/26/2016;18890000;20130000;18460000;19810000
02/29/2016;20490000;20810000;18380000;20550000
03/01/2016;19840000;20170000;17660000;17700000
03/02/2016;17980000;18410000;16780000;17090000
03/03/2016;17250000;17560000;16320000;16700000
03/04/2016;16480000;17350000;16050000;16860000
03/07/2016;17980000;18040000;16870000;17350000
03/08/2016;18380000;18890000;17820000;18670000
03/09/2016;18560000;19110000;18310000;18340000
03/10/2016;18170000;19590000;17060000;18050000
03/11/2016;17090000;17270000;16280000;16500000
03/14/2016;17010000;17670000;16690000;16920000
03/15/2016;17600000;17850000;16840000;16840000
03/16/2016;15960000;16330000;14890000;14990000
03/17/2016;15340000;15380000;13820000;14440000
03/18/2016;14050000;14360000;13750000;14020000
03/21/2016;14570000;14730000;13790000;13790000
03/22/2016;14570000;14760000;13750000;14170000
03/23/2016;14570000;15030000;14330000;14940000
03/24/2016;16300000;16440000;14710000;14740000
03/28/2016;15650000;16040000;14890000;15240000
03/29/2016;15740000;15890000;13790000;13820000
03/30/2016;13690000;13890000;13060000;13560000
03/31/2016;13730000;14280000;13490000;13950000
04/01/2016;15230000;15280000;13000000;13100000
04/04/2016;13880000;14240000;13660000;14120000
04/05/2016;15390000;15720000;14930000;15420000
04/06/2016;15610000;15980000;14000000;14090000
04/07/2016;15140000;16770000;14680000;16160000
04/08/2016;15340000;15930000;14840000;15360000
04/11/2016;15340000;16260000;14830000;16260000
04/12/2016;15980000;16570000;14840000;14850000
04/13/2016;14490000;14530000;13600000;13840000
04/14/2016;13900000;14120000;13380000;13720000
04/15/2016;13770000;14190000;13580000;13620000
04/18/2016;14870000;14940000;13230000;13350000
04/19/2016;13180000;13880000;12980000;13240000
04/20/2016;13390000;13500000;12500000;13280000
04/21/2016;13200000;14140000;13160000;13950000
04/22/2016;13700000;14190000;13150000;13220000
04/25/2016;14070000;14760000;13860000;14080000
04/26/2016;14010000;14430000;13660000;13960000
04/27/2016;14150000;14950000;13500000;13770000
04/28/2016;14530000;15610000;13300000;15220000
04/29/2016;15210000;17090000;14910000;15700000
05/02/2016;16330000;16500000;14480000;14680000
05/03/2016;14920000;16420000;14910000;15600000
05/04/2016;15470000;16850000;15390000;16050000
05/05/2016;15540000;16450000;15220000;15910000
05/06/2016;16200000;16580000;14710000;14720000
05/09/2016;15200000;15390000;14170000;14570000
05/10/2016;13980000;14350000;13550000;13630000
05/11/2016;13920000;14690000;13290000;14690000
05/12/2016;14550000;15420000;13950000;14410000
05/13/2016;15150000;15470000;13970000;15040000
05/16/2016;15720000;15980000;14280000;14680000
05/17/2016;14570000;16120000;14480000;15570000
05/18/2016;15720000;16470000;14860000;15950000
05/19/2016;16370000;17650000;16280000;16330000
05/20/2016;16130000;16300000;15110000;15200000
05/23/2016;16330000;16470000;15400000;15820000
05/24/2016;16030000;16060000;14360000;14420000
05/25/2016;14190000;14330000;13640000;13900000
05/26/2016;13800000;14110000;13430000;13430000
05/27/2016;13490000;13760000;13040000;13120000
05/31/2016;13940000;15000000;13450000;14190000
06/01/2016;14450000;15250000;14180000;14200000
06/02/2016;14420000;14920000;13620000;13630000
06/03/2016;13780000;14660000;12900000;13470000
06/06/2016;13840000;14270000;13420000;13650000
06/07/2016;12770000;14050000;12720000;14050000
06/08/2016;13840000;14270000;13700000;14080000
06/09/2016;14010000;14850000;13990000;14640000
06/10/2016;14890000;17330000;14850000;17030000
06/13/2016;18240000;21010000;17890000;20970000
06/14/2016;21280000;22160000;20270000;20500000
06/15/2016;20250000;20450000;18630000;20140000
06/16/2016;20800000;22890000;19240000;19370000
06/17/2016;19420000;20030000;18710000;19410000
06/20/2016;17420000;18550000;16590000;18370000
06/21/2016;17670000;18960000;16910000;18480000
06/22/2016;18260000;21220000;17830000;21170000
06/23/2016;19540000;19790000;17250000;17250000
06/24/2016;26060000;26240000;19480000;25760000
06/27/2016;24380000;26720000;22930000;23850000
06/28/2016;21760000;22070000;18750000;18750000
06/29/2016;18120000;18270000;16480000;16640000
06/30/2016;16910000;16990000;15290000;15630000
07/01/2016;15590000;15860000;14610000;14770000
07/05/2016;16050000;16620000;15490000;15580000
07/06/2016;15870000;17040000;14960000;14960000
07/07/2016;14800000;15980000;14330000;14760000
07/08/2016;14640000;14750000;13190000;13200000
07/11/2016;13250000;13670000;13000000;13540000
07/12/2016;12930000;13930000;12750000;13550000
07/13/2016;13320000;13790000;12920000;13040000
07/14/2016;12500000;13370000;12140000;12820000
07/15/2016;13120000;13220000;12270000;12670000
07/18/2016;12750000;13120000;12330000;12440000
07/19/2016;12530000;12830000;11940000;11970000
07/20/2016;11940000;11970000;11400000;11770000
07/21/2016;11800000;13060000;11690000;12740000
07/22/2016;12800000;12880000;11970000;12020000
07/25/2016;12640000;13720000;12390000;12870000
07/26/2016;12880000;13500000;12800000;13050000
07/27/2016;12610000;13740000;12500000;12830000
07/28/2016;12510000;13520000;12360000;12720000
07/29/2016;12850000;12900000;11770000;11870000
08/01/2016;11890000;12980000;11860000;12440000
08/02/2016;12390000;14240000;12350000;13370000
08/03/2016;13530000;13910000;12730000;12860000
08/04/2016;12730000;12980000;11790000;12420000
08/05/2016;12080000;12260000;11180000;11390000
08/08/2016;11660000;11780000;11410000;11500000
08/09/2016;11400000;11920000;11020000;11660000
08/10/2016;11550000;12500000;11370000;12050000
08/11/2016;11930000;12110000;11380000;11680000
08/12/2016;11610000;12000000;11280000;11550000
08/15/2016;11810000;12170000;11580000;11810000
08/16/2016;12040000;12780000;11870000;12640000
08/17/2016;12570000;13710000;12140000;12190000
08/18/2016;12200000;12530000;11420000;11430000
08/19/2016;11670000;12280000;11330000;11340000
08/22/2016;12530000;13020000;11940000;12270000
08/23/2016;12150000;12440000;11720000;12380000
08/24/2016;12700000;14010000;12300000;13450000
08/25/2016;13620000;14090000;13290000;13630000
08/26/2016;13540000;14930000;12130000;13650000
08/29/2016;14090000;14430000;12900000;12940000
08/30/2016;12940000;13600000;12700000;13120000
08/31/2016;13140000;14340000;12970000;13420000
09/01/2016;13070000;14610000;12990000;13480000
09/02/2016;13470000;13900000;11900000;11980000
09/06/2016;12420000;12930000;11850000;12020000
09/07/2016;11890000;12450000;11770000;11940000
09/08/2016;11740000;12600000;11650000;12510000
09/09/2016;12520000;17540000;12520000;17500000
09/12/2016;20130000;20510000;14760000;15160000
09/13/2016;15980000;18970000;15830000;17850000
09/14/2016;17630000;18140000;16340000;18140000
09/15/2016;17970000;18070000;15740000;16300000
09/16/2016;16410000;17100000;15280000;15370000
09/19/2016;15140000;15960000;14600000;15530000
09/20/2016;14980000;16090000;14690000;15920000
09/21/2016;15070000;15650000;12980000;13300000
09/22/2016;13390000;13390000;11760000;12020000
09/23/2016;12000000;12580000;11930000;12290000
09/26/2016;13260000;14630000;13260000;14500000
09/27/2016;13360000;14760000;12970000;13100000
09/28/2016;12900000;13570000;12240000;12390000
09/29/2016;12530000;15690000;12140000;14020000
09/30/2016;14910000;15200000;12530000;13290000
10/03/2016;13750000;14420000;13420000;13570000
10/04/2016;13400000;14570000;12920000;13630000
10/05/2016;13560000;13680000;12700000;12990000
10/06/2016;13110000;13840000;12800000;12840000
10/07/2016;13520000;14150000;12210000;13480000
10/10/2016;14190000;14360000;13290000;13380000
10/11/2016;13710000;16470000;13690000;15360000
10/12/2016;15530000;16340000;15260000;15910000
10/13/2016;16880000;17950000;16140000;16690000
10/14/2016;16490000;16500000;15250000;16120000
10/17/2016;17010000;17110000;16130000;16210000
10/18/2016;15820000;15850000;15030000;15280000
10/19/2016;15450000;15680000;13870000;14410000
10/20/2016;14430000;14720000;13740000;13750000
10/21/2016;14040000;14530000;13270000;13340000
10/24/2016;13190000;13260000;12830000;13020000
10/25/2016;12910000;13860000;12730000;13460000
10/26/2016;13660000;14800000;13660000;14240000
10/27/2016;14370000;15430000;13600000;15360000
10/28/2016;15670000;17350000;14650000;16190000
10/31/2016;16310000;17630000;16250000;17060000
11/01/2016;16540000;20430000;16510000;18560000
11/02/2016;19090000;19820000;18560000;19320000
11/03/2016;19850000;22570000;18840000;22080000
11/04/2016;21860000;23010000;19200000;22510000
11/07/2016;19780000;19860000;18390000;18710000
11/08/2016;18920000;19910000;17700000;18740000
11/09/2016;20700000;21480000;14330000;14380000
11/10/2016;14010000;16300000;13260000;14740000
11/11/2016;14830000;16000000;14150000;14170000
11/14/2016;14690000;15560000;14390000;14480000
11/15/2016;14160000;14650000;13300000;13370000
11/16/2016;13510000;14490000;13510000;13720000
11/17/2016;13370000;13550000;12970000;13350000
11/18/2016;13560000;13740000;12850000;12850000
11/21/2016;13270000;13440000;12160000;12420000
11/22/2016;12260000;12830000;12200000;12410000
11/23/2016;12340000;13010000;12190000;12430000
11/25/2016;12520000;12740000;12310000;12340000
11/28/2016;13400000;13500000;12740000;13150000
11/29/2016;13070000;13550000;12620000;12900000
11/30/2016;12600000;13420000;12230000;13330000
12/01/2016;13400000;14720000;13050000;14070000
12/02/2016;14160000;14480000;12390000;14120000
12/05/2016;13750000;13770000;12140000;12140000
12/06/2016;12190000;12300000;11540000;11790000
12/07/2016;11590000;12240000;11330000;12220000
12/08/2016;12100000;13400000;11300000;12640000
12/09/2016;12590000;12720000;11670000;11750000
12/12/2016;12230000;12780000;12070000;12640000
12/13/2016;12460000;13420000;12340000;12720000
12/14/2016;12880000;13390000;12480000;13190000
12/15/2016;13070000;13240000;12460000;12790000
12/16/2016;12880000;12950000;12150000;12200000
12/19/2016;12500000;12520000;11670000;11710000
12/20/2016;11650000;11750000;11380000;11450000
12/21/2016;11440000;11490000;10930000;11270000
12/22/2016;11320000;11670000;11140000;11430000
12/23/2016;11380000;11810000;11350000;11440000
12/27/2016;12260000;12330000;11840000;11990000
12/28/2016;11890000;13040000;11850000;12950000
12/29/2016;13150000;13710000;12950000;13370000
12/30/2016;13200000;14680000;13050000;14040000
01/03/2017;14070000;14070000;12850000;12850000
01/04/2017;12780000;12800000;11630000;11850000
01/05/2017;11960000;12090000;11400000;11670000
01/06/2017;11700000;11740000;10980000;11320000
01/09/2017;11710000;12080000;11460000;11560000
01/10/2017;11590000;11790000;11310000;11490000
01/11/2017;11560000;12230000;11210000;11260000
01/12/2017;11480000;12600000;11320000;11540000
01/13/2017;11450000;11620000;10940000;11230000
01/17/2017;12200000;12750000;11790000;11870000
01/18/2017;11790000;12810000;11690000;12480000
01/19/2017;12580000;13280000;12170000;12780000
01/20/2017;12580000;12590000;11530000;11540000
01/23/2017;12300000;12620000;11590000;11770000
01/24/2017;11820000;11890000;11040000;11070000
01/25/2017;10790000;11050000;10510000;10810000
01/26/2017;10610000;11010000;10600000;10630000
01/27/2017;10570000;10820000;10300000;10580000
01/30/2017;11100000;12900000;11100000;11880000
01/31/2017;12290000;12990000;11790000;11990000
02/01/2017;11790000;12050000;9970000;11810000
02/02/2017;12370000;12470000;11620000;11930000
02/03/2017;11840000;11840000;10720000;10970000
02/06/2017;11370000;11840000;11090000;11370000
02/07/2017;11390000;11670000;11060000;11290000
02/08/2017;11190000;11820000;11150000;11450000
02/09/2017;11440000;11530000;10740000;10880000
02/10/2017;10850000;10950000;10550000;10850000
02/13/2017;11360000;11400000;11070000;11070000
02/14/2017;11170000;11340000;10730000;10740000
02/15/2017;10840000;12010000;10800000;11970000
02/16/2017;12020000;12860000;11690000;11760000
02/17/2017;11840000;12260000;11370000;11490000
02/21/2017;12050000;12090000;11500000;11570000
02/22/2017;11480000;12070000;11440000;11740000
02/23/2017;11660000;12460000;11540000;11710000
02/24/2017;11810000;12590000;11340000;11470000
02/27/2017;11780000;12140000;11530000;12090000
02/28/2017;12190000;12960000;12130000;12920000
03/01/2017;12310000;12580000;11780000;12540000
03/02/2017;12430000;12710000;11320000;11810000
03/03/2017;11960000;11970000;10940000;10960000
03/06/2017;11590000;11720000;11060000;11240000
03/07/2017;11270000;11580000;11040000;11450000
03/08/2017;11490000;11860000;11090000;11860000
03/09/2017;11750000;12430000;11620000;12300000
03/10/2017;11970000;12090000;11460000;11660000
03/13/2017;12160000;12230000;11290000;11350000
03/14/2017;11390000;12540000;11280000;12300000
03/15/2017;12120000;12250000;10600000;11630000
03/16/2017;11290000;11550000;11160000;11210000
03/17/2017;11380000;11380000;10780000;11280000
03/20/2017;11710000;11720000;11030000;11340000
03/21/2017;11150000;12850000;10920000;12470000
03/22/2017;12950000;13160000;11990000;12810000
03/23/2017;12650000;13170000;12180000;13120000
03/24/2017;12860000;14160000;12270000;12960000
03/27/2017;14780000;15110000;12480000;12500000
03/28/2017;12440000;12670000;11340000;11530000
03/29/2017;11540000;11700000;11030000;11420000
03/30/2017;11370000;11640000;11120000;11540000
03/31/2017;11610000;12540000;11500000;12370000
04/03/2017;12590000;13590000;12270000;12380000
04/04/2017;12710000;13070000;11700000;11790000
04/05/2017;11890000;12890000;10900000;12890000
04/06/2017;13110000;13220000;11700000;12390000
04/07/2017;13170000;13430000;12230000;12870000
04/10/2017;13240000;14110000;12940000;14050000
04/11/2017;14320000;15880000;14170000;15070000
04/12/2017;15160000;16160000;14840000;15770000
04/13/2017;15890000;16220000;14970000;15960000
04/17/2017;16190000;16280000;14600000;14660000
04/18/2017;14500000;15500000;14290000;14420000
04/19/2017;14000000;15150000;13460000;14930000
04/20/2017;14590000;14810000;13830000;14150000
04/21/2017;13850000;15330000;13850000;14630000
04/24/2017;11560000;12010000;10820000;10840000
04/25/2017;10810000;11150000;10220000;10760000
04/26/2017;10610000;10890000;10390000;10850000
04/27/2017;10720000;11080000;10330000;10360000
04/28/2017;10390000;11160000;10290000;10820000
05/01/2017;10920000;11040000;9900000;10110000
05/02/2017;10150000;10590000;10040000;10590000
05/03/2017;10560000;11150000;10400000;10680000
05/04/2017;10710000;11240000;10270000;10460000
05/05/2017;10510000;10980000;9990000;10570000
05/08/2017;10530000;10550000;9670000;9770000
05/09/2017;9870000;10140000;9560000;9960000
05/10/2017;9750000;10240000;9620000;10210000
05/11/2017;10340000;11230000;10320000;10600000
05/12/2017;10720000;10870000;10280000;10400000
05/15/2017;10540000;10880000;10250000;10420000
05/16/2017;10460000;10670000;10180000;10650000
05/17/2017;11890000;15590000;11530000;15590000
05/18/2017;14060000;16300000;14030000;14660000
05/19/2017;14230000;14230000;11720000;12040000
05/22/2017;12290000;12520000;10890000;10930000
05/23/2017;11000000;11000000;10560000;10720000
05/24/2017;10610000;10900000;9880000;10020000
05/25/2017;9820000;10290000;9720000;9990000
05/26/2017;9930000;10480000;9650000;9810000
05/30/2017;10610000;10840000;10140000;10380000
05/31/2017;10100000;11300000;9930000;10410000
06/01/2017;10420000;10540000;9690000;9890000
06/02/2017;10080000;10300000;9580000;9750000
06/05/2017;10080000;10280000;9600000;10070000
06/06/2017;10190000;10770000;9860000;10450000
06/07/2017;10480000;10930000;10120000;10390000
06/08/2017;10270000;10530000;9730000;10160000
06/09/2017;9930000;12110000;9370000;10700000
06/12/2017;11190000;12370000;11190000;11460000
06/13/2017;11120000;11140000;10260000;10420000
06/14/2017;10330000;11260000;10010000;10640000
06/15/2017;11060000;12010000;10740000;10900000
06/16/2017;10630000;11350000;10260000;10380000
06/19/2017;10570000;10600000;10010000;10370000
06/20/2017;10280000;11150000;10240000;10860000
06/21/2017;11030000;11400000;10400000;10750000
06/22/2017;10810000;11010000;10240000;10480000
06/23/2017;10250000;10690000;9850000;10020000
06/26/2017;10130000;10440000;9680000;9900000
06/27/2017;10040000;11310000;9800000;11060000
06/28/2017;11170000;11490000;9760000;10030000
06/29/2017;9790000;15160000;9730000;11440000
06/30/2017;11740000;11850000;10400000;11180000
07/03/2017;11070000;11450000;10280000;11220000
07/05/2017;11200000;12030000;10790000;11070000
07/06/2017;11200000;13050000;11180000;12540000
07/07/2017;12480000;12570000;10980000;11190000
07/10/2017;11260000;11730000;10610000;11110000
07/11/2017;10790000;12140000;10680000;10890000
07/12/2017;10850000;10850000;10080000;10300000
07/13/2017;10070000;10400000;9900000;9900000
07/14/2017;10090000;10140000;9500000;9510000
07/17/2017;9770000;10030000;9710000;9820000
07/18/2017;9860000;10350000;9660000;9890000
07/19/2017;9690000;9940000;9580000;9790000
07/20/2017;9660000;10280000;9500000;9580000
07/21/2017;9520000;9980000;9300000;9360000
07/24/2017;9940000;9970000;9260000;9430000
07/25/2017;9400000;9520000;9040000;9430000
07/26/2017;9250000;9660000;8840000;9600000
07/27/2017;9330000;11500000;9160000;10110000
07/28/2017;10620000;11300000;10260000;10290000
07/31/2017;10530000;10840000;10230000;10260000
08/01/2017;10190000;10560000;9950000;10090000
08/02/2017;10080000;10810000;9800000;10280000
08/03/2017;10470000;10600000;9900000;10440000
08/04/2017;10480000;10500000;9680000;10030000
08/07/2017;10190000;10320000;9760000;9930000
08/08/2017;10040000;11520000;9520000;10960000
08/09/2017;11490000;12630000;11110000;11110000
08/10/2017;11570000;16170000;11560000;16040000
08/11/2017;16170000;17280000;14500000;15510000
08/14/2017;14050000;14050000;12060000;12330000
08/15/2017;11780000;12370000;11450000;12040000
08/16/2017;11590000;12540000;11250000;11740000
08/17/2017;11810000;15770000;11540000;15550000
08/18/2017;15380000;16040000;13320000;14260000
08/21/2017;14590000;14740000;13070000;13190000
08/22/2017;12600000;12940000;11350000;11350000
08/23/2017;11510000;12590000;11390000;12250000
08/24/2017;12060000;12830000;11550000;12230000
08/25/2017;12200000;12450000;11100000;11280000
08/28/2017;12090000;12110000;11230000;11320000
08/29/2017;13330000;14340000;11480000;11700000
08/30/2017;11400000;11980000;10960000;11220000
08/31/2017;11070000;11220000;10340000;10590000
09/01/2017;10330000;10460000;10020000;10130000
09/05/2017;11750000;14060000;11410000;12230000
09/06/2017;12270000;12590000;11350000;11630000
09/07/2017;11930000;12070000;11320000;11550000
09/08/2017;11870000;12600000;11840000;12120000
09/11/2017;11380000;11390000;10510000;10730000
09/12/2017;10660000;10950000;10290000;10580000
09/13/2017;10720000;10860000;10330000;10500000
09/14/2017;10570000;11040000;10280000;10440000
09/15/2017;10510000;10740000;10000000;10170000
09/18/2017;10180000;10420000;9880000;10150000
09/19/2017;10160000;10300000;9850000;10180000
09/20/2017;10040000;10670000;9670000;9780000
09/21/2017;9740000;10210000;9540000;9670000
09/22/2017;9900000;10200000;9500000;9590000
09/25/2017;10080000;11210000;9790000;10210000
09/26/2017;10420000;10680000;9940000;10170000
09/27/2017;9900000;10420000;9630000;9870000
09/28/2017;9740000;10130000;9550000;9550000
09/29/2017;9590000;9830000;9360000;9510000
10/02/2017;9590000;10040000;9370000;9450000
10/03/2017;9300000;9750000;9300000;9510000
10/04/2017;9530000;9880000;9530000;9630000
10/05/2017;9480000;9620000;9130000;9190000
10/06/2017;9230000;10270000;9110000;9650000
10/09/2017;9920000;10530000;9880000;10330000
10/10/2017;10150000;10660000;9940000;10080000
10/11/2017;9950000;10380000;9720000;9850000
10/12/2017;9940000;10330000;9650000;9910000
10/13/2017;9950000;9980000;9440000;9610000
10/16/2017;9950000;10020000;9750000;9910000
10/17/2017;9850000;10460000;9780000;10310000
10/18/2017;10340000;10410000;9870000;10070000
10/19/2017;10220000;11770000;9990000;10050000
10/20/2017;9920000;10040000;9290000;9970000
10/23/2017;10250000;11080000;9940000;11070000
10/24/2017;10890000;11160000;10390000;11160000
10/25/2017;11340000;13200000;10990000;11230000
10/26/2017;11170000;11810000;10600000;11300000
10/27/2017;11120000;11120000;9740000;9800000
10/30/2017;10280000;10890000;10100000;10500000
10/31/2017;10340000;10370000;9900000;10180000
11/01/2017;9790000;10490000;9740000;10200000
11/02/2017;10440000;10890000;9670000;9930000
11/03/2017;9830000;9910000;8990000;9140000
11/06/2017;9630000;9740000;9380000;9400000
11/07/2017;9310000;10310000;9290000;9890000
11/08/2017;9790000;10270000;9500000;9780000
11/09/2017;9940000;12190000;9790000;10500000
11/10/2017;10780000;11580000;10500000;11290000
11/13/2017;11430000;12180000;11000000;11500000
11/14/2017;11530000;12610000;11450000;11590000
11/15/2017;12520000;14510000;12330000;13130000
11/16/2017;12470000;12520000;11380000;11760000
11/17/2017;11750000;12010000;11160000;11430000
11/20/2017;11960000;12080000;10440000;10650000
11/21/2017;10740000;10780000;9670000;9730000
11/22/2017;9600000;9880000;9320000;9880000
11/24/2017;9820000;9960000;8560000;9670000
11/27/2017;10070000;10260000;9790000;9870000
11/28/2017;9720000;10310000;9530000;10030000
11/29/2017;9910000;10930000;9810000;10700000
11/30/2017;10490000;12050000;10250000;11280000
12/01/2017;11190000;14580000;10540000;11430000
12/04/2017;11050000;11860000;10260000;11680000
12/05/2017;11380000;11670000;10650000;11330000
12/06/2017;11630000;11680000;10860000;11020000
12/07/2017;10900000;11320000;10120000;10160000
12/08/2017;10000000;10060000;9430000;9580000
12/11/2017;9740000;10080000;9280000;9340000
12/12/2017;9360000;9920000;9210000;9920000
12/13/2017;9780000;10210000;9650000;10180000
12/14/2017;9980000;10540000;9780000;10490000
12/15/2017;10120000;10200000;9220000;9420000
12/18/2017;9460000;9890000;9240000;9530000
12/19/2017;9400000;10150000;9180000;10030000
12/20/2017;9690000;9850000;8900000;9720000
12/21/2017;9590000;9860000;9200000;9620000
12/22/2017;9370000;10180000;9350000;9900000
12/26/2017;10190000;10460000;10130000;10250000
12/27/2017;10040000;10790000;9710000;10470000
12/28/2017;10290000;10440000;10070000;10180000
12/29/2017;10030000;11060000;9950000;11040000
01/02/2018;10950000;11070000;9520000;9770000
01/03/2018;9560000;9650000;8940000;9150000
01/04/2018;9010000;9310000;8920000;9220000
01/05/2018;9100000;9540000;9000000;9220000
01/08/2018;9610000;9890000;9320000;9520000
01/09/2018;9410000;10090000;9370000;10080000
01/10/2018;10110000;10850000;9820000;9820000
01/11/2018;9690000;10020000;9620000;9880000
01/12/2018;9740000;10310000;9540000;10160000
01/16/2018;10420000;12410000;10400000;11660000
01/17/2018;11350000;12810000;11180000;11910000
01/18/2018;12010000;12400000;11620000;12220000
01/19/2018;12300000;12330000;11180000;11270000
01/22/2018;11590000;11620000;10840000;11030000
01/23/2018;10770000;11570000;10760000;11100000
01/24/2018;11000000;12190000;10890000;11470000
01/25/2018;11270000;12010000;11200000;11580000
01/26/2018;11400000;11600000;11080000;11080000
01/29/2018;11710000;13840000;11680000;13840000
01/30/2018;13930000;15420000;13880000;14790000
01/31/2018;14230000;14440000;13410000;13540000
02/01/2018;13050000;14300000;12500000;13470000
02/02/2018;13640000;17860000;13640000;17310000
02/05/2018;18440000;38800000;16800000;37320000
02/06/2018;37320000;50300000;22420000;29980000
02/07/2018;31380000;31640000;21170000;27730000
02/08/2018;27290000;36170000;24410000;33460000
02/09/2018;32180000;41060000;27730000;29060000
02/12/2018;27250000;29700000;24420000;25610000
02/13/2018;26940000;27820000;24470000;24970000
02/14/2018;23480000;25720000;18990000;19260000
02/15/2018;18390000;20660000;17600000;19130000
02/16/2018;18740000;20990000;17440000;19460000
02/20/2018;20530000;21610000;19750000;20600000
02/21/2018;20760000;21040000;16970000;20020000
02/22/2018;20570000;20610000;18070000;18720000
02/23/2018;17960000;18800000;16470000;16490000
02/26/2018;16530000;16940000;15800000;15800000
02/27/2018;15830000;18980000;15290000;18590000
02/28/2018;18080000;20440000;15650000;19850000
03/01/2018;19960000;25300000;19570000;22470000
03/02/2018;22470000;26220000;19360000;19590000
03/05/2018;21550000;21570000;17940000;18730000
03/06/2018;18250000;19640000;17680000;18360000
03/07/2018;20110000;20490000;17520000;17760000
03/08/2018;17560000;17680000;14910000;16540000
03/09/2018;16410000;16750000;13310000;14640000
03/12/2018;15280000;16350000;15180000;15780000
03/13/2018;15700000;16980000;15030000;16350000
03/14/2018;16590000;17590000;14940000;17230000
03/15/2018;16990000;17410000;15960000;16590000
03/16/2018;16600000;16720000;15230000;15800000
03/19/2018;16630000;21870000;16560000;19020000
03/20/2018;18380000;19310000;18090000;18200000
03/21/2018;17760000;18370000;16260000;17860000
03/22/2018;18130000;23810000;18120000;23340000
03/23/2018;24020000;26010000;21630000;24870000
03/26/2018;23410000;24540000;20710000;21030000
03/27/2018;20330000;24060000;19840000;22500000
03/28/2018;22520000;24940000;21710000;22870000
03/29/2018;22870000;23050000;19600000;19970000
04/02/2018;21070000;25720000;20440000;23620000
04/03/2018;23030000;23380000;20920000;21100000
04/04/2018;21680000;24510000;19860000;20060000
04/05/2018;19760000;20210000;18570000;18940000
04/06/2018;20330000;23120000;18600000;21490000
04/09/2018;21270000;22020000;20340000;21770000
04/10/2018;20510000;21680000;20240000;20470000
04/11/2018;20950000;21660000;19640000;20240000
04/12/2018;19830000;19920000;18160000;18490000
04/13/2018;18270000;18450000;17260000;17410000
04/16/2018;17590000;17660000;16380000;16560000
04/17/2018;16160000;16270000;14570000;15250000
04/18/2018;15300000;16900000;14950000;15600000
04/19/2018;15550000;16920000;15160000;15960000
04/20/2018;16160000;17500000;15190000;16880000
04/23/2018;17290000;17560000;15790000;16340000
04/24/2018;16160000;19660000;15370000;18020000
04/25/2018;18140000;19840000;17750000;17840000
04/26/2018;18070000;18120000;16240000;16240000
04/27/2018;16220000;16770000;15250000;15410000
04/30/2018;15390000;16350000;15130000;15930000
05/01/2018;15780000;16820000;15420000;15490000
05/02/2018;15480000;15970000;14750000;15970000
05/03/2018;15780000;18660000;15430000;15900000
05/04/2018;15940000;16920000;10910000;14770000
05/07/2018;15320000;15520000;14510000;14750000
05/08/2018;14530000;15560000;14520000;14710000
05/09/2018;14540000;14630000;13380000;13420000
05/10/2018;13360000;13630000;12920000;13230000
05/11/2018;13220000;13440000;12650000;12650000
05/14/2018;12950000;13280000;12810000;12930000
05/15/2018;13130000;15010000;12500000;14630000
05/16/2018;14380000;14910000;13210000;13420000
05/17/2018;13540000;13860000;12650000;13430000
05/18/2018;13180000;13870000;13060000;13420000
05/21/2018;13440000;13590000;12780000;13080000
05/22/2018;13030000;13420000;12770000;13220000
05/23/2018;13500000;14600000;12490000;12580000
05/24/2018;12730000;14240000;12530000;12530000
05/25/2018;12440000;13520000;12290000;13220000
05/29/2018;14390000;18780000;14390000;17020000
05/30/2018;16600000;16640000;14650000;14940000
05/31/2018;14930000;16290000;14200000;15430000
06/01/2018;14920000;14930000;13370000;13460000
06/04/2018;13910000;13910000;12690000;12740000
06/05/2018;12910000;13340000;12300000;12400000
06/06/2018;12100000;12560000;11620000;11640000
06/07/2018;11660000;13280000;11220000;12130000
06/08/2018;12540000;13310000;12090000;12180000
06/11/2018;12520000;12690000;12140000;12350000
06/12/2018;12290000;12600000;11880000;12340000
06/13/2018;12130000;12950000;11980000;12940000
06/14/2018;12980000;13070000;11880000;12120000
06/15/2018;12190000;13160000;11930000;11980000
06/18/2018;12790000;13740000;12280000;12310000
06/19/2018;14610000;14680000;13210000;13350000
06/20/2018;12900000;13020000;12250000;12790000
06/21/2018;12540000;15180000;12180000;14640000
06/22/2018;14600000;14600000;13110000;13770000
06/25/2018;15070000;19610000;14560000;17330000
06/26/2018;16710000;17540000;15100000;15920000
06/27/2018;16520000;18190000;14760000;17910000
06/28/2018;17540000;18990000;16400000;16850000
06/29/2018;15730000;16510000;14660000;16090000
07/02/2018;17700000;18080000;15540000;15600000
07/03/2018;15370000;16450000;14680000;16140000
07/05/2018;15620000;16220000;14470000;14970000
07/06/2018;14990000;15450000;13340000;13370000
07/09/2018;13420000;13450000;12600000;12690000
07/10/2018;12520000;13210000;11930000;12640000
07/11/2018;14050000;14150000;13090000;13630000
07/12/2018;13070000;13330000;12420000;12580000
07/13/2018;12390000;12970000;11620000;12180000
07/16/2018;12460000;12970000;12130000;12830000
07/17/2018;12910000;13180000;11850000;12060000
07/18/2018;11870000;12470000;11440000;12100000
07/19/2018;12200000;13090000;11790000;12870000
07/20/2018;13000000;13580000;12490000;12860000
07/23/2018;13470000;13550000;12580000;12620000
07/24/2018;12610000;13210000;11660000;12410000
07/25/2018;12370000;12820000;11800000;12290000
07/26/2018;12450000;12530000;11780000;12140000
07/27/2018;12170000;14260000;11600000;13030000
07/30/2018;13630000;14460000;12980000;14260000
07/31/2018;13980000;14120000;12810000;12830000
08/01/2018;13090000;13630000;12450000;13150000
08/02/2018;13570000;14530000;12170000;12190000
08/03/2018;12430000;12460000;11070000;11640000
08/06/2018;11910000;12150000;11170000;11270000
08/07/2018;11120000;11240000;10520000;10930000
08/08/2018;10930000;11180000;10520000;10850000
08/09/2018;10940000;11310000;10170000;11270000
08/10/2018;11820000;13820000;11590000;13160000
08/13/2018;14500000;15020000;12950000;14780000
08/14/2018;13930000;14220000;13110000;13310000
08/15/2018;13520000;16860000;13440000;14640000
08/16/2018;14180000;14360000;12820000;13450000
08/17/2018;13180000;13960000;12400000;12640000
08/20/2018;12570000;12790000;12260000;12490000
08/21/2018;12470000;12890000;12090000;12860000
08/22/2018;13090000;13290000;11970000;12250000
08/23/2018;12030000;12680000;11650000;12410000
08/24/2018;12130000;12170000;11830000;11990000
08/27/2018;12370000;12480000;12020000;12160000
08/28/2018;12010000;12500000;11870000;12500000
08/29/2018;12340000;12550000;12090000;12250000
08/30/2018;12250000;13950000;12240000;13530000
08/31/2018;13540000;14030000;12820000;12860000
09/04/2018;13130000;14350000;13120000;13160000
09/05/2018;13690000;14300000;13230000;13910000
09/06/2018;14210000;15410000;13720000;14650000
09/07/2018;14720000;15630000;14310000;14880000
09/10/2018;15090000;15200000;13930000;14160000
09/11/2018;13960000;14920000;13210000;13220000
09/12/2018;13070000;13860000;12910000;13140000
09/13/2018;12910000;12910000;12300000;12370000
09/14/2018;12130000;13150000;11930000;12070000
09/17/2018;12720000;13750000;12320000;13680000
09/18/2018;13480000;13480000;12560000;12790000
09/19/2018;12610000;12770000;11660000;11750000
09/20/2018;11820000;11960000;11310000;11800000
09/21/2018;11760000;12030000;11100000;11680000
09/24/2018;12460000;12920000;12180000;12200000
09/25/2018;12280000;12600000;11800000;12420000
09/26/2018;12210000;13130000;11550000;12890000
09/27/2018;12770000;13000000;11940000;12410000
09/28/2018;12590000;13220000;12090000;12120000
10/01/2018;11990000;12400000;11570000;12000000
10/02/2018;12470000;12690000;11610000;12050000
10/03/2018;11660000;12140000;11340000;11610000
10/04/2018;12840000;15840000;12420000;14220000
10/05/2018;14290000;17360000;11720000;14820000
10/08/2018;16050000;18380000;15690000;15690000
10/09/2018;16120000;17490000;15270000;15950000
10/10/2018;16030000;22960000;15830000;22960000
10/11/2018;23070000;28840000;20650000;24980000
10/12/2018;21630000;26800000;20880000;21310000
10/15/2018;21970000;22890000;19470000;21300000
10/16/2018;20280000;20560000;17550000;17620000
10/17/2018;17060000;19550000;17060000;17400000
10/18/2018;18020000;21570000;17510000;20060000
10/19/2018;19240000;21080000;18390000;19890000
10/22/2018;19380000;20890000;18820000;19640000
10/23/2018;22180000;24660000;20180000;20710000
10/24/2018;21600000;26380000;20400000;25230000
10/25/2018;24780000;24780000;22060000;24220000
10/26/2018;24510000;27520000;23330000;24160000
10/29/2018;24480000;27860000;22010000;24700000
10/30/2018;23940000;25550000;23110000;23350000
10/31/2018;22720000;22800000;20390000;21230000
11/01/2018;20960000;21210000;19030000;19340000
11/02/2018;18520000;21610000;18050000;19510000
11/05/2018;20580000;20870000;19640000;19960000
11/06/2018;19840000;20600000;19690000;19910000
11/07/2018;18030000;18050000;16330000;16360000
11/08/2018;16180000;17200000;16090000;16720000
11/09/2018;16870000;18410000;16840000;17360000
11/12/2018;17260000;20710000;17250000;20450000
11/13/2018;19450000;21250000;19110000;20020000
11/14/2018;20520000;22360000;19300000;21250000
11/15/2018;20410000;22970000;19940000;19980000
11/16/2018;20040000;21360000;18100000;18140000
11/19/2018;18780000;20990000;18520000;20100000
11/20/2018;20760000;23810000;20370000;22480000
11/21/2018;21660000;22310000;20110000;20800000
11/23/2018;21230000;22650000;20650000;21520000
11/26/2018;20780000;20800000;18670000;18900000
11/27/2018;19410000;19930000;18700000;19020000
11/28/2018;18870000;19380000;18180000;18490000
11/29/2018;18650000;20480000;18590000;18790000
11/30/2018;19180000;19910000;18030000;18070000
12/03/2018;16040000;17280000;15940000;16440000
12/04/2018;16840000;21940000;16260000;20740000
12/06/2018;23530000;25940000;20940000;21190000
12/07/2018;22420000;24710000;19900000;23230000
12/10/2018;23950000;25940000;22500000;22640000
12/11/2018;22960000;23600000;21390000;21760000
12/12/2018;21910000;21910000;20500000;21460000
12/13/2018;21000000;21570000;20340000;20650000
12/14/2018;21570000;22470000;20950000;21630000
12/17/2018;22360000;25880000;21970000;24520000
12/18/2018;24680000;26140000;23640000;25580000
12/19/2018;25150000;26640000;22500000;25580000
12/20/2018;26090000;30300000;24680000;28380000
12/21/2018;28240000;31350000;25710000;30110000
12/24/2018;29290000;36100000;29160000;36070000
12/26/2018;35500000;36200000;29590000;30410000
12/27/2018;31200000;33800000;29660000;29960000
12/28/2018;29970000;31050000;27430000;28340000
12/31/2018;27590000;27640000;25330000;25420000
01/02/2019;27540000;28530000;23050000;23220000
01/03/2019;25680000;26600000;24050000;25450000
01/04/2019;24360000;24480000;21190000;21380000
01/07/2019;22060000;22710000;20910000;21400000
01/08/2019;20960000;22030000;20090000;20470000
01/09/2019;20440000;22800000;19480000;19980000
01/10/2019;20980000;21320000;19290000;19500000
01/11/2019;19680000;20160000;18120000;18190000
01/14/2019;19840000;20270000;18700000;19070000
01/15/2019;18530000;19200000;17980000;18600000
01/16/2019;18080000;19040000;17760000;19040000
01/17/2019;19510000;19720000;17850000;18060000
01/18/2019;17800000;18180000;17170000;17800000
01/22/2019;18530000;21150000;18200000;20800000
01/23/2019;20850000;22020000;19470000;19520000
01/24/2019;19690000;20250000;18630000;18890000
01/25/2019;18430000;18460000;17310000;17420000
01/28/2019;18560000;20420000;18420000;18870000
01/29/2019;19450000;19930000;18420000;19130000
01/30/2019;19150000;19310000;17540000;17660000
01/31/2019;17390000;17720000;16540000;16570000
02/01/2019;16630000;16830000;16080000;16140000
02/04/2019;16720000;16730000;15600000;15730000
02/05/2019;15790000;15940000;15040000;15570000
02/06/2019;15440000;15870000;15090000;15380000
02/07/2019;15660000;17890000;15510000;16370000
02/08/2019;16810000;17630000;15620000;15720000
02/11/2019;16170000;16500000;15340000;15970000
02/12/2019;15230000;15650000;14950000;15430000
02/13/2019;15460000;15910000;15000000;15650000
02/14/2019;15610000;17270000;15300000;16220000
02/15/2019;16820000;16820000;14790000;14910000
02/19/2019;15650000;16160000;14640000;14880000
02/20/2019;14920000;15190000;13990000;14020000
02/21/2019;14000000;15170000;13850000;14460000
02/22/2019;14460000;14470000;13510000;13510000
02/25/2019;13910000;14900000;13440000;14850000
02/26/2019;15160000;15280000;14520000;15170000
02/27/2019;15530000;16170000;14700000;14700000
02/28/2019;15170000;15240000;14390000;14780000
03/01/2019;14570000;14840000;13410000;13570000
03/04/2019;13770000;16980000;13380000;14630000
03/05/2019;14520000;15390000;14260000;14740000
03/06/2019;14910000;16110000;14740000;15740000
03/07/2019;16330000;17810000;15540000;16590000
03/08/2019;17380000;18330000;16020000;16050000
03/11/2019;16280000;16430000;14330000;14330000
03/12/2019;13970000;14700000;13610000;13770000
03/13/2019;14000000;14050000;13250000;13410000
03/14/2019;13350000;13840000;13160000;13500000
03/15/2019;13210000;13280000;12500000;12880000
03/18/2019;13130000;13800000;13000000;13100000
03/19/2019;12890000;13770000;12370000;13560000
03/20/2019;13540000;14300000;13050000;13910000
03/21/2019;14110000;14560000;13260000;13630000
03/22/2019;13770000;17520000;13620000;16480000
03/25/2019;17760000;17850000;16260000;16330000
03/26/2019;16220000;16300000;14670000;14680000
03/27/2019;14520000;16710000;14510000;15150000
03/28/2019;15380000;15620000;14410000;14430000
03/29/2019;14190000;14430000;13640000;13710000
04/01/2019;13900000;14010000;13320000;13400000
04/02/2019;13620000;13680000;13130000;13360000
04/03/2019;13060000;14270000;12850000;13740000
04/04/2019;13840000;14030000;13400000;13580000
04/05/2019;13460000;13470000;12170000;12820000
04/08/2019;13550000;13770000;13100000;13180000
04/09/2019;13460000;14390000;13310000;14280000
04/10/2019;14090000;14290000;13270000;13300000
04/11/2019;13370000;13580000;12910000;13020000
04/12/2019;12960000;12960000;11950000;12010000
04/15/2019;12460000;13140000;12240000;12320000
04/16/2019;12260000;12470000;11850000;12180000
04/17/2019;12120000;13020000;11030000;12600000
04/18/2019;12800000;13120000;12020000;12090000
04/22/2019;13210000;13360000;12380000;12420000
04/23/2019;12660000;12690000;12080000;12280000
04/24/2019;12530000;13230000;12260000;13140000
04/25/2019;13290000;14300000;12810000;13250000
04/26/2019;13440000;13620000;12490000;12730000
04/29/2019;13040000;13270000;12650000;13110000
04/30/2019;13110000;14050000;12880000;13120000
05/01/2019;12860000;14830000;12740000;14800000
05/02/2019;14350000;15920000;13800000;14420000
05/03/2019;14110000;14150000;12800000;12870000
05/06/2019;12890000;18800000;12890000;15440000
05/07/2019;15900000;21840000;15800000;19320000
05/08/2019;18950000;21740000;18290000;19400000
05/09/2019;21400000;23380000;18870000;19100000
05/10/2019;18790000;20190000;15570000;16040000
05/13/2019;18620000;21320000;18350000;20550000
05/14/2019;19400000;19650000;17450000;18060000
05/15/2019;17570000;19150000;16410000;16440000
05/16/2019;16690000;17130000;15160000;15290000
05/17/2019;15890000;16810000;14860000;15960000
05/20/2019;15880000;17630000;15460000;16310000
05/21/2019;15860000;16220000;14790000;14950000
05/22/2019;15060000;15440000;14420000;14750000
05/23/2019;15930000;18050000;15280000;16920000
05/24/2019;16340000;16520000;15520000;15850000
05/28/2019;16550000;17700000;15900000;17500000
05/29/2019;18550000;19040000;17620000;17900000
05/30/2019;17470000;18110000;16720000;17300000
05/31/2019;19050000;19720000;18010000;18710000
06/03/2019;19410000;19750000;18160000;18860000
06/04/2019;18740000;18740000;16970000;16970000
06/05/2019;17060000;17490000;16040000;16090000
06/06/2019;16250000;16540000;15360000;15930000
06/07/2019;15650000;16440000;15330000;16300000
06/10/2019;16300000;16470000;15840000;15940000
06/11/2019;15840000;16700000;15500000;15990000
06/12/2019;16260000;16430000;15780000;15910000
06/13/2019;16160000;16210000;15610000;15820000
06/14/2019;16000000;16400000;15210000;15280000
06/17/2019;15650000;15760000;15240000;15350000
06/18/2019;14890000;15540000;14620000;15150000
06/19/2019;15050000;15710000;14150000;14330000
06/20/2019;14040000;16030000;13190000;14750000
06/21/2019;14740000;15480000;14420000;15400000
06/24/2019;15460000;15560000;15230000;15260000
06/25/2019;15430000;16680000;15100000;16280000
06/26/2019;16100000;16600000;15470000;16210000
06/27/2019;15660000;16400000;15660000;15820000
06/28/2019;15700000;16130000;15080000;15080000
07/01/2019;13850000;14640000;13800000;14060000
07/02/2019;14160000;14300000;12900000;12930000
07/03/2019;13180000;13190000;12560000;12570000
07/05/2019;13000000;14470000;12040000;13280000
07/08/2019;13730000;14440000;13640000;13960000
07/09/2019;14470000;14710000;13990000;14090000
07/10/2019;14380000;14690000;12980000;13030000
07/11/2019;13010000;13330000;12390000;12930000
07/12/2019;12760000;12820000;12280000;12390000
07/15/2019;12580000;13020000;12490000;12680000
07/16/2019;12610000;13140000;12280000;12860000
07/17/2019;12620000;13970000;12240000;13970000
07/18/2019;14450000;14500000;13190000;13530000
07/19/2019;13310000;14450000;13090000;14450000
07/22/2019;14550000;14700000;13420000;13530000
07/23/2019;13420000;13520000;12550000;12610000
07/24/2019;12800000;13100000;11980000;12070000
07/25/2019;12240000;13540000;11690000;12740000
07/26/2019;12580000;12720000;12010000;12160000
07/29/2019;12150000;13170000;12150000;12830000
07/30/2019;12870000;14180000;12870000;13940000
07/31/2019;13830000;16550000;13460000;16120000
08/01/2019;15410000;19460000;13730000;17870000
08/02/2019;17690000;20110000;17040000;17610000
08/05/2019;19960000;24810000;19910000;24590000
08/06/2019;22290000;22870000;19770000;20170000
08/07/2019;20700000;23670000;18940000;19490000
08/08/2019;19360000;19890000;16820000;16910000
08/09/2019;18140000;19440000;17310000;17970000
08/12/2019;17870000;21260000;17770000;21090000
08/13/2019;21280000;21640000;17520000;17520000
08/14/2019;17810000;22710000;17750000;22100000
08/15/2019;21580000;24100000;20780000;21180000
08/16/2019;20480000;20500000;18410000;18470000
08/19/2019;17930000;18220000;16520000;16880000
08/20/2019;16780000;17700000;16450000;17500000
08/21/2019;17010000;17040000;15510000;15800000
08/22/2019;16120000;17680000;15630000;16680000
08/23/2019;16150000;21070000;16040000;19870000
08/26/2019;20340000;21330000;19060000;19320000
08/27/2019;20180000;21040000;18490000;20310000
08/28/2019;20550000;21640000;19100000;19350000
08/29/2019;19020000;19200000;17600000;17880000
08/30/2019;17940000;19180000;17090000;18980000
09/03/2019;20960000;21150000;19410000;19660000
09/04/2019;18230000;18830000;17260000;17330000
09/05/2019;16920000;17050000;15450000;16270000
09/06/2019;15920000;16060000;14910000;15000000
09/09/2019;15260000;16130000;14950000;15270000
09/10/2019;15530000;16520000;15110000;15200000
09/11/2019;15330000;15520000;14550000;14610000
09/12/2019;14690000;14940000;13850000;14220000
09/13/2019;14160000;14310000;13510000;13740000
09/16/2019;14890000;15290000;14500000;14670000
09/17/2019;14920000;15030000;14400000;14440000
09/18/2019;14610000;15800000;13800000;13950000
09/19/2019;14660000;14660000;13310000;14050000
09/20/2019;13940000;15840000;13350000;15320000
09/23/2019;15350000;16000000;14710000;14910000
09/24/2019;14770000;17620000;14330000;17050000
09/25/2019;17050000;18450000;15690000;15960000
09/26/2019;16230000;17090000;15350000;16070000
09/27/2019;15770000;18690000;15150000;17220000
09/30/2019;17230000;17350000;16200000;16240000
10/01/2019;16020000;18620000;15790000;18560000
10/02/2019;18750000;21460000;18750000;20560000
10/03/2019;20110000;21440000;19030000;19120000
10/04/2019;19420000;19970000;16970000;17040000
10/07/2019;18270000;18520000;16440000;17860000
10/08/2019;17610000;20380000;17420000;20280000
10/09/2019;19940000;20000000;17770000;18640000
10/10/2019;19280000;19800000;17560000;17570000
10/11/2019;17350000;17440000;15110000;15580000
10/14/2019;15660000;16500000;14510000;14570000
10/15/2019;13940000;14430000;13390000;13540000
10/16/2019;13940000;14260000;13600000;13680000
10/17/2019;13790000;14180000;13310000;13790000
10/18/2019;14200000;15160000;13780000;14250000
10/21/2019;14240000;14630000;14000000;14000000
10/22/2019;13990000;14610000;13700000;14460000
10/23/2019;14830000;15120000;14010000;14010000
10/24/2019;13980000;14340000;13400000;13710000
10/25/2019;13530000;13790000;12620000;12650000
10/28/2019;13010000;13140000;12660000;13110000
10/29/2019;13160000;13520000;13070000;13200000
10/30/2019;13230000;13770000;12270000;12330000
10/31/2019;12210000;13950000;12190000;13220000
11/01/2019;12990000;13120000;12250000;12300000
11/04/2019;12680000;13130000;12440000;12830000
11/05/2019;12850000;13280000;12250000;13100000
11/06/2019;13180000;13390000;12600000;12620000
11/07/2019;12590000;12890000;12260000;12730000
11/08/2019;12980000;13050000;12000000;12070000
11/11/2019;13150000;13490000;12660000;12690000
11/12/2019;12640000;13100000;12360000;12680000
11/13/2019;12910000;13900000;12880000;13000000
11/14/2019;13160000;13810000;12930000;13050000
11/15/2019;12950000;12970000;11920000;12050000
11/18/2019;12390000;13100000;12320000;12460000
11/19/2019;12330000;13010000;12160000;12860000
11/20/2019;13420000;14170000;12610000;12780000
11/21/2019;13350000;13860000;12490000;13130000
11/22/2019;12820000;13250000;12330000;12340000
11/25/2019;12510000;12590000;11730000;11870000
11/26/2019;11880000;12040000;11420000;11540000
11/27/2019;11550000;11790000;11440000;11750000
11/29/2019;12500000;12830000;12120000;12620000
12/02/2019;12690000;15270000;12550000;14910000
12/03/2019;14680000;17990000;14610000;15960000
12/04/2019;16380000;16400000;14120000;14800000
12/05/2019;14460000;15370000;14170000;14520000
12/06/2019;14370000;14470000;13190000;13620000
12/09/2019;14250000;16070000;12250000;15860000
12/10/2019;15800000;16900000;14930000;15680000
12/11/2019;15570000;15970000;14980000;14990000
12/12/2019;14940000;15550000;13600000;13940000
12/13/2019;13180000;14350000;12540000;12630000
12/16/2019;12470000;12530000;11710000;12140000
12/17/2019;12230000;12470000;11900000;12290000
12/18/2019;12240000;12700000;11930000;12580000
12/19/2019;12550000;12780000;12430000;12500000
12/20/2019;12550000;12610000;12040000;12510000
12/23/2019;12810000;12900000;12410000;12610000
12/24/2019;12650000;12840000;12560000;12670000
12/26/2019;12740000;12750000;11720000;12650000
12/27/2019;12610000;13720000;11890000;13430000
12/30/2019;13740000;15140000;13440000;14820000
12/31/2019;14840000;15390000;13750000;13780000
01/02/2020;13460000;13720000;12420000;12470000
01/03/2020;15010000;16200000;13130000;14020000
01/06/2020;15450000;16390000;13540000;13850000
01/07/2020;13840000;14460000;13390000;13790000
01/08/2020;15160000;15240000;12830000;13450000
01/09/2020;12950000;13240000;12530000;12540000
01/10/2020;12420000;12870000;12090000;12560000
01/13/2020;12840000;13090000;12320000;12320000
01/14/2020;12720000;13820000;12050000;12390000
01/15/2020;12790000;12830000;11950000;12420000
01/16/2020;12200000;12420000;11780000;12320000
01/17/2020;12210000;12480000;11750000;12100000
01/21/2020;13230000;13330000;12320000;12850000
01/22/2020;12450000;13010000;12310000;12910000
01/23/2020;13260000;14150000;12940000;12980000
01/24/2020;12750000;15980000;12620000;14560000
01/27/2020;17420000;19020000;16820000;18230000
01/28/2020;16940000;18030000;15690000;16280000
01/29/2020;15680000;16650000;14940000;16390000
01/30/2020;17820000;18390000;15300000;15490000
01/31/2020;16250000;19990000;16180000;18840000
02/03/2020;18640000;18880000;17100000;17970000
02/04/2020;16450000;16460000;15630000;16050000
02/05/2020;16290000;16320000;15020000;15150000
02/06/2020;15130000;15660000;14700000;14960000
02/07/2020;15070000;16160000;14810000;15470000
02/10/2020;15880000;16430000;15010000;15040000
02/11/2020;14910000;15270000;14380000;15180000
02/12/2020;14860000;14880000;13730000;13740000
02/13/2020;14430000;15440000;14000000;14150000
02/14/2020;14120000;14540000;13380000;13680000
02/18/2020;14980000;15490000;14530000;14830000
02/19/2020;14660000;14740000;14210000;14380000
02/20/2020;14540000;17210000;14490000;15560000
02/21/2020;17330000;18210000;16190000;17080000
02/24/2020;22250000;26350000;22000000;25030000
02/25/2020;22190000;30250000;22190000;27850000
02/26/2020;26630000;29570000;24760000;27560000
02/27/2020;28950000;39310000;27790000;39160000
02/28/2020;42020000;49480000;39370000;40110000
03/02/2020;34860000;43770000;31500000;33420000
03/03/2020;33640000;41060000;24930000;36820000
03/04/2020;34440000;35580000;30300000;31990000
03/05/2020;33610000;42840000;33540000;39620000
03/06/2020;41460000;54390000;40840000;41940000
03/09/2020;41940000;62120000;41940000;54460000
03/10/2020;49680000;55660000;43560000;47300000
03/11/2020;52240000;55820000;49980000;53900000
03/12/2020;61460000;76830000;59910000;75470000
03/13/2020;71310000;77570000;55170000;57830000
03/16/2020;57830000;83560000;57830000;82690000
03/17/2020;82690000;84830000;70370000;75910000
03/18/2020;69370000;85470000;69370000;76450000
03/19/2020;80620000;84260000;68570000;72000000
03/20/2020;67860000;69510000;57420000;66040000
03/23/2020;74080000;76740000;60460000;61590000
03/24/2020;58760000;61880000;36240000;61670000
03/25/2020;61440000;68860000;58030000;63950000
03/26/2020;65670000;67060000;57660000;61000000
03/27/2020;64950000;69100000;61800000;65540000
03/30/2020;66300000;67690000;56600000;57080000
03/31/2020;56690000;58750000;50880000;53540000
04/01/2020;57380000;60590000;52760000;57060000
04/02/2020;54460000;57240000;50450000;50910000
04/03/2020;51110000;52290000;46740000;46800000
04/06/2020;44170000;45730000;43450000;45240000
04/07/2020;44830000;47510000;43510000;46700000
04/08/2020;45900000;47280000;42530000;43350000
04/09/2020;43000000;45730000;41390000;41670000
04/13/2020;44600000;45040000;41170000;41170000
04/14/2020;40240000;40570000;37310000;37760000
04/15/2020;39400000;43230000;39340000;40840000
04/16/2020;41920000;43020000;39870000;40110000
04/17/2020;39500000;40260000;37630000;38150000
04/20/2020;40680000;43830000;39880000;43830000
04/21/2020;44280000;47770000;43770000;45410000
04/22/2020;44910000;45070000;41410000;41980000
04/23/2020;41300000;42470000;39060000;41380000
04/24/2020;41910000;42080000;35600000;35930000
04/27/2020;36290000;36440000;32510000;33290000
04/28/2020;33210000;35390000;30540000;33570000
04/29/2020;32480000;33190000;30710000;31230000
04/30/2020;30990000;35940000;30930000;34150000
05/01/2020;38170000;39570000;36590000;37190000
05/04/2020;39130000;40320000;35530000;35970000
05/05/2020;34820000;36220000;31950000;33610000
05/06/2020;32690000;35690000;31680000;34120000
05/07/2020;32120000;32280000;30370000;31440000
05/08/2020;30140000;30390000;27890000;27980000
05/11/2020;28460000;31460000;26970000;27570000
05/12/2020;28470000;33040000;26000000;33040000
05/13/2020;32740000;37420000;30770000;35280000
05/14/2020;35160000;39280000;32330000;32610000
05/15/2020;32500000;35130000;31040000;31890000
05/18/2020;30710000;31080000;28350000;29300000
05/19/2020;28730000;30740000;28370000;30530000
05/20/2020;29520000;29830000;27830000;27990000
05/21/2020;28970000;30200000;27670000;29530000
05/22/2020;31360000;31550000;28030000;28160000
05/26/2020;27720000;28580000;27180000;28010000
05/27/2020;27620000;30530000;25920000;27620000
05/28/2020;27820000;29890000;27430000;28590000
05/29/2020;29300000;30160000;27290000;27510000
06/01/2020;28940000;30600000;28110000;28230000
06/02/2020;28400000;28520000;26660000;26840000
06/03/2020;26750000;26980000;25040000;25660000
06/04/2020;26230000;26430000;24380000;25810000
06/05/2020;24790000;25090000;23540000;24520000
06/08/2020;25560000;25980000;24650000;25810000
06/09/2020;25930000;27700000;25710000;27570000
06/10/2020;26730000;29010000;26060000;27570000
06/11/2020;30450000;42580000;29490000;40790000
06/12/2020;37680000;44160000;34970000;36090000
06/15/2020;44090000;44440000;34280000;34400000
06/16/2020;34280000;37450000;31730000;33670000
06/17/2020;33280000;35170000;32250000;33470000
06/18/2020;33830000;36250000;32240000;32940000
06/19/2020;32070000;35120000;30400000;35120000
06/22/2020;35220000;35390000;31640000;31770000
06/23/2020;31710000;31710000;29260000;31370000
06/24/2020;31050000;37120000;30950000;33840000
06/25/2020;36590000;36930000;31590000;32220000
06/26/2020;33010000;36250000;31040000;34730000
06/29/2020;35050000;36310000;31780000;31780000
06/30/2020;32540000;32940000;29560000;30430000
07/01/2020;30960000;31760000;28200000;28620000
07/02/2020;28330000;28440000;25900000;27680000
07/06/2020;27760000;28330000;24920000;27940000
07/07/2020;28770000;29630000;27250000;29430000
07/08/2020;28950000;30200000;27240000;28080000
07/09/2020;28180000;31480000;26110000;29260000
07/10/2020;30860000;30910000;27130000;27290000
07/13/2020;27850000;32450000;26870000;32190000
07/14/2020;31140000;33670000;29210000;29520000
07/15/2020;29150000;30090000;27170000;27760000
07/16/2020;28410000;29290000;26980000;28000000
07/17/2020;27150000;27540000;25410000;25680000
07/20/2020;26940000;27080000;24350000;24460000
07/21/2020;24080000;25650000;23610000;24840000
07/22/2020;24560000;26260000;24130000;24320000
07/23/2020;23970000;26950000;23600000;26080000
07/24/2020;27960000;28580000;25530000;25840000
07/27/2020;26600000;26940000;24550000;24740000
07/28/2020;24860000;25850000;24050000;25440000
07/29/2020;25160000;25420000;23730000;24100000
07/30/2020;25040000;28290000;24640000;24760000
07/31/2020;24790000;26410000;23550000;24460000
08/03/2020;25750000;26010000;22170000;24280000
08/04/2020;24010000;24760000;22920000;23760000
08/05/2020;23440000;23610000;22860000;22990000
08/06/2020;23030000;24110000;20970000;22650000
08/07/2020;23450000;24020000;22020000;22210000
08/10/2020;22880000;23520000;21460000;22130000
08/11/2020;21850000;24930000;20280000;24030000
08/12/2020;22820000;22880000;21540000;22280000
08/13/2020;22200000;22920000;21450000;22130000
08/14/2020;22270000;23550000;21790000;22050000
08/17/2020;22520000;22820000;21340000;21350000
08/18/2020;21690000;22550000;21180000;21510000
08/19/2020;21600000;22980000;20990000;22540000
08/20/2020;24100000;24600000;22370000;22720000
08/21/2020;22580000;24470000;22060000;22540000
08/24/2020;22870000;23180000;21250000;22370000
08/25/2020;22160000;23430000;21530000;22030000
08/26/2020;22140000;23270000;20920000;23270000
08/27/2020;23420000;27090000;21440000;24470000
08/28/2020;24590000;26300000;22640000;22960000
08/31/2020;23910000;26500000;21770000;26410000
09/01/2020;25860000;26590000;25020000;26120000
09/02/2020;26010000;27070000;25530000;26570000
09/03/2020;26280000;35940000;25660000;33600000
09/04/2020;34620000;38280000;29500000;30750000
09/08/2020;30610000;35930000;30520000;31460000
09/09/2020;31680000;31780000;28120000;28810000
09/10/2020;28670000;30560000;27590000;29710000
09/11/2020;28630000;29730000;26510000;26870000
09/14/2020;25860000;26790000;25380000;25850000
09/15/2020;25920000;26000000;24920000;25590000
09/16/2020;25310000;26590000;24840000;26040000
09/17/2020;28220000;28920000;26260000;26460000
09/18/2020;26650000;28100000;25280000;25830000
09/21/2020;28040000;31180000;27390000;27780000
09/22/2020;28610000;28780000;26480000;26860000
09/23/2020;27020000;29730000;25190000;28580000
09/24/2020;29540000;30490000;27940000;28510000
09/25/2020;28170000;30430000;26020000;26380000
09/28/2020;27150000;27190000;24900000;26190000
09/29/2020;26810000;27430000;25980000;26270000
09/30/2020;26690000;27120000;25060000;26370000
10/01/2020;25780000;27110000;25330000;26700000
10/02/2020;28870000;29900000;26930000;27630000
10/05/2020;29520000;29690000;27270000;27960000
10/06/2020;28050000;30000000;26010000;29480000
10/07/2020;29260000;29760000;27940000;28060000
10/08/2020;27650000;27990000;24880000;26360000
10/09/2020;26200000;26220000;24030000;25000000
10/12/2020;25650000;25650000;24140000;25070000
10/13/2020;25670000;26930000;25160000;26070000
10/14/2020;25720000;27230000;25530000;26400000
10/15/2020;27100000;29060000;26820000;26970000
10/16/2020;27160000;27460000;26190000;27410000
10/19/2020;27360000;29690000;27040000;29180000
10/20/2020;28810000;29600000;28290000;29350000
10/21/2020;29120000;30550000;28370000;28650000
10/22/2020;30100000;30120000;27680000;28110000
10/23/2020;28470000;28670000;27260000;27550000
10/26/2020;29380000;33680000;29220000;32460000
10/27/2020;32040000;33770000;31850000;33350000
10/28/2020;34690000;40770000;34680000;40280000
10/29/2020;38800000;41160000;35630000;37590000
10/30/2020;40810000;41090000;36500000;38020000
11/02/2020;38570000;38780000;36130000;37130000
11/03/2020;36440000;36440000;34190000;35550000
11/04/2020;36790000;36850000;28030000;29570000
11/05/2020;27560000;28140000;26040000;27580000
11/06/2020;27870000;29440000;24560000;24860000
11/09/2020;24800000;25820000;22410000;25750000
11/10/2020;25360000;26770000;24350000;24800000
11/11/2020;25010000;25120000;22570000;23450000
11/12/2020;24390000;27270000;23530000;25350000
11/13/2020;24940000;25030000;22740000;23100000
11/16/2020;23660000;24080000;22430000;22450000
11/17/2020;22840000;24090000;22340000;22710000
11/18/2020;22860000;23920000;21660000;23840000
11/19/2020;23620000;24520000;22560000;23110000
11/20/2020;23430000;23730000;22130000;23700000
11/23/2020;23660000;23960000;22450000;22660000
11/24/2020;22040000;22480000;20800000;21640000
11/25/2020;21650000;22500000;21130000;21250000
11/27/2020;21520000;21600000;19510000;20840000
11/30/2020;22640000;22890000;20480000;20570000
12/01/2020;20210000;20920000;20000000;20770000
12/02/2020;21000000;21250000;20040000;21170000
12/03/2020;21240000;21880000;20720000;21280000
12/04/2020;21050000;21150000;19970000;20790000
12/07/2020;22040000;22620000;21170000;21300000
12/08/2020;21650000;22250000;20520000;20680000
12/09/2020;20660000;22930000;20100000;22270000
12/10/2020;22120000;23460000;21530000;22520000
12/11/2020;22490000;25140000;22480000;23310000
12/14/2020;22670000;24820000;21950000;24720000
12/15/2020;24000000;24070000;22730000;22890000
12/16/2020;22510000;23670000;22290000;22500000
12/17/2020;21980000;22270000;21520000;21930000
12/18/2020;22150000;23770000;21570000;21570000
12/21/2020;24250000;31460000;24230000;25160000
12/22/2020;25240000;25560000;23530000;24230000
12/23/2020;23490000;23680000;22130000;23310000
12/24/2020;22470000;22830000;21390000;21530000
12/28/2020;22110000;22120000;21150000;21700000
12/29/2020;21610000;23720000;20990000;23080000
12/30/2020;22580000;23150000;22410000;22770000
12/31/2020;22990000;23250000;21240000;22750000
01/04/2021;23040000;29190000;22560000;26970000
01/05/2021;26940000;28600000;24800000;25340000
01/06/2021;25480000;26770000;22140000;25070000
01/07/2021;23670000;23910000;22250000;22370000
01/08/2021;22430000;23340000;21420000;21560000
01/11/2021;23310000;24810000;23230000;24080000
01/12/2021;23490000;25150000;22830000;23330000
01/13/2021;23070000;24180000;21920000;22210000
01/14/2021;22220000;23470000;21660000;23250000
01/15/2021;23520000;25800000;23080000;24340000
01/19/2021;23030000;23560000;22530000;23240000
01/20/2021;22820000;22860000;21370000;21580000
01/21/2021;21340000;22220000;21090000;21320000
01/22/2021;22240000;23730000;21270000;21910000
01/25/2021;22310000;26630000;22200000;23190000
01/26/2021;23910000;23940000;22550000;23020000
01/27/2021;23820000;37210000;23710000;37210000
01/28/2021;33250000;36290000;27390000;30210000
01/29/2021;35160000;37510000;29240000;33090000
02/01/2021;31450000;33960000;29030000;30240000
02/02/2021;28010000;28080000;25310000;25560000
02/03/2021;24590000;25430000;22910000;22910000
02/04/2021;23440000;23440000;21680000;21770000
02/05/2021;21990000;22160000;20860000;20870000
02/08/2021;21890000;22070000;21230000;21240000
02/09/2021;21570000;22260000;20650000;21630000
02/10/2021;21640000;23850000;19690000;21990000
02/11/2021;22090000;23250000;21110000;21250000
02/12/2021;21600000;22450000;19950000;19970000
02/16/2021;21130000;22460000;20880000;21460000
02/17/2021;22020000;23440000;21090000;21500000
02/18/2021;21980000;24230000;21800000;22490000
02/19/2021;23100000;23190000;20840000;22050000
02/22/2021;24460000;25090000;21960000;23450000
02/23/2021;22820000;27010000;22500000;23110000
02/24/2021;23760000;25040000;21310000;21340000
02/25/2021;21730000;31160000;21520000;28890000
02/26/2021;28730000;30820000;25230000;27950000
03/01/2021;25200000;25390000;23170000;23350000
03/02/2021;23580000;24600000;22800000;24100000
03/03/2021;22800000;26790000;22450000;26670000
03/04/2021;26520000;31900000;24930000;28570000
03/05/2021;29480000;30030000;24330000;24660000
03/08/2021;27610000;28390000;24070000;25470000
03/09/2021;25110000;25250000;22900000;24030000
03/10/2021;23760000;23870000;22380000;22560000
03/11/2021;22500000;22500000;21450000;21910000
03/12/2021;22570000;22990000;20630000;20690000
03/15/2021;21840000;21860000;19870000;20030000
03/16/2021;20140000;20310000;19330000;19790000
03/17/2021;20100000;20950000;19180000;19230000
03/18/2021;18950000;22600000;18950000;21580000
03/19/2021;21430000;23170000;19900000;20950000
03/22/2021;21910000;22290000;18870000;18880000
03/23/2021;19460000;21580000;18800000;20300000
03/24/2021;20640000;21490000;19300000;21200000
03/25/2021;20800000;23550000;19810000;19810000
03/26/2021;19320000;21490000;18680000;18860000
03/29/2021;20400000;21600000;19420000;20740000
03/30/2021;20760000;21750000;19470000;19610000
03/31/2021;19800000;20110000;18850000;19400000
04/01/2021;18600000;18640000;17290000;17330000
04/05/2021;18160000;18400000;17350000;17910000
04/06/2021;18070000;18300000;17370000;18120000
04/07/2021;17990000;18170000;16870000;17160000
04/08/2021;16920000;17360000;16550000;16950000
04/09/2021;17050000;17340000;16200000;16690000
04/12/2021;17430000;17910000;16810000;16910000
04/13/2021;16990000;17860000;16430000;16650000
04/14/2021;16710000;17690000;15380000;16990000
04/15/2021;16780000;16920000;15940000;16570000
04/16/2021;16650000;16880000;16050000;16250000
04/19/2021;17040000;18610000;16780000;17290000
04/20/2021;17360000;19700000;17240000;18680000
04/21/2021;18480000;19290000;16910000;17500000
04/22/2021;17280000;19900000;16990000;18710000
04/23/2021;18560000;18780000;16800000;17330000
04/26/2021;17940000;18170000;16870000;17640000
04/27/2021;17620000;18160000;16970000;17560000
04/28/2021;17470000;17840000;16670000;17280000
04/29/2021;16880000;18870000;16770000;17610000
04/30/2021;17670000;19250000;17640000;18610000
05/03/2021;18650000;19120000;17800000;18310000
05/04/2021;18160000;21850000;18110000;19480000
05/05/2021;18840000;19580000;17890000;19150000
05/06/2021;18410000;20600000;18210000;18390000
05/07/2021;18450000;18570000;16680000;16690000
05/10/2021;17340000;19750000;17070000;19660000
05/11/2021;21170000;23730000;20710000;21840000
05/12/2021;22420000;28380000;21660000;27590000
05/13/2021;26030000;28930000;22230000;23130000
05/14/2021;21770000;22100000;18660000;18810000
05/17/2021;19890000;21580000;19670000;19720000
05/18/2021;18890000;21450000;18810000;21340000
05/19/2021;22460000;25960000;21880000;22180000
05/20/2021;22330000;23500000;20190000;20670000
05/21/2021;20420000;20890000;19530000;20150000
05/24/2021;20500000;20510000;18380000;18400000
05/25/2021;18350000;19290000;16870000;18840000
05/26/2021;18370000;18920000;17350000;17360000
05/27/2021;18030000;18170000;16520000;16740000
05/28/2021;16800000;16860000;15900000;16760000
06/01/2021;17240000;18530000;15680000;17900000
06/02/2021;17860000;18310000;16740000;17480000
06/03/2021;17730000;19270000;17450000;18040000
06/04/2021;18090000;18420000;16180000;16420000
06/07/2021;17340000;17350000;15780000;16420000
06/08/2021;16580000;17750000;15150000;17070000
06/09/2021;17180000;17960000;15550000;17890000
06/10/2021;18180000;18290000;16010000;16100000
06/11/2021;16180000;16200000;15150000;15650000
06/14/2021;16040000;17040000;15040000;16390000
06/15/2021;16270000;17350000;16140000;17020000
06/16/2021;16990000;19110000;16420000;18150000
06/17/2021;18490000;19220000;16710000;17750000
06/18/2021;16960000;21040000;16920000;20700000
06/21/2021;21740000;21820000;17810000;17890000
06/22/2021;17910000;18320000;15760000;16660000
06/23/2021;16250000;16840000;14860000;16320000
06/24/2021;15990000;16050000;14190000;15970000
06/25/2021;16040000;16170000;15210000;15620000
06/28/2021;16070000;16460000;15390000;15760000
06/29/2021;15690000;16310000;14100000;16020000
06/30/2021;16180000;17310000;15580000;15830000
07/01/2021;15620000;16010000;15310000;15480000
07/02/2021;15530000;15540000;14250000;15070000
07/06/2021;15770000;17940000;15730000;16440000
07/07/2021;16430000;17640000;16080000;16200000
07/08/2021;17740000;21290000;17740000;19000000
07/09/2021;17880000;18130000;16080000;16180000
07/12/2021;16850000;17520000;16140000;16170000
07/13/2021;16390000;17230000;15940000;17120000
07/14/2021;17340000;17510000;15950000;16330000
07/15/2021;16700000;18090000;16560000;17010000
07/16/2021;16800000;18700000;16030000;18450000
07/19/2021;19610000;25090000;19270000;22500000
07/20/2021;20890000;22970000;19370000;19730000
07/21/2021;19730000;19820000;17810000;17910000
07/22/2021;17590000;18450000;17400000;17690000
07/23/2021;16980000;17480000;16330000;17200000
07/26/2021;18670000;19390000;17530000;17580000
07/27/2021;18620000;20440000;18250000;19360000
07/28/2021;19410000;19620000;17520000;18310000
07/29/2021;17910000;18010000;17190000;17700000
07/30/2021;19690000;19720000;17530000;18240000
08/02/2021;18160000;19870000;17990000;19460000
08/03/2021;19170000;20440000;17700000;18040000
08/04/2021;18230000;18900000;17670000;17970000
08/05/2021;17730000;17840000;17230000;17280000
08/06/2021;17460000;17500000;16140000;16150000
08/09/2021;17120000;17390000;16590000;16720000
08/10/2021;16820000;17050000;16340000;16790000
08/11/2021;16810000;17090000;15870000;16060000
08/12/2021;16330000;16420000;15490000;15590000
08/13/2021;15680000;15720000;15190000;15450000
08/16/2021;17050000;17710000;16020000;16120000
08/17/2021;17310000;19560000;16710000;17910000
08/18/2021;17560000;21640000;17310000;21570000
08/19/2021;23120000;24740000;20370000;21670000
08/20/2021;22740000;23900000;18180000;18560000
08/23/2021;18830000;18950000;16950000;17150000
08/24/2021;16960000;17510000;16940000;17220000
08/25/2021;17420000;17500000;16460000;16790000
08/26/2021;17460000;19270000;17160000;18840000
08/27/2021;17950000;18220000;16110000;16390000
08/30/2021;16770000;16800000;15980000;16190000
08/31/2021;15980000;17070000;15910000;16480000
09/01/2021;16060000;16710000;15680000;16110000
09/02/2021;16270000;16980000;15730000;16410000
09/03/2021;16270000;17060000;16080000;16410000
09/07/2021;16940000;18390000;16890000;18140000
09/08/2021;18970000;19640000;17780000;17960000
09/09/2021;19440000;19540000;17170000;18800000
09/10/2021;17940000;21130000;16990000;20950000
09/13/2021;19640000;21180000;18760000;19370000
09/14/2021;19580000;20470000;18390000;19460000
09/15/2021;19300000;20270000;18010000;18180000
09/16/2021;18410000;19760000;17650000;18690000
09/17/2021;18370000;21510000;18350000;20810000
09/20/2021;24250000;28790000;23900000;25710000
09/21/2021;23410000;25600000;21710000;24360000
09/22/2021;22720000;23400000;20750000;20870000
09/23/2021;19910000;20210000;18420000;18630000
09/24/2021;19330000;20410000;17630000;17750000
09/27/2021;17780000;19320000;17740000;18760000
09/28/2021;19740000;24820000;19710000;23250000
09/29/2021;22070000;23790000;21450000;22560000
09/30/2021;21480000;24710000;20600000;23140000
10/01/2021;24780000;24890000;20640000;21150000
10/04/2021;22900000;24580000;21880000;22960000
10/05/2021;22920000;23170000;20620000;21300000
10/06/2021;22950000;24400000;20990000;21000000
10/07/2021;20540000;20760000;19070000;19540000
10/08/2021;19460000;19940000;18200000;18770000
10/11/2021;19930000;20450000;18110000;20000000
10/12/2021;20620000;20810000;18970000;19850000
10/13/2021;20140000;20230000;18440000;18640000
10/14/2021;18010000;18080000;16800000;16860000
10/15/2021;16640000;16850000;15720000;16300000
10/18/2021;17290000;17930000;16270000;16310000
10/19/2021;16090000;16310000;15570000;15700000
10/20/2021;15820000;15890000;15290000;15490000
10/21/2021;16060000;16110000;14920000;15010000
10/22/2021;15350000;16390000;14840000;15430000
10/25/2021;16140000;16330000;15100000;15240000
10/26/2021;15020000;16710000;14900000;15980000
10/27/2021;15790000;17290000;15540000;16980000
10/28/2021;17060000;17160000;16230000;16530000
10/29/2021;17400000;18060000;16130000;16260000
11/01/2021;16850000;17700000;16320000;16410000
11/02/2021;16540000;16650000;15890000;16030000
11/03/2021;16110000;16390000;14900000;15100000
11/04/2021;15060000;16140000;14730000;15440000
11/05/2021;15590000;17020000;14950000;16480000
11/08/2021;17230000;17690000;16440000;17220000
11/09/2021;17430000;18570000;17210000;17780000
11/10/2021;17740000;19900000;17220000;18730000
11/11/2021;18340000;18390000;17270000;17660000
11/12/2021;17490000;17690000;16150000;16290000
11/15/2021;17030000;17460000;16490000;16490000
11/16/2021;16860000;17080000;16030000;16370000
11/17/2021;16360000;17190000;16280000;17110000
11/18/2021;16810000;18150000;16380000;17590000
11/19/2021;17360000;19010000;17230000;17910000
11/22/2021;18200000;19590000;17350000;19170000
11/23/2021;20240000;20910000;19030000;19380000
11/24/2021;19170000;20960000;18520000;18580000
11/26/2021;26620000;28990000;23880000;28620000
11/29/2021;25310000;25690000;21710000;22960000
11/30/2021;26230000;28560000;23710000;27190000
12/01/2021;24920000;32610000;22380000;31120000
12/02/2021;29440000;30680000;27150000;27950000
12/03/2021;26950000;35320000;25890000;30670000
12/06/2021;28990000;30820000;26750000;27180000
12/07/2021;24580000;24690000;21580000;21890000
12/08/2021;21740000;23110000;19850000;19900000
12/09/2021;20310000;22120000;19940000;21580000
12/10/2021;21270000;21300000;18690000;18690000
12/13/2021;19290000;21180000;18960000;20310000
12/14/2021;19670000;23000000;19670000;21890000
12/15/2021;21600000;23470000;19020000;19290000
12/16/2021;18560000;22130000;18190000;20570000
12/17/2021;20700000;23260000;20490000;21570000
12/20/2021;25890000;27390000;22850000;22870000
12/21/2021;22280000;22680000;20900000;21010000
12/22/2021;21040000;21360000;18590000;18630000
12/23/2021;18810000;18930000;17620000;17960000
12/27/2021;19370000;19410000;17550000;17680000
12/28/2021;17780000;18470000;17510000;17540000
12/29/2021;17630000;18000000;16710000;16950000
12/30/2021;17300000;17790000;16620000;17330000
12/31/2021;17630000;18270000;16990000;17220000
01/03/2022;17600000;18540000;16560000;16600000
01/04/2022;16570000;17810000;16340000;16910000
01/05/2022;17070000;20170000;16580000;19730000
01/06/2022;20290000;21060000;19080000;19610000
01/07/2022;19850000;20800000;18570000;18760000
01/10/2022;19580000;23330000;19290000;19400000
01/11/2022;19620000;21000000;18200000;18410000
01/12/2022;18170000;18690000;17360000;17620000
01/13/2022;18060000;20610000;17450000;20310000
01/14/2022;20110000;22070000;19050000;19190000
01/18/2022;21180000;23200000;21180000;22790000
01/19/2022;23120000;23990000;21850000;23850000
01/20/2022;23460000;25890000;21680000;25590000
01/21/2022;25380000;29790000;25310000;28850000
01/24/2022;28200000;38940000;28020000;29900000
01/25/2022;32290000;35850000;29130000;31160000
01/26/2022;29350000;33040000;26900000;31960000
01/27/2022;32190000;33000000;28420000;30490000
01/28/2022;30270000;32820000;27280000;27660000
01/31/2022;28360000;29410000;24710000;24830000
02/01/2022;24570000;25330000;21960000;21960000
02/02/2022;21560000;22730000;20460000;22090000
02/03/2022;22630000;25810000;22300000;24350000
02/04/2022;23770000;26260000;22070000;23220000
02/07/2022;24090000;24820000;22020000;22860000
02/08/2022;23090000;23480000;21320000;21440000
02/09/2022;21270000;21300000;19930000;19960000
02/10/2022;20370000;24770000;20180000;23910000
02/11/2022;24390000;30990000;23330000;27360000
02/14/2022;29170000;32040000;28330000;28330000
02/15/2022;28090000;28090000;25330000;25700000
02/16/2022;25190000;27090000;23880000;24290000
02/17/2022;24830000;28370000;24760000;28110000
02/18/2022;26660000;29710000;26380000;27750000
02/22/2022;31800000;32040000;28400000;28810000
02/23/2022;28040000;31070000;27200000;31020000
02/24/2022;37500000;37790000;29450000;30320000
02/25/2022;31680000;32000000;26930000;27590000
02/28/2022;32440000;33510000;28430000;30150000
03/01/2022;29450000;35190000;29440000;33320000
03/02/2022;34200000;34410000;30120000;30740000
03/03/2022;30520000;32010000;29310000;30480000
03/04/2022;31900000;34650000;31470000;31980000
03/07/2022;35880000;36550000;32590000;36450000
03/08/2022;36190000;37520000;32780000;35130000
03/09/2022;33740000;34120000;31390000;32450000
03/10/2022;33030000;34030000;30230000;30230000
03/11/2022;30430000;31040000;28840000;30750000
03/14/2022;31030000;33180000;30060000;31770000
03/15/2022;33130000;33830000;29570000;29830000
03/16/2022;29020000;29800000;26290000;26670000
03/17/2022;26510000;27470000;25250000;25670000
03/18/2022;26360000;26820000;23850000;23870000
03/21/2022;25140000;25360000;22990000;23530000
03/22/2022;24020000;24020000;22700000;22940000
03/23/2022;23040000;24030000;22640000;23570000
03/24/2022;23610000;23790000;21490000;21670000
03/25/2022;21870000;22860000;20800000;20810000
03/28/2022;22140000;23330000;19540000;19630000
03/29/2022;19700000;19730000;18670000;18900000
03/30/2022;19380000;20510000;18720000;19330000
03/31/2022;19680000;21480000;19540000;20560000
04/01/2022;20620000;20860000;19410000;19630000
04/04/2022;20750000;20780000;18450000;18570000
04/05/2022;18790000;21570000;18550000;21030000
04/06/2022;21270000;24780000;21240000;22100000
04/07/2022;21970000;23820000;21120000;21550000
04/08/2022;21250000;22340000;20280000;21160000
04/11/2022;23090000;24420000;22090000;24370000
04/12/2022;24940000;25380000;22270000;24260000
04/13/2022;23520000;24450000;21370000;21820000
04/14/2022;21720000;22700000;20850000;22700000
04/18/2022;24520000;24600000;21980000;22170000
04/19/2022;22550000;22920000;20360000;21370000
04/20/2022;21130000;21320000;19750000;20320000
04/21/2022;20240000;23280000;19810000;22680000
04/22/2022;22710000;28270000;22620000;28210000
04/25/2022;30040000;31600000;26800000;27020000
04/26/2022;27380000;33810000;27060000;33520000
04/27/2022;31110000;32770000;29820000;31600000
04/28/2022;29910000;32000000;28000000;29990000
04/29/2022;28970000;34340000;28540000;33400000
05/02/2022;33350000;36640000;31740000;32340000
05/03/2022;31760000;32820000;29060000;29250000
05/04/2022;29120000;29420000;24940000;25420000
05/05/2022;25970000;33200000;25780000;31200000
05/06/2022;32230000;35340000;29830000;30190000
05/09/2022;31900000;35480000;31900000;34750000
05/10/2022;33660000;34840000;32240000;32990000
05/11/2022;32870000;34390000;30690000;32560000
05/12/2022;33740000;34760000;31700000;31770000
05/13/2022;31090000;31200000;28780000;28870000
05/16/2022;30010000;30230000;27360000;27470000
05/17/2022;27070000;27170000;25510000;26100000
05/18/2022;26740000;31490000;26210000;30960000
05/19/2022;31240000;33110000;29060000;29350000
05/20/2022;28780000;32910000;28060000;29430000
05/23/2022;28980000;30390000;28290000;28480000
05/24/2022;29430000;31070000;29040000;29450000
05/25/2022;29330000;30230000;28160000;28370000
05/26/2022;28420000;28460000;27110000;27500000
05/27/2022;27500000;27540000;25570000;25720000
05/30/2022;26160000;26810000;26080000;26540000
05/31/2022;27470000;28350000;25940000;26190000
06/01/2022;26050000;27730000;25380000;25690000
06/02/2022;25730000;26500000;24330000;24720000
06/03/2022;24910000;25960000;24760000;24790000
06/06/2022;25370000;25810000;24820000;25070000
06/07/2022;25540000;26240000;23880000;24020000
06/08/2022;24370000;24780000;23740000;23960000
06/09/2022;24290000;26240000;23820000;26090000
06/10/2022;26260000;29630000;26050000;27750000
06/13/2022;31370000;35050000;31290000;34020000
06/14/2022;33010000;34000000;32060000;32690000
06/15/2022;32390000;32770000;27760000;29620000
06/16/2022;30350000;34820000;30350000;32950000
06/17/2022;32840000;33310000;30470000;31130000
06/20/2022;32060000;32160000;30980000;31030000
06/21/2022;30630000;30650000;29330000;30190000
06/22/2022;31450000;31570000;28780000;28950000
06/23/2022;29290000;29770000;28740000;29050000
06/24/2022;29070000;29720000;26830000;27230000
06/27/2022;28300000;28660000;26930000;26950000
06/28/2022;26900000;28680000;26470000;28360000
06/29/2022;28800000;29360000;27850000;28160000
06/30/2022;29420000;30220000;28280000;28710000
07/01/2022;29530000;29590000;26690000;26700000
07/04/2022;27960000;28100000;27460000;27530000
07/05/2022;27370000;29820000;27300000;27540000
07/06/2022;27840000;28070000;26430000;26730000
07/07/2022;26730000;26790000;25660000;26080000
07/08/2022;26410000;26610000;24430000;24640000
07/11/2022;26420000;26740000;25790000;26170000
07/12/2022;27140000;27750000;25820000;27290000
07/13/2022;27350000;29060000;26230000;26820000
07/14/2022;27470000;28450000;26200000;26400000
07/15/2022;26720000;26720000;24130000;24230000
07/18/2022;24830000;25910000;24380000;25300000
07/19/2022;25120000;25410000;24230000;24500000
07/20/2022;24230000;24730000;23400000;23880000
07/21/2022;24070000;24670000;22920000;23110000
07/22/2022;23300000;23810000;22410000;23030000
07/25/2022;24330000;24570000;23190000;23360000
07/26/2022;23950000;25310000;23820000;24690000
07/27/2022;24270000;24410000;23020000;23240000
07/28/2022;23330000;23540000;22220000;22330000
07/29/2022;22130000;22160000;21210000;21330000
08/01/2022;22410000;23270000;22260000;22840000
08/02/2022;24080000;24680000;22670000;23930000
08/03/2022;23860000;23920000;21680000;21950000
08/04/2022;22060000;22660000;21440000;21440000
08/05/2022;21500000;22580000;20760000;21150000
08/08/2022;21740000;22010000;20830000;21290000
08/09/2022;21410000;22230000;21410000;21770000
08/10/2022;22280000;22340000;19540000;19740000
08/11/2022;19840000;20850000;19710000;20200000
08/12/2022;20340000;20350000;19120000;19530000
08/15/2022;20740000;21160000;19810000;19950000
08/16/2022;20230000;20390000;19500000;19690000
08/17/2022;19740000;20630000;19410000;19900000
08/18/2022;20510000;20610000;19430000;19560000
08/19/2022;20160000;21270000;20080000;20600000
08/22/2022;22410000;24620000;22390000;23800000
08/23/2022;24130000;24210000;23070000;24110000
08/24/2022;24370000;24860000;22730000;22820000
08/25/2022;22410000;23130000;21770000;21780000
08/26/2022;22070000;25900000;21670000;25560000
08/29/2022;26860000;27670000;25470000;26210000
08/30/2022;25750000;27690000;25130000;26210000
08/31/2022;25860000;26620000;25310000;25870000
09/01/2022;26880000;27450000;25250000;25560000
09/02/2022;25510000;26280000;23190000;25470000
09/05/2022;26510000;26850000;25840000;25990000
09/06/2022;25460000;27800000;25330000;26910000
09/07/2022;26930000;27150000;24540000;24640000
09/08/2022;24700000;25900000;23560000;23610000
09/09/2022;23490000;23570000;22640000;22790000
09/12/2022;23580000;24230000;23160000;23870000
09/13/2022;23670000;28150000;23530000;27270000
09/14/2022;26730000;27560000;26160000;26160000
09/15/2022;26100000;26930000;25420000;26270000
09/16/2022;27470000;28450000;26140000;26300000
09/19/2022;27690000;27950000;25560000;25760000
09/20/2022;25650000;27810000;25610000;27160000
09/21/2022;28030000;30180000;25550000;27990000
09/22/2022;28160000;28380000;26710000;27350000
09/23/2022;27680000;32310000;27580000;29920000
09/26/2022;31740000;32880000;29830000;32260000
09/27/2022;31200000;34140000;30300000;32600000
09/28/2022;34500000;34880000;30030000;30180000
09/29/2022;31670000;33460000;31160000;31840000
09/30/2022;31610000;33250000;29390000;31620000
10/03/2022;33000000;33060000;29630000;30100000
10/04/2022;29520000;29620000;28560000;29070000
10/05/2022;29360000;30110000;28500000;28550000
10/06/2022;28600000;30740000;28560000;30520000
10/07/2022;30370000;32020000;29880000;31360000
10/10/2022;32930000;33990000;32050000;32450000
10/11/2022;33560000;34430000;32450000;33630000
10/12/2022;33540000;34530000;33110000;33570000
10/13/2022;33600000;33870000;31630000;31940000
10/14/2022;31890000;32980000;31140000;32020000
10/17/2022;32270000;32590000;30700000;31370000
10/18/2022;31100000;31930000;30420000;30500000
10/19/2022;30940000;31900000;30760000;30760000
10/20/2022;31300000;31320000;29760000;29980000
10/21/2022;30210000;30440000;29240000;29690000
10/24/2022;30650000;30950000;29780000;29850000
10/25/2022;29800000;30000000;28220000;28460000
10/26/2022;28440000;28520000;27270000;27280000
10/27/2022;27510000;27670000;26940000;27390000
10/28/2022;27430000;27590000;25750000;25750000
10/31/2022;26910000;27070000;25840000;25880000
11/01/2022;25960000;26350000;25660000;25810000
11/02/2022;26040000;26620000;25390000;25860000
11/03/2022;25980000;26870000;25100000;25300000
11/04/2022;25630000;25710000;24000000;24550000
11/07/2022;25670000;25670000;24340000;24350000
11/08/2022;24710000;26160000;24240000;25540000
11/09/2022;25340000;26350000;25020000;26090000
11/10/2022;26510000;26590000;22840000;23530000
11/11/2022;23890000;23910000;22370000;22520000
11/14/2022;23990000;24330000;22860000;23730000
11/15/2022;23770000;26220000;23180000;24540000
11/16/2022;24290000;24720000;23990000;24110000
11/17/2022;24050000;25180000;23810000;23930000
11/18/2022;24030000;24120000;22980000;23120000
11/21/2022;24050000;24120000;22300000;22360000
11/22/2022;22590000;22710000;21280000;21290000
11/23/2022;21490000;21780000;20320000;20350000
11/24/2022;20500000;20540000;20310000;20420000
11/25/2022;20610000;21110000;20460000;20500000
11/28/2022;22090000;22500000;21650000;22210000
11/29/2022;22090000;22570000;21830000;21890000
11/30/2022;21700000;22630000;20310000;20580000
12/01/2022;20830000;21060000;19800000;19840000
12/02/2022;20420000;20960000;18950000;19060000
12/05/2022;20300000;21290000;19780000;20750000
12/06/2022;20690000;22600000;20380000;22170000
12/07/2022;22320000;23010000;22180000;22680000
12/08/2022;22810000;23280000;22060000;22290000
12/09/2022;22550000;23210000;22180000;22830000
12/12/2022;24400000;25050000;24180000;25000000
12/13/2022;25240000;25840000;21460000;22550000
12/14/2022;22830000;23470000;21070000;21140000
12/15/2022;21520000;23670000;21250000;22830000
12/16/2022;23260000;23830000;22090000;22620000
12/19/2022;22630000;22860000;21610000;22420000
12/20/2022;23170000;23390000;21350000;21480000
12/21/2022;21250000;21290000;19940000;20070000
12/22/2022;20080000;24300000;20010000;21970000
12/23/2022;22170000;22640000;20780000;20870000
12/27/2022;21670000;22800000;21590000;21650000
12/28/2022;21470000;22260000;20960000;22140000
12/29/2022;22250000;22310000;21360000;21440000
12/30/2022;21830000;22400000;21590000;21670000
01/03/2023;23090000;23760000;22730000;22900000
01/04/2023;22930000;23270000;21940000;22010000
01/05/2023;22200000;22920000;21970000;22460000
01/06/2023;22690000;22900000;21000000;21130000
01/09/2023;21750000;21980000;21270000;21970000
01/10/2023;22220000;22460000;20580000;20580000
01/11/2023;20800000;21250000;20620000;21090000
01/12/2023;21560000;21800000;18830000;18830000
01/13/2023;19000000;19410000;18010000;18350000
01/16/2023;19440000;19630000;19410000;19490000
01/17/2023;19890000;20220000;19210000;19360000
01/18/2023;19280000;20580000;18710000;20340000
01/19/2023;20430000;21710000;20170000;20520000
01/20/2023;20280000;20700000;19410000;19850000
01/23/2023;20210000;20330000;19550000;19810000
01/24/2023;19890000;20470000;18910000;19200000
01/25/2023;19560000;20900000;18990000;19080000
01/26/2023;19050000;19480000;18670000;18730000
01/27/2023;18900000;19000000;17970000;18510000
01/30/2023;19760000;20250000;19540000;19940000
01/31/2023;20120000;20700000;19130000;19400000
02/01/2023;19620000;20040000;17700000;17870000
02/02/2023;17740000;19250000;17060000;18730000
02/03/2023;18570000;19300000;17930000;18330000
02/06/2023;19230000;19810000;19210000;19430000
02/07/2023;19540000;19990000;18430000;18660000
02/08/2023;18880000;20120000;18550000;19630000
02/09/2023;19240000;21080000;19020000;20710000
02/10/2023;20740000;21940000;20440000;20530000
02/13/2023;21660000;21690000;20330000;20340000
02/14/2023;20720000;20750000;18480000;18910000
02/15/2023;19370000;19410000;18110000;18230000
02/16/2023;18260000;20270000;18230000;20170000
02/17/2023;20940000;21300000;19820000;20020000
02/20/2023;21060000;21280000;20960000;21230000
02/21/2023;21800000;23340000;21800000;22870000
02/22/2023;23030000;23630000;22020000;22290000
02/23/2023;21960000;22430000;20890000;21140000
02/24/2023;21350000;22900000;21320000;21670000
02/27/2023;21990000;22020000;20680000;20950000
02/28/2023;21300000;21370000;20100000;20700000
03/01/2023;20390000;21320000;20220000;20580000
03/02/2023;21410000;21420000;19550000;19590000
03/03/2023;19760000;19760000;18160000;18490000
03/06/2023;19050000;19190000;18490000;18610000
03/07/2023;18640000;19740000;18510000;19590000
03/08/2023;19710000;20010000;19000000;19110000
03/09/2023;19330000;23140000;18880000;22610000
03/10/2023;23340000;28970000;21790000;24800000
03/13/2023;24050000;30810000;23850000;26520000
03/14/2023;26850000;27240000;22270000;23730000
03/15/2023;23210000;29910000;23190000;26140000
03/16/2023;26190000;27490000;22970000;22990000
03/17/2023;22920000;26140000;22580000;25510000
03/20/2023;27770000;28910000;24000000;24150000
03/21/2023;24160000;24160000;21290000;21380000
03/22/2023;21800000;22380000;19940000;22260000
03/23/2023;21540000;24910000;20160000;22610000
03/24/2023;22110000;25210000;21600000;21740000
03/27/2023;22050000;22930000;20570000;20600000
03/28/2023;20530000;21400000;19910000;19970000
03/29/2023;19390000;19450000;19090000;19120000
03/30/2023;19120000;20080000;18850000;19020000
03/31/2023;19210000;19430000;18520000;18700000
04/03/2023;19790000;19830000;18540000;18550000
04/04/2023;18790000;20030000;18580000;19000000
04/05/2023;19420000;20080000;19000000;19080000
04/06/2023;19300000;19880000;18350000;18400000
04/10/2023;19390000;20050000;18930000;18970000
04/11/2023;19080000;19280000;18560000;19100000
04/12/2023;19380000;19980000;18250000;19090000
04/13/2023;18830000;19060000;17770000;17800000
04/14/2023;17940000;18120000;17070000;17070000
04/17/2023;17580000;17790000;16900000;16950000
04/18/2023;16940000;17340000;16580000;16830000
04/19/2023;17300000;17720000;16170000;16460000
04/20/2023;16850000;17690000;16330000;17170000
04/21/2023;17510000;17710000;16580000;16770000
04/24/2023;18220000;18240000;16740000;16890000
04/25/2023;17620000;19860000;17330000;18760000
04/26/2023;18660000;19610000;17870000;18840000
04/27/2023;18430000;18430000;16720000;17030000
04/28/2023;17210000;17650000;15720000;15780000
05/01/2023;16410000;16620000;15530000;16080000
05/02/2023;16270000;19810000;16260000;17780000
05/03/2023;17820000;18830000;17190000;18340000
05/04/2023;19170000;21330000;18670000;20090000
05/05/2023;19500000;19630000;16690000;17190000
05/08/2023;17730000;17880000;16830000;16980000
05/09/2023;17290000;17860000;17220000;17710000
05/10/2023;17580000;18310000;16360000;16940000
05/11/2023;16800000;18190000;16630000;16930000
05/12/2023;16830000;17920000;16380000;17030000
05/15/2023;17440000;18160000;17080000;17120000
05/16/2023;17540000;18300000;17260000;17990000
05/17/2023;17960000;18260000;16680000;16870000
05/18/2023;16920000;17150000;16050000;16050000
05/19/2023;16130000;17360000;15850000;16810000
05/22/2023;17450000;18130000;16820000;17210000
05/23/2023;17350000;19310000;17300000;18530000
05/24/2023;18800000;20810000;18800000;20030000
05/25/2023;19540000;19950000;18700000;19140000
05/26/2023;19070000;19560000;17270000;17950000
05/29/2023;17530000;17600000;17340000;17460000
05/30/2023;17560000;18340000;16980000;17460000
05/31/2023;18040000;18400000;17120000;17940000
06/01/2023;17240000;17590000;15580000;15650000
06/02/2023;15650000;15650000;14420000;14600000
06/05/2023;15280000;15290000;14660000;14730000
06/06/2023;14910000;14970000;13950000;13960000
06/07/2023;14140000;14290000;13770000;13940000
06/08/2023;14140000;14210000;13530000;13650000
06/09/2023;13780000;14140000;13500000;13830000
06/12/2023;14440000;15020000;14320000;15010000
06/13/2023;14990000;15060000;14470000;14610000
06/14/2023;14480000;14730000;13830000;13880000
06/15/2023;14090000;14520000;13790000;14500000
06/16/2023;14490000;14540000;13480000;13540000
06/19/2023;14090000;14190000;14010000;14190000
06/20/2023;14360000;14670000;13860000;13880000
06/21/2023;13880000;13890000;13100000;13200000
06/22/2023;13880000;13980000;12730000;12910000
06/23/2023;13240000;13800000;12880000;13440000
06/26/2023;14430000;14710000;13780000;14250000
06/27/2023;14110000;14340000;13590000;13740000
06/28/2023;13900000;13960000;13360000;13430000
06/29/2023;13640000;13850000;13410000;13540000
06/30/2023;13510000;13590000;12960000;13590000
07/03/2023;13850000;13850000;13470000;13570000
07/04/2023;13540000;13710000;13520000;13700000
07/05/2023;14190000;14740000;14050000;14180000
07/06/2023;14850000;17080000;14790000;15440000
07/07/2023;15970000;16060000;14330000;14830000
07/10/2023;16080000;16210000;15040000;15070000
07/11/2023;15020000;15250000;14630000;14840000
07/12/2023;14820000;14820000;13510000;13540000
07/13/2023;13440000;13610000;13120000;13610000
07/14/2023;13720000;13760000;13220000;13340000
07/17/2023;13780000;14000000;13430000;13480000
07/18/2023;13610000;13670000;13290000;13300000
07/19/2023;13320000;13840000;13120000;13760000
07/20/2023;13960000;14230000;13580000;13990000
07/21/2023;13870000;13890000;13370000;13600000
07/24/2023;14290000;14300000;13730000;13910000
07/25/2023;14020000;14090000;13820000;13860000
07/26/2023;13860000;14160000;13150000;13190000
07/27/2023;13140000;15020000;12740000;14410000
07/28/2023;14030000;14180000;13270000;13330000
07/31/2023;13980000;14090000;13570000;13630000
08/01/2023;13750000;14300000;13750000;13930000
08/02/2023;15700000;16480000;14950000;16090000
08/03/2023;16770000;17420000;15720000;15920000
08/04/2023;16010000;17390000;14570000;17100000
08/07/2023;16900000;17360000;15770000;15770000
08/08/2023;16280000;18140000;15960000;15990000
08/09/2023;15810000;16870000;15380000;15960000
08/10/2023;15580000;16860000;14600000;15850000
08/11/2023;15530000;16510000;14840000;14840000
08/14/2023;15880000;16060000;14770000;14820000
08/15/2023;14950000;16570000;14910000;16460000
08/16/2023;16540000;16930000;15800000;16780000
08/17/2023;16960000;18130000;16400000;17890000
08/18/2023;17800000;18880000;17140000;17300000
08/21/2023;18030000;18110000;16880000;17130000
08/22/2023;16960000;17580000;16610000;16970000
08/23/2023;16640000;17100000;15910000;15980000
08/24/2023;15570000;17320000;15480000;17200000
08/25/2023;17210000;17360000;15450000;15680000
08/28/2023;16240000;16280000;15000000;15080000
08/29/2023;15080000;15300000;14340000;14450000
08/30/2023;14530000;14700000;13830000;13880000
08/31/2023;13980000;14000000;13440000;13570000
09/01/2023;13560000;13560000;13020000;13090000
09/04/2023;13620000;13820000;13510000;13820000
09/05/2023;14150000;14470000;13700000;14010000
09/06/2023;14270000;15300000;14130000;14450000
09/07/2023;14810000;15690000;14400000;14400000
09/08/2023;14220000;14870000;13580000;13840000
09/11/2023;14170000;14330000;13740000;13800000
09/12/2023;14020000;14420000;13710000;14230000
09/13/2023;14420000;14680000;13410000;13480000
09/14/2023;13390000;13460000;12790000;12820000
09/15/2023;12700000;14170000;12680000;13790000
09/18/2023;14400000;14750000;13860000;14000000
09/19/2023;14110000;14880000;13860000;14110000
09/20/2023;14180000;15150000;13570000;15140000
09/21/2023;15490000;17540000;15100000;17540000
09/22/2023;17310000;17410000;15930000;17200000
09/25/2023;17250000;18410000;16790000;16900000
09/26/2023;18030000;19500000;17170000;18940000
09/27/2023;18290000;19710000;18030000;18220000
09/28/2023;18220000;18770000;17060000;17340000
09/29/2023;16870000;17740000;15830000;17520000
10/02/2023;17310000;18550000;16930000;17610000
10/03/2023;17810000;20480000;17520000;19780000
10/04/2023;20720000;20880000;18300000;18580000
10/05/2023;18670000;19580000;18260000;18490000
10/06/2023;18730000;19930000;17190000;17450000
10/09/2023;19540000;19600000;17560000;17700000
10/10/2023;17700000;17860000;16510000;17030000
10/11/2023;16950000;17780000;16090000;16090000
10/12/2023;16080000;18080000;15440000;16690000
10/13/2023;16530000;20780000;16500000;19320000
10/16/2023;19100000;19570000;17140000;17210000
10/17/2023;17410000;18540000;16970000;17880000
10/18/2023;18360000;20150000;17880000;19220000
10/19/2023;19730000;21400000;18550000;21400000
10/20/2023;21590000;21830000;20420000;21710000
10/23/2023;21830000;23080000;19480000;20370000
10/24/2023;20030000;20240000;18650000;18970000
10/25/2023;19390000;21240000;18860000;20190000
10/26/2023;21780000;21960000;20220000;20680000
10/27/2023;20390000;22070000;19720000;21270000
10/30/2023;21130000;21160000;19550000;19750000
10/31/2023;19860000;19860000;17970000;18140000
11/01/2023;18020000;18420000;16630000;16870000
11/02/2023;16590000;16620000;15580000;15660000
11/03/2023;15700000;15830000;14910000;14910000
11/06/2023;15390000;15580000;14840000;14890000
11/07/2023;15100000;15170000;14710000;14810000
11/08/2023;14910000;15090000;14300000;14450000
11/09/2023;14610000;15570000;14130000;15290000
11/10/2023;15090000;15450000;14160000;14170000
11/13/2023;15160000;15190000;14580000;14760000
11/14/2023;14830000;14860000;13910000;14160000
11/15/2023;14210000;14350000;13970000;14180000
11/16/2023;14120000;14420000;13680000;14320000
11/17/2023;14180000;14190000;13670000;13800000
11/20/2023;14260000;14310000;13390000;13410000
11/21/2023;13450000;14310000;13130000;13350000
11/22/2023;13080000;13250000;12820000;12850000
11/23/2023;12840000;12870000;12750000;12800000
11/24/2023;13030000;13170000;12450000;12460000
11/27/2023;13140000;13280000;12640000;12690000
11/28/2023;12780000;14300000;12560000;12690000
11/29/2023;12710000;13100000;12480000;12980000
11/30/2023;13070000;13390000;12820000;12920000
12/01/2023;12940000;12960000;12480000;12630000
12/04/2023;13280000;13700000;12980000;13080000
12/05/2023;13260000;13760000;12810000;12850000
12/06/2023;12780000;13030000;12640000;12970000
12/07/2023;13170000;13280000;12950000;13060000
12/08/2023;13140000;13240000;12350000;12350000
12/11/2023;13050000;13140000;12610000;12630000
12/12/2023;12690000;12740000;11810000;12070000
12/13/2023;12200000;12460000;11820000;12190000
12/14/2023;11960000;12740000;11840000;12480000
12/15/2023;12120000;12540000;12010000;12280000
12/18/2023;12620000;12640000;12400000;12560000
12/19/2023;12600000;12600000;12330000;12530000
12/20/2023;12630000;13930000;12290000;13670000
12/21/2023;13400000;14490000;13340000;13650000
12/22/2023;13720000;13960000;13000000;13030000
12/26/2023;13770000;13800000;12960000;12990000
12/27/2023;13020000;13040000;12370000;12430000
12/28/2023;12440000;12650000;12380000;12470000
12/29/2023;12550000;13190000;12360000;12450000
01/02/2024;13220000;14230000;13100000;13200000
01/03/2024;13350000;14220000;13330000;14040000
01/04/2024;13930000;14200000;13640000;14130000
01/05/2024;14240000;14580000;13290000;13350000
01/08/2024;14000000;14180000;13020000;13080000
01/09/2024;13200000;13450000;12740000;12760000
01/10/2024;12860000;12950000;12670000;12690000
01/11/2024;12640000;13310000;12350000;12440000
01/12/2024;12660000;13080000;12470000;12700000
01/15/2024;13230000;13340000;13200000;13250000
01/16/2024;14120000;14350000;13520000;13840000
01/17/2024;14590000;15400000;14380000;14790000
01/18/2024;14850000;14890000;13890000;14130000
01/19/2024;13800000;14580000;13280000;13300000
01/22/2024;13770000;13840000;13170000;13190000
01/23/2024;13200000;13290000;12530000;12550000
01/24/2024;12660000;13180000;12410000;13140000
01/25/2024;13180000;13580000;13060000;13450000
01/26/2024;13730000;14100000;13200000;13260000
01/29/2024;13980000;15350000;13590000;13600000
01/30/2024;13690000;13740000;13230000;13310000
01/31/2024;13420000;14610000;13180000;14350000
02/01/2024;14210000;14630000;13870000;13880000
02/02/2024;13950000;14230000;13390000;13850000
02/05/2024;14370000;14530000;13580000;13670000
02/06/2024;13570000;13780000;12980000;13060000
02/07/2024;13060000;13130000;12810000;12830000
02/08/2024;12950000;13170000;12740000;12790000
02/09/2024;12790000;13010000;12690000;12930000
02/12/2024;13480000;13940000;13340000;13930000
02/13/2024;13960000;17940000;13430000;15850000
02/14/2024;15380000;15470000;14220000;14380000
02/15/2024;14270000;14640000;13940000;14010000
02/16/2024;13940000;14710000;13750000;14240000
02/19/2024;14720000;14780000;14650000;14710000
02/20/2024;15090000;15910000;15070000;15420000
02/21/2024;15540000;16120000;15220000;15340000
02/22/2024;14280000;14640000;14120000;14540000
02/23/2024;14310000;14310000;13640000;13750000
02/26/2024;14170000;14200000;13660000;13740000
02/27/2024;13630000;13750000;13410000;13430000
02/28/2024;13520000;13900000;13440000;13840000
02/29/2024;14140000;14150000;13300000;13400000
03/01/2024;13340000;13660000;13080000;13110000
03/04/2024;13490000;13580000;13320000;13490000
03/05/2024;13750000;15100000;13750000;14460000
03/06/2024;14270000;14930000;13890000;14500000
03/07/2024;14980000;14980000;14250000;14440000
03/08/2024;14220000;15530000;13970000;14740000
03/11/2024;15510000;16040000;15130000;15220000
03/12/2024;14970000;15200000;13810000;13840000
03/13/2024;13890000;14040000;13670000;13750000
03/14/2024;13620000;15330000;13420000;14400000
03/15/2024;14330000;15530000;14140000;14410000
03/18/2024;14750000;14850000;14260000;14330000
03/19/2024;14500000;14860000;13800000;13820000
03/20/2024;13830000;14170000;13010000;13040000
03/21/2024;12980000;13080000;12400000;12920000
03/22/2024;12920000;13150000;12580000;13060000
03/25/2024;13670000;13670000;13110000;13190000
03/26/2024;13120000;13430000;12840000;13240000
03/27/2024;13130000;13340000;12660000;12780000
03/28/2024;12930000;13100000;12840000;13010000
04/01/2024;13610000;14150000;13550000;13650000
04/02/2024;13740000;15430000;13680000;14610000
04/03/2024;15000000;15180000;14250000;14330000
04/04/2024;14290000;16920000;13740000;16350000
04/05/2024;16450000;16750000;15530000;16030000
04/08/2024;16240000;16500000;15110000;15190000
04/09/2024;15340000;16630000;14940000;14980000
04/10/2024;15240000;16620000;14590000;15800000
04/11/2024;16020000;17610000;14910000;14910000
04/12/2024;14910000;19200000;14910000;17310000
04/15/2024;16940000;19460000;16260000;19230000
04/16/2024;19490000;19560000;17640000;18400000
04/17/2024;18240000;19110000;17540000;18210000
04/18/2024;17910000;18370000;17210000;18000000
04/19/2024;21330000;21360000;18170000;18710000
04/22/2024;18590000;18720000;16690000;16940000
04/23/2024;16720000;16760000;15690000;15690000
04/24/2024;15760000;16380000;15580000;15970000
04/25/2024;16250000;17550000;15270000;15370000
04/26/2024;15490000;16060000;14920000;15030000
04/29/2024;15370000;15420000;14630000;14670000
04/30/2024;14820000;15900000;14670000;15650000
05/01/2024;15750000;16220000;14350000;15390000
05/02/2024;15140000;16090000;14600000;14680000
05/03/2024;14510000;14580000;13480000;13490000
05/06/2024;13980000;14020000;13440000;13490000
05/07/2024;13520000;13640000;13160000;13230000
05/08/2024;13240000;13510000;12940000;13000000
05/09/2024;13080000;13290000;12680000;12690000
05/10/2024;12770000;12960000;12500000;12550000
05/13/2024;13260000;13660000;13250000;13600000
05/14/2024;13710000;14030000;13270000;13420000
05/15/2024;13730000;13940000;12380000;12450000
05/16/2024;12520000;12670000;12330000;12420000
05/17/2024;12280000;12480000;11910000;11990000
05/20/2024;12270000;12590000;12070000;12150000
05/21/2024;12300000;12560000;11840000;11860000
05/22/2024;12050000;12810000;11780000;12290000
05/23/2024;11530000;13370000;11520000;12770000
05/24/2024;12860000;12890000;11890000;11930000
05/27/2024;12410000;12490000;12350000;12360000
05/28/2024;12510000;13440000;12360000;12920000
05/29/2024;13750000;14320000;13690000;14280000
05/30/2024;14820000;14880000;13670000;14470000
05/31/2024;14500000;14870000;12840000;12920000
06/03/2024;13080000;14310000;13000000;13110000
06/04/2024;13510000;14080000;13110000;13160000
06/05/2024;13140000;13250000;12600000;12630000
06/06/2024;12750000;12980000;12540000;12580000
06/07/2024;12690000;13080000;12110000;12220000
06/10/2024;13090000;13280000;12620000;12740000
06/11/2024;12850000;13470000;12780000;12850000
06/12/2024;13100000;13150000;11940000;12040000
06/13/2024;12050000;12680000;11880000;11940000
06/14/2024;12220000;13450000;12120000;12660000
06/17/2024;13070000;13290000;12500000;12750000
06/18/2024;12700000;12740000;12240000;12300000
06/19/2024;12320000;12550000;12320000;12480000
06/20/2024;12500000;13550000;12180000;13280000
06/21/2024;13220000;13780000;12990000;13200000
06/24/2024;13850000;13880000;13150000;13330000
06/25/2024;13480000;13520000;12840000;12840000
06/26/2024;12810000;13240000;12370000;12550000
06/27/2024;12690000;12770000;12210000;12240000
06/28/2024;12240000;12760000;11870000;12440000
07/01/2024;12980000;13260000;12100000;12220000
07/02/2024;12670000;12880000;11850000;12030000
07/03/2024;12130000;12230000;11950000;12090000
07/04/2024;12100000;12350000;12090000;12260000
07/05/2024;12370000;12610000;11840000;12480000
07/08/2024;12910000;12910000;12310000;12370000
07/09/2024;12480000;12610000;12350000;12510000
07/10/2024;12510000;12920000;12390000;12850000
07/11/2024;12880000;13330000;12230000;12920000
07/12/2024;12870000;12890000;12110000;12460000
07/15/2024;12780000;13260000;12750000;13120000
07/16/2024;13380000;13470000;12950000;13190000
07/17/2024;13600000;14880000;13540000;14480000
07/18/2024;14270000;16430000;14080000;15930000
07/19/2024;16440000;17190000;10620000;16520000
07/22/2024;16790000;16890000;14750000;14910000
07/23/2024;15210000;15350000;13900000;14720000
07/24/2024;15350000;18460000;15180000;18040000
07/25/2024;18410000;19360000;16420000;18460000
07/26/2024;17970000;18050000;16370000;16390000
07/29/2024;16590000;17210000;16230000;16600000
07/30/2024;16640000;18320000;16260000;17690000
07/31/2024;16660000;16770000;15710000;16360000
08/01/2024;16200000;19480000;15950000;18590000
08/02/2024;20520000;29660000;20010000;23390000
08/05/2024;23390000;65730000;23390000;38570000
08/06/2024;33710000;34770000;24020000;27710000
08/07/2024;24770000;29760000;21970000;27850000
08/08/2024;28340000;29470000;23360000;23790000
08/09/2024;23780000;24520000;20260000;20370000
08/12/2024;20790000;21190000;18890000;20710000
08/13/2024;20060000;20790000;17950000;18120000
08/14/2024;18410000;18490000;16120000;16190000
08/15/2024;16270000;16680000;14770000;15230000
08/16/2024;15290000;15760000;14650000;14800000
08/19/2024;15940000;16070000;14460000;14650000
08/20/2024;14890000;15930000;14780000;15880000
08/21/2024;16250000;17170000;15920000;16270000
08/22/2024;16270000;18060000;15760000;17550000
08/23/2024;17120000;17210000;15610000;15860000
08/26/2024;16270000;16670000;15810000;16150000
08/27/2024;16210000;16810000;15370000;15430000
08/28/2024;15510000;17890000;15460000;17110000
08/29/2024;16540000;16570000;15190000;15650000
08/30/2024;15670000;16040000;14780000;15000000
09/02/2024;15870000;15990000;15480000;15550000
09/03/2024;15760000;21990000;15710000;20720000
09/04/2024;23200000;23310000;19340000;21320000
09/05/2024;20750000;21530000;19210000;19900000
09/06/2024;21980000;23760000;18830000;22380000
09/09/2024;21320000;21410000;19290000;19450000
09/10/2024;19860000;20740000;18900000;19080000
09/11/2024;19410000;21410000;17550000;17690000
09/12/2024;17620000;18590000;16890000;17070000
09/13/2024;17030000;17180000;16230000;16560000
09/16/2024;17160000;17690000;16910000;17140000
09/17/2024;17160000;18080000;16670000;17610000
09/18/2024;17580000;19390000;17110000;18230000
09/19/2024;17210000;17270000;16210000;16330000
09/20/2024;16350000;16680000;15810000;16150000
09/23/2024;16710000;16950000;15750000;15890000
09/24/2024;15870000;16670000;15270000;15390000
09/25/2024;15820000;15820000;15170000;15410000
09/26/2024;15060000;15830000;14900000;15370000
09/27/2024;15640000;16970000;15200000;16960000
09/30/2024;17010000;17790000;16470000;16730000
10/01/2024;16960000;20730000;16610000;19260000
10/02/2024;19650000;20360000;18580000;18900000
10/03/2024;19630000;20750000;19160000;20490000
10/04/2024;20480000;20480000;18480000;19210000
10/07/2024;20760000;23030000;20650000;22640000
10/08/2024;22920000;23140000;21140000;21420000
10/09/2024;21980000;22010000;20710000;20860000
10/10/2024;20910000;21390000;20640000;20930000
10/11/2024;20870000;21160000;20140000;20460000
10/14/2024;20860000;20860000;19690000;19700000
10/15/2024;19610000;20890000;19440000;20640000
10/16/2024;20770000;21010000;19450000;19580000
10/17/2024;19550000;19650000;18880000;19110000
10/18/2024;19300000;19320000;17990000;18030000
10/21/2024;18780000;19340000;18360000;18370000
10/22/2024;18790000;19440000;18050000;18200000
10/23/2024;18210000;20470000;18180000;19240000
10/24/2024;18870000;20240000;18630000;19080000
10/25/2024;19220000;20510000;18230000;20330000
10/28/2024;19110000;19880000;18910000;19800000
10/29/2024;19750000;20530000;19060000;19340000
10/30/2024;19330000;20440000;19300000;20350000
10/31/2024;21440000;23420000;21120000;23160000
11/01/2024;22960000;23090000;21160000;21880000
11/04/2024;22500000;23070000;21730000;21980000
11/05/2024;21980000;22060000;20200000;20490000
11/06/2024;16060000;16820000;15440000;16270000
11/07/2024;15860000;15860000;15130000;15200000
11/08/2024;15130000;15330000;14660000;14940000
11/11/2024;15330000;15560000;14890000;14970000
11/12/2024;15090000;15370000;14690000;14710000
11/13/2024;15090000;15260000;13770000;14020000
11/14/2024;14170000;14320000;13590000;14310000
11/15/2024;15020000;17550000;14560000;16140000
11/18/2024;16600000;17000000;15350000;15580000
11/19/2024;15440000;17930000;15370000;16350000
11/20/2024;16190000;18790000;16040000;17160000
11/21/2024;17100000;17990000;15730000;16870000
11/22/2024;16670000;17560000;15240000;15240000
11/25/2024;15230000;15720000;14540000;14600000
11/26/2024;14950000;15030000;13880000;14100000
11/27/2024;14280000;15130000;13960000;14100000
11/28/2024;14070000;14070000;13870000;13900000
11/29/2024;14000000;14150000;13490000;13510000
12/02/2024;14080000;14100000;13300000;13340000
12/03/2024;13380000;13770000;13190000;13300000
12/04/2024;13160000;13610000;12890000;13450000
12/05/2024;13460000;13700000;13260000;13540000
12/06/2024;13620000;13740000;12700000;12770000
12/09/2024;13360000;14230000;13350000;14190000
12/10/2024;14300000;14540000;13860000;14180000
12/11/2024;14420000;14430000;13520000;13580000
12/12/2024;13730000;13950000;13390000;13920000
12/13/2024;13570000;14250000;13240000;13810000
12/16/2024;14370000;14690000;13990000;14690000
12/17/2024;14980000;15940000;14780000;15870000
12/18/2024;15570000;28320000;14820000;27620000
12/19/2024;21610000;24120000;20160000;24090000
12/20/2024;24140000;26510000;17820000;18360000
12/23/2024;18090000;20020000;16740000;16780000
12/24/2024;16970000;17040000;14270000;14270000
12/26/2024;14990000;15930000;14550000;14730000
12/27/2024;15380000;18450000;15290000;15950000
12/30/2024;17210000;19220000;16440000;17400000
12/31/2024;17390000;17810000;16680000;17350000
01/02/2025;17210000;19500000;16960000;17930000
01/03/2025;17660000;17940000;16110000;16130000
01/06/2025;16770000;16870000;15710000;16040000
01/07/2025;16480000;18900000;15790000;17820000
01/08/2025;17910000;19500000;17370000;17700000
01/09/2025;18510000;18520000;17950000;18070000
01/10/2025;18290000;20310000;18050000;19540000
01/13/2025;21180000;22040000;19150000;19190000
01/14/2025;18790000;19660000;18240000;18710000
01/15/2025;19080000;19140000;15960000;16120000
01/16/2025;15870000;16600000;15640000;16600000
01/17/2025;16190000;16230000;15530000;15970000
01/20/2025;16460000;16590000;15800000;15810000
01/21/2025;16290000;16290000;14930000;15060000
01/22/2025;14890000;15290000;14590000;15100000
01/23/2025;15280000;15390000;14590000;15020000
01/24/2025;15020000;15160000;14580000;14850000
01/27/2025;18830000;22510000;17570000;17900000
01/28/2025;18290000;18390000;16250000;16410000
01/29/2025;16420000;18080000;16170000;16560000
01/30/2025;15930000;16420000;15320000;15840000
01/31/2025;15450000;17090000;14900000;16430000
02/03/2025;20360000;20420000;17660000;18620000
02/04/2025;18780000;19110000;16780000;17210000
02/05/2025;17540000;17750000;15770000;15770000
02/06/2025;15880000;16150000;14990000;15500000
02/07/2025;15380000;16660000;14790000;16540000
02/10/2025;16580000;16610000;15700000;15810000
02/11/2025;16130000;16420000;15750000;16020000
02/12/2025;15910000;17180000;15640000;15890000
02/13/2025;15970000;16330000;14980000;15100000
02/14/2025;15080000;15420000;14740000;14770000
02/17/2025;15380000;15570000;15340000;15370000
02/18/2025;15570000;16030000;15350000;15350000
02/19/2025;15140000;15960000;15050000;15270000
02/20/2025;15610000;16630000;15120000;15660000
02/21/2025;15630000;19030000;15280000;18210000
02/24/2025;18080000;20240000;17310000;18980000
02/25/2025;19090000;21480000;18850000;19430000
02/26/2025;18960000;20060000;17830000;19100000
02/27/2025;18250000;21470000;17670000;21130000
02/28/2025;21210000;22400000;19050000;19630000
03/03/2025;19830000;24310000;19250000;22780000
03/04/2025;22960000;26350000;21710000;23510000
03/05/2025;23030000;24840000;21370000;21930000
03/06/2025;22600000;25920000;22390000;24870000
03/07/2025;24850000;26560000;23090000;23370000
03/10/2025;24700000;29560000;24680000;27860000
03/11/2025;27940000;29570000;26180000;26920000
03/12/2025;26880000;26910000;23890000;24230000
03/13/2025;24920000;26130000;23460000;24660000
03/14/2025;24350000;24360000;21480000;21770000
03/17/2025;22890000;22950000;20320000;20510000
03/18/2025;20830000;22570000;20410000;21700000
03/19/2025;21840000;22100000;19420000;19900000
03/20/2025;19520000;21170000;19300000;19800000
03/21/2025;20020000;21140000;19150000;19280000
03/24/2025;19130000;19140000;17460000;17480000
03/25/2025;17580000;17770000;17020000;17150000
03/26/2025;17230000;19070000;16970000;18330000
03/27/2025;18360000;19280000;17950000;18690000
03/28/2025;19080000;22180000;18920000;21650000
03/31/2025;24110000;24800000;21670000;22280000
04/01/2025;22060000;23520000;21580000;21770000
04/02/2025;22300000;23660000;20680000;21510000
04/03/2025;26380000;30020000;24930000;30020000
04/04/2025;30120000;45610000;29990000;45310000
04/07/2025;60130000;60130000;38580000;46980000
04/08/2025;44040000;57520000;36480000;52330000
04/09/2025;50980000;57960000;31900000;33620000
04/10/2025;34440000;54870000;34440000;40720000
04/11/2025;40800000;46120000;36850000;37560000
04/14/2025;34760000;35170000;29750000;30890000
04/15/2025;30010000;31450000;28290000;30120000
04/16/2025;33240000;34960000;29480000;32640000
04/17/2025;30790000;32550000;29570000;29650000
04/21/2025;32750000;35750000;31790000;33820000
04/22/2025;32610000;32680000;30080000;30570000
04/23/2025;28750000;30290000;27110000;28450000
04/24/2025;28690000;29660000;26360000;26470000
04/25/2025;26220000;27200000;24840000;24840000
04/28/2025;25750000;26930000;24700000;25150000
04/29/2025;24760000;25990000;23760000;24170000
04/30/2025;24350000;28170000;24230000;24700000
05/01/2025;23940000;25180000;23300000;24600000
05/02/2025;23630000;24320000;22340000;22680000
05/05/2025;24250000;24630000;22810000;23640000
05/06/2025;23970000;25110000;23900000;24760000
05/07/2025;24560000;25620000;23290000;23550000
05/08/2025;22840000;23610000;21880000;22480000
05/09/2025;22400000;22820000;21830000;21900000
05/12/2025;19840000;20440000;18140000;18390000
05/13/2025;18690000;18850000;17650000;18220000
05/14/2025;18100000;18820000;18060000;18620000
05/15/2025;19190000;19380000;17770000;17830000
05/16/2025;17960000;17960000;17150000;17240000
05/19/2025;19840000;19920000;17920000;18140000
05/20/2025;18460000;18680000;17700000;18090000
05/21/2025;18770000;21050000;17770000;20870000
05/22/2025;20620000;22070000;19640000;20280000
05/23/2025;20140000;25530000;19830000;22290000
05/26/2025;20750000;20830000;20300000;20570000
05/27/2025;20630000;21010000;18950000;18960000
05/28/2025;19210000;19430000;18680000;19310000
05/29/2025;18250000;20200000;18110000;19180000
05/30/2025;19610000;20550000;18570000;18570000
06/02/2025;19810000;20450000;18360000;18360000
06/03/2025;18830000;19210000;17640000;17690000
06/04/2025;17680000;18070000;17410000;17610000
06/05/2025;17680000;18800000;17080000;18480000
06/06/2025;18160000;18350000;16650000;16770000
06/09/2025;17690000;17720000;16820000;17160000
06/10/2025;17500000;17990000;16680000;16950000
06/11/2025;17040000;18090000;16230000;17260000
06/12/2025;17870000;18870000;17430000;18020000
06/13/2025;21760000;22000000;18880000;20820000
06/16/2025;19780000;20220000;18670000;19110000
06/17/2025;20530000;21790000;19550000;21600000
06/18/2025;20900000;21580000;19590000;20140000
06/19/2025;21510000;22750000;21180000;22170000
06/20/2025;20740000;21070000;19110000;20620000
06/23/2025;21150000;22510000;19820000;19830000
06/24/2025;18190000;18720000;17330000;17480000
06/25/2025;17280000;17510000;16680000;16760000
06/26/2025;16670000;16780000;16110000;16590000
06/27/2025;16310000;17290000;16120000;16320000
06/30/2025;17190000;17430000;16550000;16730000
07/01/2025;16980000;17480000;16510000;16830000
07/02/2025;16750000;17370000;16540000;16640000
07/03/2025;16650000;16830000;16140000;16380000
07/04/2025;16930000;17670000;16920000;17480000
07/07/2025;17830000;18500000;17510000;17790000
07/08/2025;17410000;17440000;16540000;16810000
07/09/2025;16760000;16760000;15760000;15940000
07/10/2025;16230000;16240000;15700000;15780000
07/11/2025;16410000;17240000;15980000;16400000
07/14/2025;17730000;17850000;16910000;17200000
07/15/2025;16890000;17390000;16560000;17380000
07/16/2025;17660000;19480000;16690000;17160000
07/17/2025;17160000;17370000;16480000;16520000
07/18/2025;16430000;16810000;16280000;16410000
07/21/2025;16870000;16990000;16300000;16650000
07/22/2025;16750000;17480000;16430000;16500000
07/23/2025;16230000;16320000;15320000;15370000
07/24/2025;15390000;15540000;14950000;15390000
07/25/2025;15330000;15390000;14920000;14930000
07/28/2025;15150000;15540000;15000000;15030000
07/29/2025;14950000;16120000;14700000;15980000
07/30/2025;15870000;17270000;15440000;15480000
07/31/2025;14990000;17170000;14740000;16720000
08/01/2025;17400000;21900000;17390000;20380000
08/04/2025;19560000;19580000;17480000;17520000
08/05/2025;17210000;18940000;17110000;17850000
08/06/2025;17220000;17880000;16560000;16770000
08/07/2025;16410000;17640000;15980000;16570000
08/08/2025;16480000;16520000;15150000;15150000
08/11/2025;15810000;16360000;15520000;16250000
08/12/2025;16090000;16560000;14660000;14730000
08/13/2025;14620000;14810000;14300000;14490000
08/14/2025;14660000;15390000;14570000;14830000
08/15/2025;14430000;15180000;14400000;15090000
08/18/2025;15730000;15950000;14950000;14990000
08/19/2025;15230000;15910000;14760000;15570000
08/20/2025;15950000;17190000;15570000;15690000
08/21/2025;15720000;17240000;15650000;16600000
08/22/2025;16810000;16830000;14210000;14220000
08/25/2025;15050000;15190000;14240000;14790000
08/26/2025;15750000;15750000;14620000;14620000
08/27/2025;14660000;15230000;14660000;14850000
08/28/2025;14420000;14690000;14120000;14430000
08/29/2025;14310000;15970000;14310000;15360000
09/01/2025;16170000;16790000;15080000;16120000
09/02/2025;16650000;19380000;16550000;17170000
09/03/2025;17400000;17570000;16340000;16350000
09/04/2025;16220000;16350000;15280000;15300000
09/05/2025;15230000;16920000;14740000;15180000
09/08/2025;15580000;15650000;14990000;15110000
09/09/2025;15020000;15820000;14970000;15040000
09/10/2025;14980000;15630000;14630000;15350000
09/11/2025;15190000;15240000;14650000;14710000
09/12/2025;14620000;14970000;14410000;14760000
09/15/2025;15140000;15840000;14920000;15690000
09/16/2025;15600000;16380000;15440000;16360000
09/17/2025;16420000;16750000;15260000;15720000
09/18/2025;14930000;15800000;14330000;15700000
09/19/2025;15760000;16130000;15290000;15450000
09/22/2025;16140000;16350000;15780000;16100000
09/23/2025;16100000;17070000;15950000;16640000
09/24/2025;16570000;17210000;16180000;16180000
09/25/2025;16550000;17740000;16320000;16740000
09/26/2025;16890000;17050000;15290000;15290000
09/29/2025;15840000;16290000;15740000;16120000
09/30/2025;16490000;16700000;16020000;16280000
10/01/2025;17280000;17280000;15980000;16290000
10/02/2025;16120000;16920000;15930000;16630000
10/03/2025;16350000;17060000;16200000;16650000
10/06/2025;16740000;17090000;16290000;16370000
10/07/2025;16580000;17550000;16190000;17240000
10/08/2025;17170000;17200000;16230000;16300000
10/09/2025;16310000;17270000;16260000;16430000
10/10/2025;16360000;22440000;16230000;21660000
10/13/2025;19450000;20770000;18610000;19030000
10/14/2025;21460000;22940000;19180000;20810000
10/15/2025;20020000;22440000;19110000;20640000
10/16/2025;20490000;25430000;19850000;25310000
10/17/2025;28410000;28990000;20730000;20780000
10/20/2025;20530000;21020000;18230000;18230000
10/21/2025;18650000;18890000;17400000;17870000
10/22/2025;17840000;21010000;17730000;18600000
10/23/2025;18360000;19350000;17080000;17300000
10/24/2025;17020000;17220000;16020000;16370000
10/27/2025;15730000;16070000;15620000;15790000
10/28/2025;15950000;16550000;15660000;16420000
10/29/2025;16340000;17580000;16260000;16920000
10/30/2025;16260000;17410000;15730000;16910000
10/31/2025;16430000;18540000;15960000;17440000
11/03/2025;18060000;18830000;17000000;17170000
11/04/2025;19730000;20480000;17900000;19000000
11/05/2025;19370000;20020000;17310000;18010000
11/06/2025;18360000;20310000;17640000;19500000
11/07/2025;19520000;22720000;19080000;19080000
11/10/2025;18580000;18820000;17600000;17600000
11/11/2025;17900000;18010000;17250000;17280000
11/12/2025;17210000;18060000;17100000;17510000
11/13/2025;17610000;21310000;17510000;20000000
11/14/2025;21330000;23030000;19560000;19830000
11/17/2025;19580000;23440000;19540000;22380000
11/18/2025;23540000;25840000;22910000;24690000
11/19/2025;24520000;24790000;21930000;23660000
11/20/2025;20780000;28270000;19280000;26420000
11/21/2025;25970000;27840000;22540000;23430000
11/24/2025;22690000;23680000;20410000;20520000
11/25/2025;20550000;21770000;18390000;18560000
11/26/2025;18250000;18700000;16930000;17190000
11/27/2025;17220000;17360000;17050000;17210000
11/28/2025;17410000;18520000;15780000;16350000
12/01/2025;18050000;18330000;16580000;17240000
12/02/2025;17280000;17310000;16390000;16590000
12/03/2025;16430000;17280000;15930000;16080000
12/04/2025;16230000;16630000;15680000;15780000
12/05/2025;15580000;16180000;15280000;15410000
12/08/2025;16150000;17090000;16100000;16660000
12/09/2025;16660000;17200000;16450000;16930000
12/10/2025;16940000;17660000;15560000;15770000
12/11/2025;16840000;16880000;14850000;14850000
12/12/2025;14990000;17850000;14850000;15740000
12/15/2025;16510000;17350000;15990000;16500000
12/16/2025;17280000;17610000;16190000;16480000
12/17/2025;16450000;18000000;15820000;17620000
12/18/2025;17610000;17680000;15930000;16870000
12/19/2025;16310000;16530000;14910000;14910000
12/22/2025;15160000;15260000;14030000;14080000
12/23/2025;14090000;14450000;13640000;14000000
12/24/2025;14090000;14160000;13380000;13470000
12/26/2025;14120000;14290000;13520000;13600000
12/29/2025;14690000;15080000;13990000;14200000
12/30/2025;14430000;14620000;14040000;14330000
12/31/2025;14770000;15170000;14380000;14950000
01/02/2026;14850000;15420000;14460000;14510000
01/05/2026;15140000;15270000;14650000;14900000
01/06/2026;15000000;15210000;14630000;14750000
01/07/2026;14950000;15480000;14830000;15380000
01/08/2026;15690000;15850000;15150000;15450000
01/09/2026;15680000;15810000;14430000;14490000
01/12/2026;16060000;16660000;15030000;15120000
01/13/2026;15360000;16500000;14750000;15980000
01/14/2026;16330000;18100000;16220000;16750000
01/15/2026;16520000;16540000;15300000;15840000
01/16/2026;15440000;16290000;15300000;15860000
01/19/2026;18630000;19590000;18280000;18840000
01/20/2026;19940000;20990000;18640000;20090000
01/21/2026;19310000;20810000;16670000;16900000
01/22/2026;16650000;16670000;15270000;15640000
01/23/2026;15680000;16210000;15300000;16090000
01/26/2026;16900000;17390000;15800000;16150000
01/27/2026;16020000;16370000;15740000;16350000
01/28/2026;16090000;17180000;16050000;16350000
01/29/2026;16040000;19740000;16020000;16880000
01/30/2026;18720000;19270000;16670000;17440000
02/02/2026;19950000;19960000;16080000;16340000
02/03/2026;16160000;20370000;16050000;18000000
02/04/2026;17630000;21240000;17470000;18640000
02/05/2026;19240000;23100000;19060000;21770000
02/06/2026;21240000;21490000;17270000;17760000
02/09/2026;17950000;19200000;16900000;17360000
02/10/2026;17470000;17970000;17140000;17790000
02/11/2026;17870000;18960000;16750000;17650000
02/12/2026;17440000;21210000;17080000;20820000
02/13/2026;21480000;22400000;18920000;20600000
02/16/2026;20730000;21620000;20370000;21200000
02/17/2026;21740000;22960000;19760000;20290000
02/18/2026;19780000;20340000;18480000;19620000
02/19/2026;19340000;21110000;19230000;20230000
02/20/2026;20040000;21210000;18760000;19090000
02/23/2026;20490000;22040000;19500000;21010000
02/24/2026;21240000;22080000;19230000;19550000
02/25/2026;19590000;19620000;17860000;17930000
02/26/2026;18070000;20540000;17500000;18630000
02/27/2026;19280000;21740000;18770000;19860000
03/02/2026;24660000;25240000;20370000;21440000
03/03/2026;24570000;28150000;22180000;23570000
03/04/2026;24390000;24870000;20400000;21150000
03/05/2026;22110000;25840000;20550000;23750000
03/06/2026;23200000;29930000;22920000;29490000
03/09/2026;35120000;35300000;24760000;25500000
03/10/2026;24390000;26010000;22190000;24930000
03/11/2026;24900000;26230000;23750000;24230000
03/12/2026;25480000;27330000;24600000;27290000
03/13/2026;27850000;28470000;24670000;27190000
03/16/2026;25880000;26420000;23230000;23510000
03/17/2026;24560000;24580000;21870000;22370000
03/18/2026;21510000;25130000;21470000;25090000
03/19/2026;25600000;27520000;23540000;24060000
03/20/2026;24460000;29280000;23680000;26780000
03/23/2026;30040000;31040000;20280000;26150000
03/24/2026;25910000;27940000;25640000;26950000
03/25/2026;25790000;26670000;24820000;25330000
03/26/2026;26490000;28490000;26120000;27440000
03/27/2026;27540000;31650000;27540000;31050000
03/30/2026;30790000;31520000;29330000;30610000
03/31/2026;29530000;29640000;25080000;25250000
04/01/2026;24300000;25350000;23500000;24540000
04/02/2026;26780000;27890000;23870000;23870000
04/06/2026;24930000;25300000;23780000;24170000
04/07/2026;25090000;28000000;24340000;25780000
04/08/2026;20970000;22170000;19910000;21040000
04/09/2026;21250000;21630000;19450000;19490000
04/10/2026;19710000;20280000;18830000;19230000
04/13/2026;21170000;21580000;18960000;19120000
04/14/2026;18730000;18760000;17890000;18360000
04/15/2026;18180000;18500000;17400000;18170000
04/16/2026;18040000;19090000;17760000;17940000
04/17/2026;18180000;18240000;16870000;17480000
04/20/2026;19580000;19990000;18770000;18870000
04/21/2026;19180000;20850000;18750000;19500000
04/22/2026;19030000;19540000;18680000;18920000
04/23/2026;19420000;21560000;18700000;19310000
04/24/2026;18890000;19350000;18460000;18710000
04/27/2026;19210000;19270000;18020000;18020000
04/28/2026;18300000;19430000;17780000;17830000
04/29/2026;17830000;19000000;17810000;18810000
04/30/2026;18680000;18730000;16870000;16890000
05/01/2026;17010000;17390000;16440000;16990000
05/04/2026;17380000;19080000;17150000;18290000
05/05/2026;17950000;18020000;17200000;17380000
05/06/2026;17150000;17460000;16180000;17390000
05/07/2026;17530000;17600000;16850000;17080000
05/08/2026;17370000;17530000;16820000;17190000
05/11/2026;18210000;18470000;17900000;18380000
05/12/2026;18770000;19100000;17920000;17990000
05/13/2026;17980000;18400000;17760000;17870000
05/14/2026;17860000;18080000;17200000;17260000
05/15/2026;18070000;19270000;17800000;18430000
05/18/2026;19250000;19440000;17700000;17820000
05/19/2026;18010000;18360000;17660000;18060000
05/20/2026;18170000;18180000;17130000;17440000
05/21/2026;17580000;17870000;16600000;16760000
05/22/2026;16830000;17390000;16460000;16700000
05/25/2026;16810000;16870000;16530000;16590000
05/26/2026;16920000;17230000;16560000;17010000
05/27/2026;17010000;17180000;16290000;16290000
05/28/2026;16760000;16850000;15610000;15740000
